codigo_proveedor,codigo_producto,lead_time_dias,precio_referencial,cantidad_minima_compra,multiplo_empaque,activo
PROV-002,SKU-000001,3,0.28,84,1,true
PROV-005,SKU-000002,5,0.44,56,1,true
PROV-001,SKU-000003,7,0.39,63,1,true
PROV-003,SKU-000004,10,0.66,35,1,true
PROV-004,SKU-000005,14,0.33,42,1,true
PROV-002,SKU-000006,3,0.25,56,1,true
PROV-005,SKU-000007,5,0.99,49,1,true
PROV-001,SKU-000008,7,4.68,42,1,true
PROV-003,SKU-000009,10,2.48,28,1,true
PROV-004,SKU-000010,14,1.21,21,1,true
PROV-002,SKU-000011,3,0.72,28,1,true
PROV-005,SKU-000012,5,0.33,56,1,true
PROV-001,SKU-000013,7,3.3,35,1,true
PROV-003,SKU-000014,10,0.39,49,1,true
PROV-004,SKU-000015,14,0.44,70,1,true
PROV-002,SKU-000016,3,0.83,42,1,true
PROV-005,SKU-000017,5,0.5,49,1,true
PROV-001,SKU-000018,7,0.5,63,1,true
PROV-003,SKU-000019,10,0.39,56,1,true
PROV-004,SKU-000020,14,0.61,49,1,true
PROV-002,SKU-000021,3,1.38,42,1,true
PROV-005,SKU-000022,5,9.9,28,1,true
PROV-001,SKU-000023,7,1.93,21,1,true
PROV-003,SKU-000024,10,4.12,35,1,true
PROV-004,SKU-000025,14,0.22,77,1,true
PROV-002,SKU-000026,3,0.33,56,1,true
PROV-005,SKU-000027,5,0.66,42,1,true
PROV-001,SKU-000028,7,0.44,35,1,true
PROV-003,SKU-000029,10,1.54,14,1,true
PROV-004,SKU-000030,14,1.21,21,1,true
