codigo_producto,codigo_botica,cantidad,numero_lote,fecha_vencimiento,codigo_proveedor,estrategia
SKU-028,BOT-001,0,INI-SKU-028-BOT-001,2028-12-31,PROV-001,reemplazar
SKU-028,BOT-002,89,INI-SKU-028-BOT-002,2028-12-31,PROV-001,reemplazar
SKU-028,BOT-005,134,INI-SKU-028-BOT-005,2028-12-31,PROV-001,reemplazar
SKU-028,BOT-004,90,INI-SKU-028-BOT-004,2028-12-31,PROV-001,reemplazar
SKU-028,BOT-003,105,INI-SKU-028-BOT-003,2028-12-31,PROV-001,reemplazar
SKU-004,BOT-001,225,INI-SKU-004-BOT-001,2028-12-31,PROV-003,reemplazar
SKU-004,BOT-002,259,INI-SKU-004-BOT-002,2028-12-31,PROV-003,reemplazar
SKU-004,BOT-005,191,INI-SKU-004-BOT-005,2028-12-31,PROV-003,reemplazar
SKU-004,BOT-004,94,INI-SKU-004-BOT-004,2028-12-31,PROV-003,reemplazar
SKU-004,BOT-003,163,INI-SKU-004-BOT-003,2028-12-31,PROV-003,reemplazar
SKU-009,BOT-001,0,INI-SKU-009-BOT-001,2028-12-31,PROV-003,reemplazar
SKU-009,BOT-002,22,INI-SKU-009-BOT-002,2028-12-31,PROV-003,reemplazar
SKU-009,BOT-005,161,INI-SKU-009-BOT-005,2028-12-31,PROV-003,reemplazar
SKU-009,BOT-004,88,INI-SKU-009-BOT-004,2028-12-31,PROV-003,reemplazar
SKU-009,BOT-003,128,INI-SKU-009-BOT-003,2028-12-31,PROV-003,reemplazar
SKU-008,BOT-001,178,INI-SKU-008-BOT-001,2028-12-31,PROV-001,reemplazar
SKU-008,BOT-002,166,INI-SKU-008-BOT-002,2028-12-31,PROV-001,reemplazar
SKU-008,BOT-005,0,INI-SKU-008-BOT-005,2028-12-31,PROV-001,reemplazar
SKU-008,BOT-004,129,INI-SKU-008-BOT-004,2028-12-31,PROV-001,reemplazar
SKU-008,BOT-003,0,INI-SKU-008-BOT-003,2028-12-31,PROV-001,reemplazar
SKU-025,BOT-001,391,INI-SKU-025-BOT-001,2028-12-31,PROV-004,reemplazar
SKU-025,BOT-002,309,INI-SKU-025-BOT-002,2028-12-31,PROV-004,reemplazar
SKU-025,BOT-005,0,INI-SKU-025-BOT-005,2028-12-31,PROV-004,reemplazar
SKU-025,BOT-004,0,INI-SKU-025-BOT-004,2028-12-31,PROV-004,reemplazar
SKU-025,BOT-003,202,INI-SKU-025-BOT-003,2028-12-31,PROV-004,reemplazar
SKU-024,BOT-001,70,INI-SKU-024-BOT-001,2028-12-31,PROV-003,reemplazar
SKU-024,BOT-002,59,INI-SKU-024-BOT-002,2028-12-31,PROV-003,reemplazar
SKU-024,BOT-005,0,INI-SKU-024-BOT-005,2028-12-31,PROV-003,reemplazar
SKU-024,BOT-004,190,INI-SKU-024-BOT-004,2028-12-31,PROV-003,reemplazar
SKU-024,BOT-003,171,INI-SKU-024-BOT-003,2028-12-31,PROV-003,reemplazar
SKU-030,BOT-001,111,INI-SKU-030-BOT-001,2028-12-31,PROV-004,reemplazar
SKU-030,BOT-002,78,INI-SKU-030-BOT-002,2028-12-31,PROV-004,reemplazar
SKU-030,BOT-005,53,INI-SKU-030-BOT-005,2028-12-31,PROV-004,reemplazar
SKU-030,BOT-004,0,INI-SKU-030-BOT-004,2028-12-31,PROV-004,reemplazar
SKU-030,BOT-003,0,INI-SKU-030-BOT-003,2028-12-31,PROV-004,reemplazar
SKU-016,BOT-001,177,INI-SKU-016-BOT-001,2028-12-31,PROV-002,reemplazar
SKU-016,BOT-002,329,INI-SKU-016-BOT-002,2028-12-31,PROV-002,reemplazar
SKU-016,BOT-005,149,INI-SKU-016-BOT-005,2028-12-31,PROV-002,reemplazar
SKU-016,BOT-004,48,INI-SKU-016-BOT-004,2028-12-31,PROV-002,reemplazar
SKU-016,BOT-003,179,INI-SKU-016-BOT-003,2028-12-31,PROV-002,reemplazar
SKU-023,BOT-001,0,INI-SKU-023-BOT-001,2028-12-31,PROV-001,reemplazar
SKU-023,BOT-002,63,INI-SKU-023-BOT-002,2028-12-31,PROV-001,reemplazar
SKU-023,BOT-005,118,INI-SKU-023-BOT-005,2028-12-31,PROV-001,reemplazar
SKU-023,BOT-004,74,INI-SKU-023-BOT-004,2028-12-31,PROV-001,reemplazar
SKU-023,BOT-003,31,INI-SKU-023-BOT-003,2028-12-31,PROV-001,reemplazar
SKU-022,BOT-001,131,INI-SKU-022-BOT-001,2028-12-31,PROV-005,reemplazar
SKU-022,BOT-002,101,INI-SKU-022-BOT-002,2028-12-31,PROV-005,reemplazar
SKU-022,BOT-005,210,INI-SKU-022-BOT-005,2028-12-31,PROV-005,reemplazar
SKU-022,BOT-004,89,INI-SKU-022-BOT-004,2028-12-31,PROV-005,reemplazar
SKU-022,BOT-003,158,INI-SKU-022-BOT-003,2028-12-31,PROV-005,reemplazar
SKU-002,BOT-001,79,INI-SKU-002-BOT-001,2028-12-31,PROV-005,reemplazar
SKU-002,BOT-002,149,INI-SKU-002-BOT-002,2028-12-31,PROV-005,reemplazar
SKU-002,BOT-005,234,INI-SKU-002-BOT-005,2028-12-31,PROV-005,reemplazar
SKU-002,BOT-004,119,INI-SKU-002-BOT-004,2028-12-31,PROV-005,reemplazar
SKU-002,BOT-003,231,INI-SKU-002-BOT-003,2028-12-31,PROV-005,reemplazar
SKU-019,BOT-001,366,INI-SKU-019-BOT-001,2028-12-31,PROV-003,reemplazar
SKU-019,BOT-002,194,INI-SKU-019-BOT-002,2028-12-31,PROV-003,reemplazar
SKU-019,BOT-005,169,INI-SKU-019-BOT-005,2028-12-31,PROV-003,reemplazar
SKU-019,BOT-004,65,INI-SKU-019-BOT-004,2028-12-31,PROV-003,reemplazar
SKU-019,BOT-003,17,INI-SKU-019-BOT-003,2028-12-31,PROV-003,reemplazar
SKU-012,BOT-001,293,INI-SKU-012-BOT-001,2028-12-31,PROV-005,reemplazar
SKU-012,BOT-002,271,INI-SKU-012-BOT-002,2028-12-31,PROV-005,reemplazar
SKU-012,BOT-005,145,INI-SKU-012-BOT-005,2028-12-31,PROV-005,reemplazar
SKU-012,BOT-004,421,INI-SKU-012-BOT-004,2028-12-31,PROV-005,reemplazar
SKU-012,BOT-003,31,INI-SKU-012-BOT-003,2028-12-31,PROV-005,reemplazar
SKU-010,BOT-001,65,INI-SKU-010-BOT-001,2028-12-31,PROV-004,reemplazar
SKU-010,BOT-002,65,INI-SKU-010-BOT-002,2028-12-31,PROV-004,reemplazar
SKU-010,BOT-005,0,INI-SKU-010-BOT-005,2028-12-31,PROV-004,reemplazar
SKU-010,BOT-004,67,INI-SKU-010-BOT-004,2028-12-31,PROV-004,reemplazar
SKU-010,BOT-003,107,INI-SKU-010-BOT-003,2028-12-31,PROV-004,reemplazar
SKU-006,BOT-001,210,INI-SKU-006-BOT-001,2028-12-31,PROV-002,reemplazar
SKU-006,BOT-002,308,INI-SKU-006-BOT-002,2028-12-31,PROV-002,reemplazar
SKU-006,BOT-005,61,INI-SKU-006-BOT-005,2028-12-31,PROV-002,reemplazar
SKU-006,BOT-004,270,INI-SKU-006-BOT-004,2028-12-31,PROV-002,reemplazar
SKU-006,BOT-003,252,INI-SKU-006-BOT-003,2028-12-31,PROV-002,reemplazar
SKU-027,BOT-001,241,INI-SKU-027-BOT-001,2028-12-31,PROV-005,reemplazar
SKU-027,BOT-002,34,INI-SKU-027-BOT-002,2028-12-31,PROV-005,reemplazar
SKU-027,BOT-005,89,INI-SKU-027-BOT-005,2028-12-31,PROV-005,reemplazar
SKU-027,BOT-004,52,INI-SKU-027-BOT-004,2028-12-31,PROV-005,reemplazar
SKU-027,BOT-003,69,INI-SKU-027-BOT-003,2028-12-31,PROV-005,reemplazar
SKU-003,BOT-001,298,INI-SKU-003-BOT-001,2028-12-31,PROV-001,reemplazar
SKU-003,BOT-002,422,INI-SKU-003-BOT-002,2028-12-31,PROV-001,reemplazar
SKU-003,BOT-005,233,INI-SKU-003-BOT-005,2028-12-31,PROV-001,reemplazar
SKU-003,BOT-004,125,INI-SKU-003-BOT-004,2028-12-31,PROV-001,reemplazar
SKU-003,BOT-003,135,INI-SKU-003-BOT-003,2028-12-31,PROV-001,reemplazar
SKU-007,BOT-001,90,INI-SKU-007-BOT-001,2028-12-31,PROV-005,reemplazar
SKU-007,BOT-002,276,INI-SKU-007-BOT-002,2028-12-31,PROV-005,reemplazar
SKU-007,BOT-005,103,INI-SKU-007-BOT-005,2028-12-31,PROV-005,reemplazar
SKU-007,BOT-004,231,INI-SKU-007-BOT-004,2028-12-31,PROV-005,reemplazar
SKU-007,BOT-003,169,INI-SKU-007-BOT-003,2028-12-31,PROV-005,reemplazar
SKU-014,BOT-001,73,INI-SKU-014-BOT-001,2028-12-31,PROV-003,reemplazar
SKU-014,BOT-002,243,INI-SKU-014-BOT-002,2028-12-31,PROV-003,reemplazar
SKU-014,BOT-005,105,INI-SKU-014-BOT-005,2028-12-31,PROV-003,reemplazar
SKU-014,BOT-004,66,INI-SKU-014-BOT-004,2028-12-31,PROV-003,reemplazar
SKU-014,BOT-003,88,INI-SKU-014-BOT-003,2028-12-31,PROV-003,reemplazar
SKU-013,BOT-001,76,INI-SKU-013-BOT-001,2028-12-31,PROV-001,reemplazar
SKU-013,BOT-002,80,INI-SKU-013-BOT-002,2028-12-31,PROV-001,reemplazar
SKU-013,BOT-005,109,INI-SKU-013-BOT-005,2028-12-31,PROV-001,reemplazar
SKU-013,BOT-004,45,INI-SKU-013-BOT-004,2028-12-31,PROV-001,reemplazar
SKU-013,BOT-003,46,INI-SKU-013-BOT-003,2028-12-31,PROV-001,reemplazar
SKU-018,BOT-001,54,INI-SKU-018-BOT-001,2028-12-31,PROV-001,reemplazar
SKU-018,BOT-002,138,INI-SKU-018-BOT-002,2028-12-31,PROV-001,reemplazar
SKU-018,BOT-005,353,INI-SKU-018-BOT-005,2028-12-31,PROV-001,reemplazar
SKU-018,BOT-004,66,INI-SKU-018-BOT-004,2028-12-31,PROV-001,reemplazar
SKU-018,BOT-003,112,INI-SKU-018-BOT-003,2028-12-31,PROV-001,reemplazar
SKU-015,BOT-001,350,INI-SKU-015-BOT-001,2028-12-31,PROV-004,reemplazar
SKU-015,BOT-002,506,INI-SKU-015-BOT-002,2028-12-31,PROV-004,reemplazar
SKU-015,BOT-005,316,INI-SKU-015-BOT-005,2028-12-31,PROV-004,reemplazar
SKU-015,BOT-004,443,INI-SKU-015-BOT-004,2028-12-31,PROV-004,reemplazar
SKU-015,BOT-003,114,INI-SKU-015-BOT-003,2028-12-31,PROV-004,reemplazar
SKU-005,BOT-001,309,INI-SKU-005-BOT-001,2028-12-31,PROV-004,reemplazar
SKU-005,BOT-002,0,INI-SKU-005-BOT-002,2028-12-31,PROV-004,reemplazar
SKU-005,BOT-005,148,INI-SKU-005-BOT-005,2028-12-31,PROV-004,reemplazar
SKU-005,BOT-004,199,INI-SKU-005-BOT-004,2028-12-31,PROV-004,reemplazar
SKU-005,BOT-003,253,INI-SKU-005-BOT-003,2028-12-31,PROV-004,reemplazar
SKU-020,BOT-001,236,INI-SKU-020-BOT-001,2028-12-31,PROV-004,reemplazar
SKU-020,BOT-002,262,INI-SKU-020-BOT-002,2028-12-31,PROV-004,reemplazar
SKU-020,BOT-005,135,INI-SKU-020-BOT-005,2028-12-31,PROV-004,reemplazar
SKU-020,BOT-004,117,INI-SKU-020-BOT-004,2028-12-31,PROV-004,reemplazar
SKU-020,BOT-003,0,INI-SKU-020-BOT-003,2028-12-31,PROV-004,reemplazar
SKU-011,BOT-001,43,INI-SKU-011-BOT-001,2028-12-31,PROV-002,reemplazar
SKU-011,BOT-002,75,INI-SKU-011-BOT-002,2028-12-31,PROV-002,reemplazar
SKU-011,BOT-005,152,INI-SKU-011-BOT-005,2028-12-31,PROV-002,reemplazar
SKU-011,BOT-004,113,INI-SKU-011-BOT-004,2028-12-31,PROV-002,reemplazar
SKU-011,BOT-003,48,INI-SKU-011-BOT-003,2028-12-31,PROV-002,reemplazar
SKU-026,BOT-001,249,INI-SKU-026-BOT-001,2028-12-31,PROV-002,reemplazar
SKU-026,BOT-002,320,INI-SKU-026-BOT-002,2028-12-31,PROV-002,reemplazar
SKU-026,BOT-005,167,INI-SKU-026-BOT-005,2028-12-31,PROV-002,reemplazar
SKU-026,BOT-004,163,INI-SKU-026-BOT-004,2028-12-31,PROV-002,reemplazar
SKU-026,BOT-003,169,INI-SKU-026-BOT-003,2028-12-31,PROV-002,reemplazar
SKU-021,BOT-001,175,INI-SKU-021-BOT-001,2028-12-31,PROV-002,reemplazar
SKU-021,BOT-002,120,INI-SKU-021-BOT-002,2028-12-31,PROV-002,reemplazar
SKU-021,BOT-005,286,INI-SKU-021-BOT-005,2028-12-31,PROV-002,reemplazar
SKU-021,BOT-004,202,INI-SKU-021-BOT-004,2028-12-31,PROV-002,reemplazar
SKU-021,BOT-003,316,INI-SKU-021-BOT-003,2028-12-31,PROV-002,reemplazar
SKU-017,BOT-001,114,INI-SKU-017-BOT-001,2028-12-31,PROV-005,reemplazar
SKU-017,BOT-002,213,INI-SKU-017-BOT-002,2028-12-31,PROV-005,reemplazar
SKU-017,BOT-005,128,INI-SKU-017-BOT-005,2028-12-31,PROV-005,reemplazar
SKU-017,BOT-004,336,INI-SKU-017-BOT-004,2028-12-31,PROV-005,reemplazar
SKU-017,BOT-003,263,INI-SKU-017-BOT-003,2028-12-31,PROV-005,reemplazar
SKU-001,BOT-001,400,INI-SKU-001-BOT-001,2028-12-31,PROV-002,reemplazar
SKU-001,BOT-002,480,INI-SKU-001-BOT-002,2028-12-31,PROV-002,reemplazar
SKU-001,BOT-005,209,INI-SKU-001-BOT-005,2028-12-31,PROV-002,reemplazar
SKU-001,BOT-004,684,INI-SKU-001-BOT-004,2028-12-31,PROV-002,reemplazar
SKU-001,BOT-003,70,INI-SKU-001-BOT-003,2028-12-31,PROV-002,reemplazar
SKU-029,BOT-001,33,INI-SKU-029-BOT-001,2028-12-31,PROV-003,reemplazar
SKU-029,BOT-002,31,INI-SKU-029-BOT-002,2028-12-31,PROV-003,reemplazar
SKU-029,BOT-005,20,INI-SKU-029-BOT-005,2028-12-31,PROV-003,reemplazar
SKU-029,BOT-004,63,INI-SKU-029-BOT-004,2028-12-31,PROV-003,reemplazar
SKU-029,BOT-003,71,INI-SKU-029-BOT-003,2028-12-31,PROV-003,reemplazar
