producto_id,codigo_producto,nombre_comercial,categoria_terapeutica,demanda_total,demanda_promedio,demanda_std,registros,coef_variacion
d3961f5a-3ea7-53d3-89f4-78b65b0c0c6b,SKU-000001,Paracetamol 500mg,Analgésico,82016,133.35934959349592,43.589131115082054,615,0.32685470683495255
38adf7ba-476e-5e6b-9163-781a13538253,SKU-000012,Loratadina 10mg,Antihistamínico,61140,99.41463414634147,39.92670949088894,615,0.4016180297169888
0ec23038-d3ab-588c-bbd6-1f5c744cdde1,SKU-000025,Vitamina C 500mg,Vitamina,54954,89.35609756097561,47.44029360215709,615,0.5309127736893877
6d807393-f4ab-5f76-b544-251eeda27ba3,SKU-000003,Ibuprofeno 400mg,Antiinflamatorio,51588,83.8829268292683,24.29345465969084,615,0.28961143319589566
2933d8b7-2438-521b-b38d-d3a5224f87fc,SKU-000002,Paracetamol 1g,Analgésico,49689,80.79512195121951,24.898169986447368,615,0.30816427260893015
5bbfdec8-65ae-59e6-b211-5eccb5b765fa,SKU-000006,Dipirona 500mg,Analgésico,47757,77.65365853658537,22.96673806704416,615,0.29575860944431515
97d26d91-c562-5f27-9ebd-285e89c8f4bf,SKU-000018,Metformina 850mg,Antidiabético,45539,74.04715447154472,16.912672451353863,615,0.22840408347971247
82cd11ba-d1a0-58b1-b14f-edd741f36e87,SKU-000007,Amoxicilina 500mg,Antibiótico,44062,71.64552845528455,26.783567486459194,615,0.37383446062757947
cd81184b-b6f1-563c-b463-36a69ddfb598,SKU-000026,Complejo B,Vitamina,43875,71.34146341463415,17.680769134951806,615,0.2478330032591535
983871db-adfb-543e-b438-6b00044ffb64,SKU-000015,Omeprazol 20mg,Antiulceroso,43083,70.05365853658536,30.28161064794444,615,0.4322630863330277
87b859e0-789a-56e6-b1ba-4fe76221d3bf,SKU-000014,Cetirizina 10mg,Antihistamínico,41117,66.8569105691057,30.53490041795347,615,0.4567201828207647
d2f08f15-f9f2-5f65-a740-b05896774467,SKU-000017,Ranitidina 150mg,Antiulceroso,38893,63.240650406504066,14.394759256021738,615,0.22761877310707243
2eb3a104-e572-583a-afa0-156ee0dc4cce,SKU-000019,Enalapril 10mg,Antihipertensivo,37449,60.892682926829266,18.121419878843927,615,0.2975960165956104
07371b94-955f-52a4-9bf9-f0a6ad2b4fa8,SKU-000008,Amoxicilina jarabe,Antibiótico,35892,58.360975609756096,25.96269760250423,615,0.44486400940432697
94e18241-54bd-5516-b36f-94ab6e323aca,SKU-000013,Loratadina jarabe,Antihistamínico,33209,53.99837398373984,22.080656057839384,615,0.4089133510666151
2082733c-4e17-51fe-bc8c-bf33d3ec5d7e,SKU-000016,Omeprazol 40mg,Antiulceroso,30801,50.082926829268295,11.87480640896253,615,0.23710288437102545
6baabed2-52d7-5cb7-bf74-86c7cb3e4f07,SKU-000027,Calcio + Vit D,Suplemento,30645,49.829268292682926,11.37236730250483,615,0.22822665658477634
d0ae6d2d-e561-56b3-a2c1-113c1c56ae81,SKU-000021,Atorvastatina 20mg,Hipolipemiante,30463,49.53333333333333,11.561552217809032,615,0.2334095333339643
afe9d181-1c64-5cca-b4b7-a9fa24eceeea,SKU-000020,Losartán 50mg,Antihipertensivo,29726,48.3349593495935,20.30440166548769,615,0.420076936832232
9928e9a1-d9fc-5fdd-86c2-8909352fd7fe,SKU-000005,Diclofenaco 50mg,Antiinflamatorio,27623,44.91544715447154,22.33158479740233,615,0.4971916392282675
1ca3438e-9e23-58f0-a35f-f15f7a23beb9,SKU-000024,Clotrimazol crema,Antifúngico,26551,43.172357723577235,18.194467520124928,615,0.4214378940483157
042e2e80-f954-5df4-97be-29dd428cc598,SKU-000004,Ibuprofeno 600mg,Antiinflamatorio,25470,41.41463414634146,16.663623037150085,615,0.40236074471328237
012857cc-907f-5e7d-b8fb-796d2c9f1621,SKU-000028,Sulfato Ferroso,Suplemento,25006,40.66016260162602,9.736092058565696,615,0.23945039654554515
2897aac2-f219-5167-b800-73fac27f6b85,SKU-000022,Salbutamol inhalador,Broncodilatador,24492,39.82439024390244,18.779755288804925,615,0.47156416391536127
c0cf5e5c-b5c9-585a-8e79-d9830bc954f6,SKU-000011,Metronidazol 500mg,Antibiótico,23540,38.27642276422764,11.41496019146676,615,0.2982243210599855
058c6382-bde2-59d1-93ff-20c6161a4736,SKU-000009,Azitromicina 500mg,Antibiótico,20817,33.84878048780488,14.92298014668151,615,0.44087201759183015
22231140-3780-5fe8-a7d4-d33f61d15111,SKU-000023,Dexametasona 4mg,Corticosteroide,16353,26.590243902439024,9.958279538837996,615,0.37450877003518424
4d9429b6-2ebf-5b5d-ac48-f779d5a1e270,SKU-000010,Ciprofloxacino 500mg,Antibiótico,14083,22.899186991869918,11.245972829213159,615,0.4911079521384714
1e9605fd-5682-52b6-8f05-e8a92dd44513,SKU-000030,Betahistina 16mg,Antivertiginoso,12086,19.652032520325204,8.521627492031504,615,0.4336257577030759
d9506935-1215-5499-93c0-8bdd86ab9418,SKU-000029,Tramadol 50mg,Analgésico,8985,14.609756097560975,5.364611612969228,615,0.3671937831915499
