producto_id,botica_id,codigo_producto,nombre_comercial,demanda_total,demanda_promedio,demanda_std,semanas,coef_variacion,tipo_representativa,adf_p_value,adf_estacionaria_5pct
d3961f5a-3ea7-53d3-89f4-78b65b0c0c6b,43616d97-2221-569d-82eb-bcc14bcd6344,SKU-000001,Paracetamol 500mg,17749,144.3008130081301,45.282344650410025,123,0.3138051942081488,alta,0.1656185919350483,False
d3961f5a-3ea7-53d3-89f4-78b65b0c0c6b,26f7241d-a84e-5e4a-a43d-33eea1e54eea,SKU-000001,Paracetamol 500mg,17467,142.0081300813008,42.16604490814919,123,0.2969269779413952,,,
d3961f5a-3ea7-53d3-89f4-78b65b0c0c6b,8ecedccf-c230-516b-bbc2-108f7a6fbe63,SKU-000001,Paracetamol 500mg,17028,138.4390243902439,43.814838855785126,123,0.3164919649554599,,,
d3961f5a-3ea7-53d3-89f4-78b65b0c0c6b,7fb983e8-6848-5425-97a2-14da72722d0f,SKU-000001,Paracetamol 500mg,15535,126.30081300813008,41.774557901409196,123,0.33075446552129584,,,
d3961f5a-3ea7-53d3-89f4-78b65b0c0c6b,d6f21f11-7533-52dd-a4dc-2fb8e260c02c,SKU-000001,Paracetamol 500mg,14237,115.7479674796748,38.52242129664632,123,0.3328129394877781,,,
38adf7ba-476e-5e6b-9163-781a13538253,26f7241d-a84e-5e4a-a43d-33eea1e54eea,SKU-000012,Loratadina 10mg,13569,110.3170731707317,44.06521193457335,123,0.39944145242483026,,,
38adf7ba-476e-5e6b-9163-781a13538253,43616d97-2221-569d-82eb-bcc14bcd6344,SKU-000012,Loratadina 10mg,12823,104.2520325203252,43.340548820527275,123,0.4157285740407748,,,
38adf7ba-476e-5e6b-9163-781a13538253,8ecedccf-c230-516b-bbc2-108f7a6fbe63,SKU-000012,Loratadina 10mg,11979,97.39024390243902,36.22055257210398,123,0.3719115090048243,,,
0ec23038-d3ab-588c-bbd6-1f5c744cdde1,26f7241d-a84e-5e4a-a43d-33eea1e54eea,SKU-000025,Vitamina C 500mg,11886,96.63414634146342,54.024018382337395,123,0.5590572321241376,,,
38adf7ba-476e-5e6b-9163-781a13538253,7fb983e8-6848-5425-97a2-14da72722d0f,SKU-000012,Loratadina 10mg,11565,94.02439024390245,37.49939090535592,123,0.3988262067755104,,,
0ec23038-d3ab-588c-bbd6-1f5c744cdde1,43616d97-2221-569d-82eb-bcc14bcd6344,SKU-000025,Vitamina C 500mg,11465,93.21138211382114,51.22023358402392,123,0.5495062128944563,,,
6d807393-f4ab-5f76-b544-251eeda27ba3,26f7241d-a84e-5e4a-a43d-33eea1e54eea,SKU-000003,Ibuprofeno 400mg,11421,92.85365853658537,25.766506066326755,123,0.2774958625477796,,,
2933d8b7-2438-521b-b38d-d3a5224f87fc,26f7241d-a84e-5e4a-a43d-33eea1e54eea,SKU-000002,Paracetamol 1g,11343,92.21951219512195,26.39222953992263,123,0.28618921214938586,,,
38adf7ba-476e-5e6b-9163-781a13538253,d6f21f11-7533-52dd-a4dc-2fb8e260c02c,SKU-000012,Loratadina 10mg,11204,91.08943089430895,35.18476014405634,123,0.3862661101141494,,,
0ec23038-d3ab-588c-bbd6-1f5c744cdde1,8ecedccf-c230-516b-bbc2-108f7a6fbe63,SKU-000025,Vitamina C 500mg,11025,89.63414634146342,45.682487280601784,123,0.509654960137326,,,
0ec23038-d3ab-588c-bbd6-1f5c744cdde1,7fb983e8-6848-5425-97a2-14da72722d0f,SKU-000025,Vitamina C 500mg,10778,87.6260162601626,45.36236585143106,123,0.5176814807687902,,,
5bbfdec8-65ae-59e6-b211-5eccb5b765fa,26f7241d-a84e-5e4a-a43d-33eea1e54eea,SKU-000006,Dipirona 500mg,10703,87.01626016260163,25.41620231264565,123,0.2920856661174825,,,
6d807393-f4ab-5f76-b544-251eeda27ba3,43616d97-2221-569d-82eb-bcc14bcd6344,SKU-000003,Ibuprofeno 400mg,10632,86.4390243902439,24.07711189227584,123,0.27854446602237853,,,
6d807393-f4ab-5f76-b544-251eeda27ba3,8ecedccf-c230-516b-bbc2-108f7a6fbe63,SKU-000003,Ibuprofeno 400mg,10400,84.55284552845528,25.3089769766992,123,0.29932732385903865,,,
97d26d91-c562-5f27-9ebd-285e89c8f4bf,26f7241d-a84e-5e4a-a43d-33eea1e54eea,SKU-000018,Metformina 850mg,10245,83.29268292682927,17.977094582499948,123,0.21583041812078999,,,
2933d8b7-2438-521b-b38d-d3a5224f87fc,43616d97-2221-569d-82eb-bcc14bcd6344,SKU-000002,Paracetamol 1g,10131,82.36585365853658,25.179118427738498,123,0.3056985062295761,,,
6d807393-f4ab-5f76-b544-251eeda27ba3,7fb983e8-6848-5425-97a2-14da72722d0f,SKU-000003,Ibuprofeno 400mg,9974,81.08943089430895,23.42655356574129,123,0.2888977429903929,,,
5bbfdec8-65ae-59e6-b211-5eccb5b765fa,43616d97-2221-569d-82eb-bcc14bcd6344,SKU-000006,Dipirona 500mg,9862,80.17886178861788,22.8892674829705,123,0.2854775806535562,,,
cd81184b-b6f1-563c-b463-36a69ddfb598,26f7241d-a84e-5e4a-a43d-33eea1e54eea,SKU-000026,Complejo B,9844,80.03252032520325,15.904394154822763,123,0.1987241447626168,,,
0ec23038-d3ab-588c-bbd6-1f5c744cdde1,d6f21f11-7533-52dd-a4dc-2fb8e260c02c,SKU-000025,Vitamina C 500mg,9800,79.67479674796748,38.39238652644629,123,0.48186362681151973,,,
2933d8b7-2438-521b-b38d-d3a5224f87fc,8ecedccf-c230-516b-bbc2-108f7a6fbe63,SKU-000002,Paracetamol 1g,9778,79.4959349593496,24.080593500576295,123,0.3029160360575664,,,
5bbfdec8-65ae-59e6-b211-5eccb5b765fa,8ecedccf-c230-516b-bbc2-108f7a6fbe63,SKU-000006,Dipirona 500mg,9760,79.34959349593495,21.878945542007312,123,0.2757285145150512,,,
82cd11ba-d1a0-58b1-b14f-edd741f36e87,26f7241d-a84e-5e4a-a43d-33eea1e54eea,SKU-000007,Amoxicilina 500mg,9742,79.20325203252033,26.455641609005735,123,0.3340221636119591,,,
2933d8b7-2438-521b-b38d-d3a5224f87fc,7fb983e8-6848-5425-97a2-14da72722d0f,SKU-000002,Paracetamol 1g,9637,78.34959349593495,22.777967403035056,123,0.29072221547922716,,,
983871db-adfb-543e-b438-6b00044ffb64,26f7241d-a84e-5e4a-a43d-33eea1e54eea,SKU-000015,Omeprazol 20mg,9339,75.92682926829268,35.22205222321486,123,0.4638946807426307,,,
97d26d91-c562-5f27-9ebd-285e89c8f4bf,43616d97-2221-569d-82eb-bcc14bcd6344,SKU-000018,Metformina 850mg,9235,75.08130081300813,17.43446440570195,123,0.23220780962656629,,,
6d807393-f4ab-5f76-b544-251eeda27ba3,d6f21f11-7533-52dd-a4dc-2fb8e260c02c,SKU-000003,Ibuprofeno 400mg,9161,74.47967479674797,18.76312637512165,123,0.25192277525815554,,,
97d26d91-c562-5f27-9ebd-285e89c8f4bf,8ecedccf-c230-516b-bbc2-108f7a6fbe63,SKU-000018,Metformina 850mg,9132,74.2439024390244,15.363540758762008,123,0.20693336764429773,,,
cd81184b-b6f1-563c-b463-36a69ddfb598,43616d97-2221-569d-82eb-bcc14bcd6344,SKU-000026,Complejo B,9074,73.77235772357723,18.567913893671204,123,0.25169202214255654,,,
82cd11ba-d1a0-58b1-b14f-edd741f36e87,8ecedccf-c230-516b-bbc2-108f7a6fbe63,SKU-000007,Amoxicilina 500mg,9038,73.47967479674797,28.23651559608817,123,0.3842765455099408,,,
82cd11ba-d1a0-58b1-b14f-edd741f36e87,43616d97-2221-569d-82eb-bcc14bcd6344,SKU-000007,Amoxicilina 500mg,8959,72.83739837398375,26.67699137057811,123,0.3662540393549623,,,
5bbfdec8-65ae-59e6-b211-5eccb5b765fa,7fb983e8-6848-5425-97a2-14da72722d0f,SKU-000006,Dipirona 500mg,8932,72.6178861788618,21.032574394473674,123,0.2896335255844449,,,
87b859e0-789a-56e6-b1ba-4fe76221d3bf,26f7241d-a84e-5e4a-a43d-33eea1e54eea,SKU-000014,Cetirizina 10mg,8894,72.3089430894309,33.886050633886335,123,0.4686287641070406,,,
983871db-adfb-543e-b438-6b00044ffb64,43616d97-2221-569d-82eb-bcc14bcd6344,SKU-000015,Omeprazol 20mg,8837,71.84552845528455,31.96592256217912,123,0.4449257072703442,,,
97d26d91-c562-5f27-9ebd-285e89c8f4bf,7fb983e8-6848-5425-97a2-14da72722d0f,SKU-000018,Metformina 850mg,8819,71.69918699186992,15.460120542947017,123,0.21562476774945946,,,
cd81184b-b6f1-563c-b463-36a69ddfb598,8ecedccf-c230-516b-bbc2-108f7a6fbe63,SKU-000026,Complejo B,8806,71.59349593495935,17.0552801296611,123,0.23822387644200718,,,
2933d8b7-2438-521b-b38d-d3a5224f87fc,d6f21f11-7533-52dd-a4dc-2fb8e260c02c,SKU-000002,Paracetamol 1g,8800,71.54471544715447,21.508005384393208,123,0.30062325707731413,,,
d2f08f15-f9f2-5f65-a740-b05896774467,26f7241d-a84e-5e4a-a43d-33eea1e54eea,SKU-000017,Ranitidina 150mg,8656,70.3739837398374,15.527552652520061,123,0.22064336601894263,,,
cd81184b-b6f1-563c-b463-36a69ddfb598,7fb983e8-6848-5425-97a2-14da72722d0f,SKU-000026,Complejo B,8581,69.76422764227642,17.632905761306002,123,0.2527499602191631,,,
983871db-adfb-543e-b438-6b00044ffb64,8ecedccf-c230-516b-bbc2-108f7a6fbe63,SKU-000015,Omeprazol 20mg,8510,69.1869918699187,31.192777010043432,123,0.4508474232943998,,,
5bbfdec8-65ae-59e6-b211-5eccb5b765fa,d6f21f11-7533-52dd-a4dc-2fb8e260c02c,SKU-000006,Dipirona 500mg,8500,69.10569105691057,19.150744970370347,123,0.27712254486535914,,,
82cd11ba-d1a0-58b1-b14f-edd741f36e87,7fb983e8-6848-5425-97a2-14da72722d0f,SKU-000007,Amoxicilina 500mg,8461,68.78861788617886,24.176689773456832,123,0.35146351993088176,,,
983871db-adfb-543e-b438-6b00044ffb64,7fb983e8-6848-5425-97a2-14da72722d0f,SKU-000015,Omeprazol 20mg,8413,68.39837398373983,28.011631026133333,123,0.40953650495832644,,,
87b859e0-789a-56e6-b1ba-4fe76221d3bf,43616d97-2221-569d-82eb-bcc14bcd6344,SKU-000014,Cetirizina 10mg,8386,68.17886178861788,32.76544374202628,123,0.48058067973637403,,,
2eb3a104-e572-583a-afa0-156ee0dc4cce,26f7241d-a84e-5e4a-a43d-33eea1e54eea,SKU-000019,Enalapril 10mg,8206,66.71544715447155,19.823615791174902,123,0.29713681968249,,,
97d26d91-c562-5f27-9ebd-285e89c8f4bf,d6f21f11-7533-52dd-a4dc-2fb8e260c02c,SKU-000018,Metformina 850mg,8108,65.91869918699187,13.33834205536127,123,0.20234534691778935,,,
87b859e0-789a-56e6-b1ba-4fe76221d3bf,8ecedccf-c230-516b-bbc2-108f7a6fbe63,SKU-000014,Cetirizina 10mg,8088,65.7560975609756,30.495455577440545,123,0.4637662012889697,,,
87b859e0-789a-56e6-b1ba-4fe76221d3bf,7fb983e8-6848-5425-97a2-14da72722d0f,SKU-000014,Cetirizina 10mg,8048,65.4308943089431,27.41606603914042,123,0.41900796754650493,,,
983871db-adfb-543e-b438-6b00044ffb64,d6f21f11-7533-52dd-a4dc-2fb8e260c02c,SKU-000015,Omeprazol 20mg,7984,64.91056910569105,22.949698426562936,123,0.35355873076994504,,,
d2f08f15-f9f2-5f65-a740-b05896774467,43616d97-2221-569d-82eb-bcc14bcd6344,SKU-000017,Ranitidina 150mg,7976,64.84552845528455,13.851692516768544,123,0.21361060425809064,,,
d2f08f15-f9f2-5f65-a740-b05896774467,8ecedccf-c230-516b-bbc2-108f7a6fbe63,SKU-000017,Ranitidina 150mg,7941,64.5609756097561,14.07307995316778,123,0.21798121574608195,,,
07371b94-955f-52a4-9bf9-f0a6ad2b4fa8,26f7241d-a84e-5e4a-a43d-33eea1e54eea,SKU-000008,Amoxicilina jarabe,7884,64.09756097560975,27.23378285197685,123,0.42488017387026294,,,
82cd11ba-d1a0-58b1-b14f-edd741f36e87,d6f21f11-7533-52dd-a4dc-2fb8e260c02c,SKU-000007,Amoxicilina 500mg,7862,63.91869918699187,26.19366507568756,123,0.4097965917463202,,,
2eb3a104-e572-583a-afa0-156ee0dc4cce,43616d97-2221-569d-82eb-bcc14bcd6344,SKU-000019,Enalapril 10mg,7733,62.86991869918699,18.319996845511888,123,0.2913952685888998,,,
87b859e0-789a-56e6-b1ba-4fe76221d3bf,d6f21f11-7533-52dd-a4dc-2fb8e260c02c,SKU-000014,Cetirizina 10mg,7701,62.609756097560975,27.12618786289018,123,0.4332581622043231,,,
cd81184b-b6f1-563c-b463-36a69ddfb598,d6f21f11-7533-52dd-a4dc-2fb8e260c02c,SKU-000026,Complejo B,7570,61.54471544715447,13.868381323468151,123,0.22533829627299637,,,
07371b94-955f-52a4-9bf9-f0a6ad2b4fa8,43616d97-2221-569d-82eb-bcc14bcd6344,SKU-000008,Amoxicilina jarabe,7511,61.0650406504065,28.463879854137826,123,0.46612398110224373,,,
2eb3a104-e572-583a-afa0-156ee0dc4cce,8ecedccf-c230-516b-bbc2-108f7a6fbe63,SKU-000019,Enalapril 10mg,7498,60.959349593495936,20.193489607403748,123,0.33126156597901585,,,
94e18241-54bd-5516-b36f-94ab6e323aca,26f7241d-a84e-5e4a-a43d-33eea1e54eea,SKU-000013,Loratadina jarabe,7437,60.46341463414634,25.775605662352444,123,0.42630086008731355,,,
2eb3a104-e572-583a-afa0-156ee0dc4cce,7fb983e8-6848-5425-97a2-14da72722d0f,SKU-000019,Enalapril 10mg,7381,60.00813008130081,16.53783339376683,123,0.27559321330894465,,,
d2f08f15-f9f2-5f65-a740-b05896774467,7fb983e8-6848-5425-97a2-14da72722d0f,SKU-000017,Ranitidina 150mg,7324,59.54471544715447,12.593422712475247,123,0.21149522032147125,,,
07371b94-955f-52a4-9bf9-f0a6ad2b4fa8,7fb983e8-6848-5425-97a2-14da72722d0f,SKU-000008,Amoxicilina jarabe,7127,57.94308943089431,26.701845215605733,123,0.46082881458110075,,,
07371b94-955f-52a4-9bf9-f0a6ad2b4fa8,8ecedccf-c230-516b-bbc2-108f7a6fbe63,SKU-000008,Amoxicilina jarabe,7079,57.552845528455286,23.038529115458125,123,0.40030217279295793,,,
d2f08f15-f9f2-5f65-a740-b05896774467,d6f21f11-7533-52dd-a4dc-2fb8e260c02c,SKU-000017,Ranitidina 150mg,6996,56.8780487804878,11.957291050914897,123,0.21022681521762898,,,
94e18241-54bd-5516-b36f-94ab6e323aca,43616d97-2221-569d-82eb-bcc14bcd6344,SKU-000013,Loratadina jarabe,6848,55.67479674796748,20.65028715513412,123,0.3709090712735831,,,
2082733c-4e17-51fe-bc8c-bf33d3ec5d7e,26f7241d-a84e-5e4a-a43d-33eea1e54eea,SKU-000016,Omeprazol 40mg,6836,55.577235772357724,11.785659617699963,123,0.21205911834071028,,,
d0ae6d2d-e561-56b3-a2c1-113c1c56ae81,26f7241d-a84e-5e4a-a43d-33eea1e54eea,SKU-000021,Atorvastatina 20mg,6787,55.17886178861789,10.542678696787258,123,0.19106372177763853,,,
6baabed2-52d7-5cb7-bf74-86c7cb3e4f07,26f7241d-a84e-5e4a-a43d-33eea1e54eea,SKU-000027,Calcio + Vit D,6744,54.829268292682926,12.641790777037082,123,0.2305664687982742,,,
2eb3a104-e572-583a-afa0-156ee0dc4cce,d6f21f11-7533-52dd-a4dc-2fb8e260c02c,SKU-000019,Enalapril 10mg,6631,53.91056910569106,12.440025387461114,123,0.23075299693224505,,,
d0ae6d2d-e561-56b3-a2c1-113c1c56ae81,43616d97-2221-569d-82eb-bcc14bcd6344,SKU-000021,Atorvastatina 20mg,6571,53.422764227642276,11.821076016930697,123,0.22127413636927037,media,1.9728491034597716e-13,True
6baabed2-52d7-5cb7-bf74-86c7cb3e4f07,43616d97-2221-569d-82eb-bcc14bcd6344,SKU-000027,Calcio + Vit D,6547,53.22764227642276,11.11033561645773,123,0.20873243941107392,,,
afe9d181-1c64-5cca-b4b7-a9fa24eceeea,26f7241d-a84e-5e4a-a43d-33eea1e54eea,SKU-000020,Losartán 50mg,6539,53.16260162601626,23.68556798729938,123,0.44553064114357294,,,
2082733c-4e17-51fe-bc8c-bf33d3ec5d7e,43616d97-2221-569d-82eb-bcc14bcd6344,SKU-000016,Omeprazol 40mg,6513,52.951219512195124,12.414199734899416,123,0.23444596459275727,,,
94e18241-54bd-5516-b36f-94ab6e323aca,7fb983e8-6848-5425-97a2-14da72722d0f,SKU-000013,Loratadina jarabe,6454,52.47154471544715,22.167885944907486,123,0.422474430000561,,,
94e18241-54bd-5516-b36f-94ab6e323aca,8ecedccf-c230-516b-bbc2-108f7a6fbe63,SKU-000013,Loratadina jarabe,6432,52.292682926829265,21.520379859572177,123,0.4115371148518933,,,
07371b94-955f-52a4-9bf9-f0a6ad2b4fa8,d6f21f11-7533-52dd-a4dc-2fb8e260c02c,SKU-000008,Amoxicilina jarabe,6291,51.146341463414636,22.425718157197412,123,0.4384618237697157,,,
6baabed2-52d7-5cb7-bf74-86c7cb3e4f07,8ecedccf-c230-516b-bbc2-108f7a6fbe63,SKU-000027,Calcio + Vit D,6202,50.422764227642276,10.595396564640161,123,0.21013121210105448,,,
2082733c-4e17-51fe-bc8c-bf33d3ec5d7e,8ecedccf-c230-516b-bbc2-108f7a6fbe63,SKU-000016,Omeprazol 40mg,6174,50.19512195121951,11.61376976441085,123,0.23137247829973026,,,
afe9d181-1c64-5cca-b4b7-a9fa24eceeea,43616d97-2221-569d-82eb-bcc14bcd6344,SKU-000020,Losartán 50mg,6117,49.73170731707317,21.387936377103134,123,0.43006640091281434,,,
9928e9a1-d9fc-5fdd-86c2-8909352fd7fe,26f7241d-a84e-5e4a-a43d-33eea1e54eea,SKU-000005,Diclofenaco 50mg,6047,49.16260162601626,25.37146130820548,123,0.5160723897650528,,,
94e18241-54bd-5516-b36f-94ab6e323aca,d6f21f11-7533-52dd-a4dc-2fb8e260c02c,SKU-000013,Loratadina jarabe,6038,49.08943089430894,18.271633542089628,123,0.37221115032743035,,,
d0ae6d2d-e561-56b3-a2c1-113c1c56ae81,8ecedccf-c230-516b-bbc2-108f7a6fbe63,SKU-000021,Atorvastatina 20mg,6029,49.016260162601625,11.069811066432653,123,0.22583956894530044,,,
1ca3438e-9e23-58f0-a35f-f15f7a23beb9,26f7241d-a84e-5e4a-a43d-33eea1e54eea,SKU-000024,Clotrimazol crema,6021,48.951219512195124,22.16364386007719,123,0.4527700041171723,,,
afe9d181-1c64-5cca-b4b7-a9fa24eceeea,8ecedccf-c230-516b-bbc2-108f7a6fbe63,SKU-000020,Losartán 50mg,6010,48.86178861788618,20.620030530280633,123,0.422007280403414,,,
2082733c-4e17-51fe-bc8c-bf33d3ec5d7e,7fb983e8-6848-5425-97a2-14da72722d0f,SKU-000016,Omeprazol 40mg,5826,47.36585365853659,8.929843400571846,123,0.1885291346155745,,,
6baabed2-52d7-5cb7-bf74-86c7cb3e4f07,7fb983e8-6848-5425-97a2-14da72722d0f,SKU-000027,Calcio + Vit D,5742,46.68292682926829,8.53278832559183,123,0.18278177708948018,,,
9928e9a1-d9fc-5fdd-86c2-8909352fd7fe,43616d97-2221-569d-82eb-bcc14bcd6344,SKU-000005,Diclofenaco 50mg,5712,46.4390243902439,23.990826915501763,123,0.5166091930333888,,,
d0ae6d2d-e561-56b3-a2c1-113c1c56ae81,7fb983e8-6848-5425-97a2-14da72722d0f,SKU-000021,Atorvastatina 20mg,5686,46.22764227642276,10.934089427505604,123,0.2365270839928226,,,
afe9d181-1c64-5cca-b4b7-a9fa24eceeea,7fb983e8-6848-5425-97a2-14da72722d0f,SKU-000020,Losartán 50mg,5650,45.9349593495935,18.081210171579382,123,0.3936263453281883,,,
2897aac2-f219-5167-b800-73fac27f6b85,26f7241d-a84e-5e4a-a43d-33eea1e54eea,SKU-000022,Salbutamol inhalador,5616,45.65853658536585,20.859337362867326,123,0.45685514523373955,,,
9928e9a1-d9fc-5fdd-86c2-8909352fd7fe,8ecedccf-c230-516b-bbc2-108f7a6fbe63,SKU-000005,Diclofenaco 50mg,5542,45.05691056910569,22.269327878220174,123,0.49424888650687143,,,
012857cc-907f-5e7d-b8fb-796d2c9f1621,26f7241d-a84e-5e4a-a43d-33eea1e54eea,SKU-000028,Sulfato Ferroso,5531,44.96747967479675,10.34799019002937,123,0.23012164045807493,,,
2082733c-4e17-51fe-bc8c-bf33d3ec5d7e,d6f21f11-7533-52dd-a4dc-2fb8e260c02c,SKU-000016,Omeprazol 40mg,5452,44.32520325203252,11.06500608176505,123,0.24963238225552112,,,
042e2e80-f954-5df4-97be-29dd428cc598,43616d97-2221-569d-82eb-bcc14bcd6344,SKU-000004,Ibuprofeno 600mg,5436,44.19512195121951,19.20666659218529,123,0.4345879306178791,,,
042e2e80-f954-5df4-97be-29dd428cc598,26f7241d-a84e-5e4a-a43d-33eea1e54eea,SKU-000004,Ibuprofeno 600mg,5431,44.15447154471545,20.145793410448718,123,0.4562571514426795,,,
9928e9a1-d9fc-5fdd-86c2-8909352fd7fe,7fb983e8-6848-5425-97a2-14da72722d0f,SKU-000005,Diclofenaco 50mg,5416,44.03252032520325,20.971071002829856,123,0.4762632447097622,,,
afe9d181-1c64-5cca-b4b7-a9fa24eceeea,d6f21f11-7533-52dd-a4dc-2fb8e260c02c,SKU-000020,Losartán 50mg,5410,43.983739837398375,15.92656495120261,123,0.36210119944508706,,,
6baabed2-52d7-5cb7-bf74-86c7cb3e4f07,d6f21f11-7533-52dd-a4dc-2fb8e260c02c,SKU-000027,Calcio + Vit D,5410,43.983739837398375,10.046599408230907,123,0.22841621575090604,,,
1ca3438e-9e23-58f0-a35f-f15f7a23beb9,43616d97-2221-569d-82eb-bcc14bcd6344,SKU-000024,Clotrimazol crema,5397,43.8780487804878,18.982556861866485,123,0.4326208067462623,,,
d0ae6d2d-e561-56b3-a2c1-113c1c56ae81,d6f21f11-7533-52dd-a4dc-2fb8e260c02c,SKU-000021,Atorvastatina 20mg,5390,43.82113821138211,9.390466494745496,123,0.21429079385040742,,,
012857cc-907f-5e7d-b8fb-796d2c9f1621,43616d97-2221-569d-82eb-bcc14bcd6344,SKU-000028,Sulfato Ferroso,5332,43.34959349593496,11.25340293876712,123,0.25959650440141707,,,
1ca3438e-9e23-58f0-a35f-f15f7a23beb9,8ecedccf-c230-516b-bbc2-108f7a6fbe63,SKU-000024,Clotrimazol crema,5242,42.61788617886179,16.137991183216137,123,0.3786670956763802,,,
1ca3438e-9e23-58f0-a35f-f15f7a23beb9,7fb983e8-6848-5425-97a2-14da72722d0f,SKU-000024,Clotrimazol crema,5221,42.447154471544714,16.496995877557215,123,0.3886478630414743,,,
c0cf5e5c-b5c9-585a-8e79-d9830bc954f6,26f7241d-a84e-5e4a-a43d-33eea1e54eea,SKU-000011,Metronidazol 500mg,5188,42.17886178861789,13.434133502245354,123,0.31850393615577843,,,
2897aac2-f219-5167-b800-73fac27f6b85,43616d97-2221-569d-82eb-bcc14bcd6344,SKU-000022,Salbutamol inhalador,5070,41.21951219512195,17.332115828840934,123,0.4204832834215848,,,
042e2e80-f954-5df4-97be-29dd428cc598,8ecedccf-c230-516b-bbc2-108f7a6fbe63,SKU-000004,Ibuprofeno 600mg,5007,40.707317073170735,13.557849161664393,123,0.3330568098431636,,,
042e2e80-f954-5df4-97be-29dd428cc598,7fb983e8-6848-5425-97a2-14da72722d0f,SKU-000004,Ibuprofeno 600mg,4982,40.50406504065041,14.801624846417901,123,0.36543553916286664,,,
012857cc-907f-5e7d-b8fb-796d2c9f1621,8ecedccf-c230-516b-bbc2-108f7a6fbe63,SKU-000028,Sulfato Ferroso,4966,40.3739837398374,7.782281655801546,123,0.19275486179290982,,,
c0cf5e5c-b5c9-585a-8e79-d9830bc954f6,43616d97-2221-569d-82eb-bcc14bcd6344,SKU-000011,Metronidazol 500mg,4963,40.34959349593496,11.441930179250463,123,0.2835698996670979,,,
9928e9a1-d9fc-5fdd-86c2-8909352fd7fe,d6f21f11-7533-52dd-a4dc-2fb8e260c02c,SKU-000005,Diclofenaco 50mg,4906,39.886178861788615,17.5509577768787,123,0.44002605107135756,,,
c0cf5e5c-b5c9-585a-8e79-d9830bc954f6,8ecedccf-c230-516b-bbc2-108f7a6fbe63,SKU-000011,Metronidazol 500mg,4883,39.699186991869915,11.31366137728319,123,0.2849847121453681,,,
2897aac2-f219-5167-b800-73fac27f6b85,8ecedccf-c230-516b-bbc2-108f7a6fbe63,SKU-000022,Salbutamol inhalador,4820,39.1869918699187,18.060621775281422,123,0.4608830867966006,,,
2897aac2-f219-5167-b800-73fac27f6b85,7fb983e8-6848-5425-97a2-14da72722d0f,SKU-000022,Salbutamol inhalador,4781,38.86991869918699,19.342876585024783,123,0.4976310018736767,,,
012857cc-907f-5e7d-b8fb-796d2c9f1621,7fb983e8-6848-5425-97a2-14da72722d0f,SKU-000028,Sulfato Ferroso,4688,38.113821138211385,7.935398232936215,123,0.20820264135050223,,,
1ca3438e-9e23-58f0-a35f-f15f7a23beb9,d6f21f11-7533-52dd-a4dc-2fb8e260c02c,SKU-000024,Clotrimazol crema,4670,37.96747967479675,14.817985836530978,123,0.39028099740756106,,,
042e2e80-f954-5df4-97be-29dd428cc598,d6f21f11-7533-52dd-a4dc-2fb8e260c02c,SKU-000004,Ibuprofeno 600mg,4614,37.51219512195122,13.703156184041626,123,0.3652987019152839,,,
058c6382-bde2-59d1-93ff-20c6161a4736,26f7241d-a84e-5e4a-a43d-33eea1e54eea,SKU-000009,Azitromicina 500mg,4563,37.09756097560975,18.086048709898613,123,0.4875266253161362,,,
012857cc-907f-5e7d-b8fb-796d2c9f1621,d6f21f11-7533-52dd-a4dc-2fb8e260c02c,SKU-000028,Sulfato Ferroso,4489,36.49593495934959,8.349314278057081,123,0.22877381514836737,,,
c0cf5e5c-b5c9-585a-8e79-d9830bc954f6,7fb983e8-6848-5425-97a2-14da72722d0f,SKU-000011,Metronidazol 500mg,4387,35.666666666666664,9.105633877221887,123,0.2552981460903333,,,
058c6382-bde2-59d1-93ff-20c6161a4736,43616d97-2221-569d-82eb-bcc14bcd6344,SKU-000009,Azitromicina 500mg,4304,34.99186991869919,14.215263059535433,123,0.40624473892259716,,,
2897aac2-f219-5167-b800-73fac27f6b85,d6f21f11-7533-52dd-a4dc-2fb8e260c02c,SKU-000022,Salbutamol inhalador,4205,34.1869918699187,16.415381428232475,123,0.4801645459387858,,,
058c6382-bde2-59d1-93ff-20c6161a4736,8ecedccf-c230-516b-bbc2-108f7a6fbe63,SKU-000009,Azitromicina 500mg,4171,33.91056910569106,14.874341495318896,123,0.438634381185381,,,
c0cf5e5c-b5c9-585a-8e79-d9830bc954f6,d6f21f11-7533-52dd-a4dc-2fb8e260c02c,SKU-000011,Metronidazol 500mg,4119,33.48780487804878,9.04212895072921,123,0.2700125906627077,,,
058c6382-bde2-59d1-93ff-20c6161a4736,7fb983e8-6848-5425-97a2-14da72722d0f,SKU-000009,Azitromicina 500mg,3992,32.45528455284553,14.275539111590943,123,0.4398525327469153,,,
058c6382-bde2-59d1-93ff-20c6161a4736,d6f21f11-7533-52dd-a4dc-2fb8e260c02c,SKU-000009,Azitromicina 500mg,3787,30.788617886178862,11.96665588174643,123,0.3886714215618724,,,
22231140-3780-5fe8-a7d4-d33f61d15111,26f7241d-a84e-5e4a-a43d-33eea1e54eea,SKU-000023,Dexametasona 4mg,3637,29.56910569105691,10.316373505666126,123,0.3488902780305014,,,
22231140-3780-5fe8-a7d4-d33f61d15111,43616d97-2221-569d-82eb-bcc14bcd6344,SKU-000023,Dexametasona 4mg,3340,27.15447154471545,9.19107953159752,123,0.3384738869420643,,,
22231140-3780-5fe8-a7d4-d33f61d15111,8ecedccf-c230-516b-bbc2-108f7a6fbe63,SKU-000023,Dexametasona 4mg,3307,26.88617886178862,9.619995613673144,123,0.3578044936443292,,,
22231140-3780-5fe8-a7d4-d33f61d15111,7fb983e8-6848-5425-97a2-14da72722d0f,SKU-000023,Dexametasona 4mg,3209,26.089430894308943,11.347714531274567,123,0.4349544678550239,,,
4d9429b6-2ebf-5b5d-ac48-f779d5a1e270,26f7241d-a84e-5e4a-a43d-33eea1e54eea,SKU-000010,Ciprofloxacino 500mg,3030,24.634146341463413,12.785922261486236,123,0.5190324878425107,,,
4d9429b6-2ebf-5b5d-ac48-f779d5a1e270,43616d97-2221-569d-82eb-bcc14bcd6344,SKU-000010,Ciprofloxacino 500mg,2944,23.934959349593495,11.76389296373732,123,0.49149416934092743,,,
22231140-3780-5fe8-a7d4-d33f61d15111,d6f21f11-7533-52dd-a4dc-2fb8e260c02c,SKU-000023,Dexametasona 4mg,2860,23.252032520325205,8.125645997961003,123,0.3494596006116096,,,
4d9429b6-2ebf-5b5d-ac48-f779d5a1e270,7fb983e8-6848-5425-97a2-14da72722d0f,SKU-000010,Ciprofloxacino 500mg,2841,23.097560975609756,11.350174862628116,123,0.4914014460060747,,,
4d9429b6-2ebf-5b5d-ac48-f779d5a1e270,8ecedccf-c230-516b-bbc2-108f7a6fbe63,SKU-000010,Ciprofloxacino 500mg,2756,22.40650406504065,10.254017524033205,123,0.4576357603251394,,,
1e9605fd-5682-52b6-8f05-e8a92dd44513,26f7241d-a84e-5e4a-a43d-33eea1e54eea,SKU-000030,Betahistina 16mg,2665,21.666666666666668,10.441614932776037,123,0.4819206892050478,,,
4d9429b6-2ebf-5b5d-ac48-f779d5a1e270,d6f21f11-7533-52dd-a4dc-2fb8e260c02c,SKU-000010,Ciprofloxacino 500mg,2512,20.422764227642276,9.49115907005757,123,0.4647343015991565,,,
1e9605fd-5682-52b6-8f05-e8a92dd44513,43616d97-2221-569d-82eb-bcc14bcd6344,SKU-000030,Betahistina 16mg,2474,20.11382113821138,8.560491838972998,123,0.42560246410415475,,,
1e9605fd-5682-52b6-8f05-e8a92dd44513,7fb983e8-6848-5425-97a2-14da72722d0f,SKU-000030,Betahistina 16mg,2384,19.382113821138212,8.638951368137045,123,0.4457177090104264,,,
1e9605fd-5682-52b6-8f05-e8a92dd44513,8ecedccf-c230-516b-bbc2-108f7a6fbe63,SKU-000030,Betahistina 16mg,2348,19.089430894308943,7.572608241227278,123,0.39669114721931653,,,
1e9605fd-5682-52b6-8f05-e8a92dd44513,d6f21f11-7533-52dd-a4dc-2fb8e260c02c,SKU-000030,Betahistina 16mg,2215,18.008130081300813,6.61530259640151,123,0.36735088910039987,,,
d9506935-1215-5499-93c0-8bdd86ab9418,26f7241d-a84e-5e4a-a43d-33eea1e54eea,SKU-000029,Tramadol 50mg,2029,16.495934959349594,6.712325320546507,123,0.40690784348310516,,,
d9506935-1215-5499-93c0-8bdd86ab9418,43616d97-2221-569d-82eb-bcc14bcd6344,SKU-000029,Tramadol 50mg,1816,14.764227642276422,5.158283646452804,123,0.3493771412520347,,,
d9506935-1215-5499-93c0-8bdd86ab9418,8ecedccf-c230-516b-bbc2-108f7a6fbe63,SKU-000029,Tramadol 50mg,1774,14.422764227642276,4.596877290183515,123,0.3187237354524083,,,
d9506935-1215-5499-93c0-8bdd86ab9418,7fb983e8-6848-5425-97a2-14da72722d0f,SKU-000029,Tramadol 50mg,1718,13.967479674796747,5.100522248010723,123,0.3651712668831891,,,
d9506935-1215-5499-93c0-8bdd86ab9418,d6f21f11-7533-52dd-a4dc-2fb8e260c02c,SKU-000029,Tramadol 50mg,1648,13.398373983739837,4.526316197307268,123,0.33782578414368564,baja,3.5018931381482085e-13,True
