org_id,botica_id,producto_id,demanda_horizonte,cantidad_disponible,stock_proyectado,stock_seguridad
e8aeb018-f679-5670-b210-de4f62ff2111,26f7241d-a84e-5e4a-a43d-33eea1e54eea,012857cc-907f-5e7d-b8fb-796d2c9f1621,527.0633319807404,0,-43.92194433172836,0.6330863206334842
e8aeb018-f679-5670-b210-de4f62ff2111,26f7241d-a84e-5e4a-a43d-33eea1e54eea,042e2e80-f954-5df4-97be-29dd428cc598,453.8869680508777,225,170.96583713680027,1.3927880497337279e-14
e8aeb018-f679-5670-b210-de4f62ff2111,26f7241d-a84e-5e4a-a43d-33eea1e54eea,058c6382-bde2-59d1-93ff-20c6161a4736,392.9479119460183,0,-46.77951332690693,2.601745361336327
e8aeb018-f679-5670-b210-de4f62ff2111,26f7241d-a84e-5e4a-a43d-33eea1e54eea,07371b94-955f-52a4-9bf9-f0a6ad2b4fa8,859.4488962999488,178,106.37925864167093,7.165906998372328
e8aeb018-f679-5670-b210-de4f62ff2111,26f7241d-a84e-5e4a-a43d-33eea1e54eea,0ec23038-d3ab-588c-bbd6-1f5c744cdde1,837.0740964972111,391,251.48765058379814,8.341324795668264
e8aeb018-f679-5670-b210-de4f62ff2111,26f7241d-a84e-5e4a-a43d-33eea1e54eea,1ca3438e-9e23-58f0-a35f-f15f7a23beb9,559.150373546833,70,3.4344793396627438,2.3003604852910837
e8aeb018-f679-5670-b210-de4f62ff2111,26f7241d-a84e-5e4a-a43d-33eea1e54eea,1e9605fd-5682-52b6-8f05-e8a92dd44513,245.9346325365865,111,70.01089457723558,9.474588598224994
e8aeb018-f679-5670-b210-de4f62ff2111,26f7241d-a84e-5e4a-a43d-33eea1e54eea,2082733c-4e17-51fe-bc8c-bf33d3ec5d7e,709.243507518171,177,151.6698747314939,1.0335518111270907
e8aeb018-f679-5670-b210-de4f62ff2111,26f7241d-a84e-5e4a-a43d-33eea1e54eea,22231140-3780-5fe8-a7d4-d33f61d15111,335.595215242643,0,-27.96626793688692,5.826450433232821e-15
e8aeb018-f679-5670-b210-de4f62ff2111,26f7241d-a84e-5e4a-a43d-33eea1e54eea,2897aac2-f219-5167-b800-73fac27f6b85,555.4242917962907,131,97.93903025022078,2.643181974341258
e8aeb018-f679-5670-b210-de4f62ff2111,26f7241d-a84e-5e4a-a43d-33eea1e54eea,2933d8b7-2438-521b-b38d-d3a5224f87fc,1359.0695494729832,79,-1.896996992439469,12.942661234622795
e8aeb018-f679-5670-b210-de4f62ff2111,26f7241d-a84e-5e4a-a43d-33eea1e54eea,2eb3a104-e572-583a-afa0-156ee0dc4cce,645.6303974350931,366,289.1392384005842,26.040225168981845
e8aeb018-f679-5670-b210-de4f62ff2111,26f7241d-a84e-5e4a-a43d-33eea1e54eea,38adf7ba-476e-5e6b-9163-781a13538253,1192.326875631795,293,222.0281621647741,7.1347219295218824
e8aeb018-f679-5670-b210-de4f62ff2111,26f7241d-a84e-5e4a-a43d-33eea1e54eea,4d9429b6-2ebf-5b5d-ac48-f779d5a1e270,224.7497041703519,65,27.54171597160802,2.562629250817038
e8aeb018-f679-5670-b210-de4f62ff2111,26f7241d-a84e-5e4a-a43d-33eea1e54eea,5bbfdec8-65ae-59e6-b211-5eccb5b765fa,1152.5427786103442,210,168.83775790677342,4.507867327715355
e8aeb018-f679-5670-b210-de4f62ff2111,26f7241d-a84e-5e4a-a43d-33eea1e54eea,6baabed2-52d7-5cb7-bf74-86c7cb3e4f07,641.6261483858182,241,202.80796735798702,0.0
e8aeb018-f679-5670-b210-de4f62ff2111,26f7241d-a84e-5e4a-a43d-33eea1e54eea,6d807393-f4ab-5f76-b544-251eeda27ba3,1075.5981217846322,298,208.36682318461396,0.0
e8aeb018-f679-5670-b210-de4f62ff2111,26f7241d-a84e-5e4a-a43d-33eea1e54eea,82cd11ba-d1a0-58b1-b14f-edd741f36e87,1141.8215950201557,90,22.03442886784788,1.5468293304848755
e8aeb018-f679-5670-b210-de4f62ff2111,26f7241d-a84e-5e4a-a43d-33eea1e54eea,87b859e0-789a-56e6-b1ba-4fe76221d3bf,756.3667458601989,73,-17.043660221452242,5.845592783867224
e8aeb018-f679-5670-b210-de4f62ff2111,26f7241d-a84e-5e4a-a43d-33eea1e54eea,94e18241-54bd-5516-b36f-94ab6e323aca,685.2927433121298,76,18.892271390655843,0.1040347284285539
e8aeb018-f679-5670-b210-de4f62ff2111,26f7241d-a84e-5e4a-a43d-33eea1e54eea,97d26d91-c562-5f27-9ebd-285e89c8f4bf,980.5285042584892,54,-27.710708688207433,1.097202695282854
e8aeb018-f679-5670-b210-de4f62ff2111,26f7241d-a84e-5e4a-a43d-33eea1e54eea,983871db-adfb-543e-b438-6b00044ffb64,851.8031369779651,350,208.0328105036725,2.9646620295199386
e8aeb018-f679-5670-b210-de4f62ff2111,26f7241d-a84e-5e4a-a43d-33eea1e54eea,9928e9a1-d9fc-5fdd-86c2-8909352fd7fe,413.5972613994684,309,240.06712310008862,2.7358973391828756
e8aeb018-f679-5670-b210-de4f62ff2111,26f7241d-a84e-5e4a-a43d-33eea1e54eea,afe9d181-1c64-5cca-b4b7-a9fa24eceeea,574.2468468504326,236,140.29219219159455,8.96353972367421
e8aeb018-f679-5670-b210-de4f62ff2111,26f7241d-a84e-5e4a-a43d-33eea1e54eea,c0cf5e5c-b5c9-585a-8e79-d9830bc954f6,473.30597331691354,43,26.09621523868166,0.5006968489088763
e8aeb018-f679-5670-b210-de4f62ff2111,26f7241d-a84e-5e4a-a43d-33eea1e54eea,cd81184b-b6f1-563c-b463-36a69ddfb598,966.7702719637533,249,214.4724902870088,0.22324179524463286
e8aeb018-f679-5670-b210-de4f62ff2111,26f7241d-a84e-5e4a-a43d-33eea1e54eea,d0ae6d2d-e561-56b3-a2c1-113c1c56ae81,650.0571637257505,175,151.78367272408033,0.0
e8aeb018-f679-5670-b210-de4f62ff2111,26f7241d-a84e-5e4a-a43d-33eea1e54eea,d2f08f15-f9f2-5f65-a740-b05896774467,870.3365260728135,114,62.19425440042777,0.6009636638583432
e8aeb018-f679-5670-b210-de4f62ff2111,26f7241d-a84e-5e4a-a43d-33eea1e54eea,d3961f5a-3ea7-53d3-89f4-78b65b0c0c6b,2123.1081614370746,400,324.17470852010445,14.754183420587278
e8aeb018-f679-5670-b210-de4f62ff2111,26f7241d-a84e-5e4a-a43d-33eea1e54eea,d9506935-1215-5499-93c0-8bdd86ab9418,224.95393258734316,33,6.2197699300781935,1.5050682955678556
e8aeb018-f679-5670-b210-de4f62ff2111,43616d97-2221-569d-82eb-bcc14bcd6344,012857cc-907f-5e7d-b8fb-796d2c9f1621,503.92644068478387,89,47.006129942934685,0.08298939056986587
e8aeb018-f679-5670-b210-de4f62ff2111,43616d97-2221-569d-82eb-bcc14bcd6344,042e2e80-f954-5df4-97be-29dd428cc598,487.5056932976985,259,200.9636079407502,5.629246420460286
e8aeb018-f679-5670-b210-de4f62ff2111,43616d97-2221-569d-82eb-bcc14bcd6344,058c6382-bde2-59d1-93ff-20c6161a4736,381.55505855606543,22,-23.42322125667446,0.0
e8aeb018-f679-5670-b210-de4f62ff2111,43616d97-2221-569d-82eb-bcc14bcd6344,07371b94-955f-52a4-9bf9-f0a6ad2b4fa8,669.9192019843772,166,110.17339983463523,0.8215307289752098
e8aeb018-f679-5670-b210-de4f62ff2111,43616d97-2221-569d-82eb-bcc14bcd6344,0ec23038-d3ab-588c-bbd6-1f5c744cdde1,952.2817069737891,309,150.28638217103511,43.491649201785044
e8aeb018-f679-5670-b210-de4f62ff2111,43616d97-2221-569d-82eb-bcc14bcd6344,1ca3438e-9e23-58f0-a35f-f15f7a23beb9,512.3722103324577,59,-1.9966917062449667,1.9460159169397646
e8aeb018-f679-5670-b210-de4f62ff2111,43616d97-2221-569d-82eb-bcc14bcd6344,1e9605fd-5682-52b6-8f05-e8a92dd44513,201.85832620751623,78,44.35694563208063,2.8230126370459834
e8aeb018-f679-5670-b210-de4f62ff2111,43616d97-2221-569d-82eb-bcc14bcd6344,2082733c-4e17-51fe-bc8c-bf33d3ec5d7e,653.4180578491317,329,305.66364079110247,0.23896649597131356
e8aeb018-f679-5670-b210-de4f62ff2111,43616d97-2221-569d-82eb-bcc14bcd6344,22231140-3780-5fe8-a7d4-d33f61d15111,313.9751912113868,63,36.83540073238443,0.3363138887614481
e8aeb018-f679-5670-b210-de4f62ff2111,43616d97-2221-569d-82eb-bcc14bcd6344,2897aac2-f219-5167-b800-73fac27f6b85,512.7597464037456,101,70.47858652358657,2.5873579943808784
e8aeb018-f679-5670-b210-de4f62ff2111,43616d97-2221-569d-82eb-bcc14bcd6344,2933d8b7-2438-521b-b38d-d3a5224f87fc,1175.1190213729924,149,79.05243920398856,10.364116952911797
e8aeb018-f679-5670-b210-de4f62ff2111,43616d97-2221-569d-82eb-bcc14bcd6344,2eb3a104-e572-583a-afa0-156ee0dc4cce,742.7662998895745,194,105.57544048933637,3.1499482219891406
e8aeb018-f679-5670-b210-de4f62ff2111,43616d97-2221-569d-82eb-bcc14bcd6344,38adf7ba-476e-5e6b-9163-781a13538253,999.5264777237816,271,211.50437632596538,5.286687189491571
e8aeb018-f679-5670-b210-de4f62ff2111,43616d97-2221-569d-82eb-bcc14bcd6344,4d9429b6-2ebf-5b5d-ac48-f779d5a1e270,220.0447253667715,65,28.325879105538085,1.0050150936805828
e8aeb018-f679-5670-b210-de4f62ff2111,43616d97-2221-569d-82eb-bcc14bcd6344,5bbfdec8-65ae-59e6-b211-5eccb5b765fa,1044.5566903928686,308,270.69440391454043,3.9654527698518414
e8aeb018-f679-5670-b210-de4f62ff2111,43616d97-2221-569d-82eb-bcc14bcd6344,6baabed2-52d7-5cb7-bf74-86c7cb3e4f07,625.2111750484208,34,-3.214950895739335,1.969699749444611e-14
e8aeb018-f679-5670-b210-de4f62ff2111,43616d97-2221-569d-82eb-bcc14bcd6344,6d807393-f4ab-5f76-b544-251eeda27ba3,1002.9506384108695,422,338.4207801324275,2.683575246611967
e8aeb018-f679-5670-b210-de4f62ff2111,43616d97-2221-569d-82eb-bcc14bcd6344,82cd11ba-d1a0-58b1-b14f-edd741f36e87,845.9618416015783,276,225.64512847609655,3.138526518807734
e8aeb018-f679-5670-b210-de4f62ff2111,43616d97-2221-569d-82eb-bcc14bcd6344,87b859e0-789a-56e6-b1ba-4fe76221d3bf,714.6297025037625,243,157.92503541621875,9.528198855511736
e8aeb018-f679-5670-b210-de4f62ff2111,43616d97-2221-569d-82eb-bcc14bcd6344,94e18241-54bd-5516-b36f-94ab6e323aca,636.5886292966399,80,26.950947558613343,0.6050681102510234
e8aeb018-f679-5670-b210-de4f62ff2111,43616d97-2221-569d-82eb-bcc14bcd6344,97d26d91-c562-5f27-9ebd-285e89c8f4bf,873.8017976044972,138,65.18318353295857,1.7132885163685954
e8aeb018-f679-5670-b210-de4f62ff2111,43616d97-2221-569d-82eb-bcc14bcd6344,983871db-adfb-543e-b438-6b00044ffb64,824.7485128923764,506,368.54191451793724,5.3810251246515115
e8aeb018-f679-5670-b210-de4f62ff2111,43616d97-2221-569d-82eb-bcc14bcd6344,9928e9a1-d9fc-5fdd-86c2-8909352fd7fe,430.8061133309627,0,-71.80101888849379,0.0
e8aeb018-f679-5670-b210-de4f62ff2111,43616d97-2221-569d-82eb-bcc14bcd6344,afe9d181-1c64-5cca-b4b7-a9fa24eceeea,582.1177515512206,262,164.9803747414632,35.42552848330533
e8aeb018-f679-5670-b210-de4f62ff2111,43616d97-2221-569d-82eb-bcc14bcd6344,c0cf5e5c-b5c9-585a-8e79-d9830bc954f6,444.98512648433854,75,59.10767405413077,0.9228835013467173
e8aeb018-f679-5670-b210-de4f62ff2111,43616d97-2221-569d-82eb-bcc14bcd6344,cd81184b-b6f1-563c-b463-36a69ddfb598,883.4523386998724,320,288.44813076071887,0.1605291945561763
e8aeb018-f679-5670-b210-de4f62ff2111,43616d97-2221-569d-82eb-bcc14bcd6344,d0ae6d2d-e561-56b3-a2c1-113c1c56ae81,623.3456143097542,120,97.7376566317945,0.7291846013370491
e8aeb018-f679-5670-b210-de4f62ff2111,43616d97-2221-569d-82eb-bcc14bcd6344,d2f08f15-f9f2-5f65-a740-b05896774467,802.2479349095095,213,165.24714673157683,0.2539372366795974
e8aeb018-f679-5670-b210-de4f62ff2111,43616d97-2221-569d-82eb-bcc14bcd6344,d3961f5a-3ea7-53d3-89f4-78b65b0c0c6b,2133.2996952177905,480,403.8107251707932,13.218719507319015
e8aeb018-f679-5670-b210-de4f62ff2111,43616d97-2221-569d-82eb-bcc14bcd6344,d9506935-1215-5499-93c0-8bdd86ab9418,204.98197301383072,31,6.597384165020149,0.3621161154752165
e8aeb018-f679-5670-b210-de4f62ff2111,7fb983e8-6848-5425-97a2-14da72722d0f,012857cc-907f-5e7d-b8fb-796d2c9f1621,448.04979412704813,134,96.66251715607933,0.0
e8aeb018-f679-5670-b210-de4f62ff2111,7fb983e8-6848-5425-97a2-14da72722d0f,042e2e80-f954-5df4-97be-29dd428cc598,445.9240411042105,191,137.91380463045112,1.3927880497337279e-14
e8aeb018-f679-5670-b210-de4f62ff2111,7fb983e8-6848-5425-97a2-14da72722d0f,058c6382-bde2-59d1-93ff-20c6161a4736,353.3287253439452,161,118.93705650667319,2.5677394291996394
e8aeb018-f679-5670-b210-de4f62ff2111,7fb983e8-6848-5425-97a2-14da72722d0f,07371b94-955f-52a4-9bf9-f0a6ad2b4fa8,647.649330243802,0,-53.97077752031684,3.3333692641355475
e8aeb018-f679-5670-b210-de4f62ff2111,7fb983e8-6848-5425-97a2-14da72722d0f,0ec23038-d3ab-588c-bbd6-1f5c744cdde1,876.4212876756401,0,-146.0702146126067,9.627360151720044
e8aeb018-f679-5670-b210-de4f62ff2111,7fb983e8-6848-5425-97a2-14da72722d0f,1ca3438e-9e23-58f0-a35f-f15f7a23beb9,511.60899302257957,0,-60.90583250268804,10.393673636396686
e8aeb018-f679-5670-b210-de4f62ff2111,7fb983e8-6848-5425-97a2-14da72722d0f,1e9605fd-5682-52b6-8f05-e8a92dd44513,200.20616563701907,53,19.63230572716349,1.511974934581561
e8aeb018-f679-5670-b210-de4f62ff2111,7fb983e8-6848-5425-97a2-14da72722d0f,2082733c-4e17-51fe-bc8c-bf33d3ec5d7e,591.0434048423975,149,127.89130696991438,0.2101529201420305
e8aeb018-f679-5670-b210-de4f62ff2111,7fb983e8-6848-5425-97a2-14da72722d0f,22231140-3780-5fe8-a7d4-d33f61d15111,288.5508409306219,118,93.95409658911484,1.5596214597625233
e8aeb018-f679-5670-b210-de4f62ff2111,7fb983e8-6848-5425-97a2-14da72722d0f,2897aac2-f219-5167-b800-73fac27f6b85,475.55428912777126,210,181.6931970757279,2.117331980916997
e8aeb018-f679-5670-b210-de4f62ff2111,7fb983e8-6848-5425-97a2-14da72722d0f,2933d8b7-2438-521b-b38d-d3a5224f87fc,1122.4411373776813,234,167.18802753704279,11.712841560608354
e8aeb018-f679-5670-b210-de4f62ff2111,7fb983e8-6848-5425-97a2-14da72722d0f,2eb3a104-e572-583a-afa0-156ee0dc4cce,703.1416139144011,169,85.29266501019035,3.459209016970179
e8aeb018-f679-5670-b210-de4f62ff2111,7fb983e8-6848-5425-97a2-14da72722d0f,38adf7ba-476e-5e6b-9163-781a13538253,977.0662370414877,145,86.84129541419716,3.006452131181781
e8aeb018-f679-5670-b210-de4f62ff2111,7fb983e8-6848-5425-97a2-14da72722d0f,4d9429b6-2ebf-5b5d-ac48-f779d5a1e270,221.45295724518223,0,-36.908826207530375,2.2350610932239277
e8aeb018-f679-5670-b210-de4f62ff2111,7fb983e8-6848-5425-97a2-14da72722d0f,5bbfdec8-65ae-59e6-b211-5eccb5b765fa,910.1510088664214,61,28.494606826199238,1.2613195047405525
e8aeb018-f679-5670-b210-de4f62ff2111,7fb983e8-6848-5425-97a2-14da72722d0f,6baabed2-52d7-5cb7-bf74-86c7cb3e4f07,551.5037041485415,89,56.17239856258682,0.08003002387817283
e8aeb018-f679-5670-b210-de4f62ff2111,7fb983e8-6848-5425-97a2-14da72722d0f,6d807393-f4ab-5f76-b544-251eeda27ba3,944.863294295933,233,154.2613921420056,5.769257016732407
e8aeb018-f679-5670-b210-de4f62ff2111,7fb983e8-6848-5425-97a2-14da72722d0f,82cd11ba-d1a0-58b1-b14f-edd741f36e87,798.8665105332594,103,55.44842199206789,0.9236971430213464
e8aeb018-f679-5670-b210-de4f62ff2111,7fb983e8-6848-5425-97a2-14da72722d0f,87b859e0-789a-56e6-b1ba-4fe76221d3bf,711.6006373565036,105,20.28563840994005,1.0280948476360154
e8aeb018-f679-5670-b210-de4f62ff2111,7fb983e8-6848-5425-97a2-14da72722d0f,94e18241-54bd-5516-b36f-94ab6e323aca,575.3838137118021,109,61.05134885734983,5.665383683784664
e8aeb018-f679-5670-b210-de4f62ff2111,7fb983e8-6848-5425-97a2-14da72722d0f,97d26d91-c562-5f27-9ebd-285e89c8f4bf,842.6727445052632,353,282.7772712912281,0.0
e8aeb018-f679-5670-b210-de4f62ff2111,7fb983e8-6848-5425-97a2-14da72722d0f,983871db-adfb-543e-b438-6b00044ffb64,1069.656088584755,316,137.72398523587415,138.0807249766251
e8aeb018-f679-5670-b210-de4f62ff2111,7fb983e8-6848-5425-97a2-14da72722d0f,9928e9a1-d9fc-5fdd-86c2-8909352fd7fe,397.46672023733566,148,81.75554662711072,6.48546308276664
e8aeb018-f679-5670-b210-de4f62ff2111,7fb983e8-6848-5425-97a2-14da72722d0f,afe9d181-1c64-5cca-b4b7-a9fa24eceeea,507.0676830978476,135,50.488719483692066,14.782931800065086
e8aeb018-f679-5670-b210-de4f62ff2111,7fb983e8-6848-5425-97a2-14da72722d0f,c0cf5e5c-b5c9-585a-8e79-d9830bc954f6,390.51855503543504,152,138.05290874873447,1.1672848107443121
e8aeb018-f679-5670-b210-de4f62ff2111,7fb983e8-6848-5425-97a2-14da72722d0f,cd81184b-b6f1-563c-b463-36a69ddfb598,836.7171188107098,167,137.11724575676035,1.0495404949394764
e8aeb018-f679-5670-b210-de4f62ff2111,7fb983e8-6848-5425-97a2-14da72722d0f,d0ae6d2d-e561-56b3-a2c1-113c1c56ae81,540.2858019722306,286,266.7040785009918,7.628614326627899e-15
e8aeb018-f679-5670-b210-de4f62ff2111,7fb983e8-6848-5425-97a2-14da72722d0f,d2f08f15-f9f2-5f65-a740-b05896774467,737.7222259632055,128,84.08796274028538,0.31991614736332896
e8aeb018-f679-5670-b210-de4f62ff2111,7fb983e8-6848-5425-97a2-14da72722d0f,d3961f5a-3ea7-53d3-89f4-78b65b0c0c6b,1700.9145629359302,209,148.25305132371676,16.109223115812732
e8aeb018-f679-5670-b210-de4f62ff2111,7fb983e8-6848-5425-97a2-14da72722d0f,d9506935-1215-5499-93c0-8bdd86ab9418,196.45407284353703,20,-3.3873896242306003,2.151268117632402
e8aeb018-f679-5670-b210-de4f62ff2111,8ecedccf-c230-516b-bbc2-108f7a6fbe63,012857cc-907f-5e7d-b8fb-796d2c9f1621,475.7007618391802,90,50.358269846734984,1.1652900866465642e-14
e8aeb018-f679-5670-b210-de4f62ff2111,8ecedccf-c230-516b-bbc2-108f7a6fbe63,042e2e80-f954-5df4-97be-29dd428cc598,460.0624903545895,94,39.23065591016791,1.3927880497337279e-14
e8aeb018-f679-5670-b210-de4f62ff2111,8ecedccf-c230-516b-bbc2-108f7a6fbe63,058c6382-bde2-59d1-93ff-20c6161a4736,366.76689018015384,88,44.33727497855312,0.0
e8aeb018-f679-5670-b210-de4f62ff2111,8ecedccf-c230-516b-bbc2-108f7a6fbe63,07371b94-955f-52a4-9bf9-f0a6ad2b4fa8,665.1691461835951,129,73.56923781803374,1.1885911930537036
e8aeb018-f679-5670-b210-de4f62ff2111,8ecedccf-c230-516b-bbc2-108f7a6fbe63,0ec23038-d3ab-588c-bbd6-1f5c744cdde1,908.2255814936167,0,-151.3709302489361,2.9765804906755013
e8aeb018-f679-5670-b210-de4f62ff2111,8ecedccf-c230-516b-bbc2-108f7a6fbe63,1ca3438e-9e23-58f0-a35f-f15f7a23beb9,507.41580061927846,190,129.5933570691335,2.4883341965529113
e8aeb018-f679-5670-b210-de4f62ff2111,8ecedccf-c230-516b-bbc2-108f7a6fbe63,1e9605fd-5682-52b6-8f05-e8a92dd44513,213.34869702354965,0,-35.55811617059161,6.234008415332215
e8aeb018-f679-5670-b210-de4f62ff2111,8ecedccf-c230-516b-bbc2-108f7a6fbe63,2082733c-4e17-51fe-bc8c-bf33d3ec5d7e,619.6725923572661,48,25.868835987240494,0.18853017745141232
e8aeb018-f679-5670-b210-de4f62ff2111,8ecedccf-c230-516b-bbc2-108f7a6fbe63,22231140-3780-5fe8-a7d4-d33f61d15111,298.6180253738585,74,49.115164552178456,0.15564732827424962
e8aeb018-f679-5670-b210-de4f62ff2111,8ecedccf-c230-516b-bbc2-108f7a6fbe63,2897aac2-f219-5167-b800-73fac27f6b85,508.4376943658738,89,58.73585152584084,2.906021209237213
e8aeb018-f679-5670-b210-de4f62ff2111,8ecedccf-c230-516b-bbc2-108f7a6fbe63,2933d8b7-2438-521b-b38d-d3a5224f87fc,1022.0560695082654,119,58.163329195936576,3.0240213071553836
e8aeb018-f679-5670-b210-de4f62ff2111,8ecedccf-c230-516b-bbc2-108f7a6fbe63,2eb3a104-e572-583a-afa0-156ee0dc4cce,707.4535089141706,65,-19.22065582311555,1.0381918880794092
e8aeb018-f679-5670-b210-de4f62ff2111,8ecedccf-c230-516b-bbc2-108f7a6fbe63,38adf7ba-476e-5e6b-9163-781a13538253,1020.3789785646344,421,360.2631560378194,2.899720989162172
e8aeb018-f679-5670-b210-de4f62ff2111,8ecedccf-c230-516b-bbc2-108f7a6fbe63,4d9429b6-2ebf-5b5d-ac48-f779d5a1e270,224.46073375294796,67,29.589877707842007,1.001080707149852
e8aeb018-f679-5670-b210-de4f62ff2111,8ecedccf-c230-516b-bbc2-108f7a6fbe63,5bbfdec8-65ae-59e6-b211-5eccb5b765fa,1004.4130727314807,270,234.12810454530427,0.7257955901475459
e8aeb018-f679-5670-b210-de4f62ff2111,8ecedccf-c230-516b-bbc2-108f7a6fbe63,6baabed2-52d7-5cb7-bf74-86c7cb3e4f07,593.4685305586227,52,16.674492228653413,0.7010632431790903
e8aeb018-f679-5670-b210-de4f62ff2111,8ecedccf-c230-516b-bbc2-108f7a6fbe63,6d807393-f4ab-5f76-b544-251eeda27ba3,977.1470119855348,125,43.57108233453876,2.507667302527957
e8aeb018-f679-5670-b210-de4f62ff2111,8ecedccf-c230-516b-bbc2-108f7a6fbe63,82cd11ba-d1a0-58b1-b14f-edd741f36e87,789.7647504228953,231,183.99019342720862,0.41573547269816036
e8aeb018-f679-5670-b210-de4f62ff2111,8ecedccf-c230-516b-bbc2-108f7a6fbe63,87b859e0-789a-56e6-b1ba-4fe76221d3bf,677.7548837339396,66,-14.685105206421369,9.372616426534403
e8aeb018-f679-5670-b210-de4f62ff2111,8ecedccf-c230-516b-bbc2-108f7a6fbe63,94e18241-54bd-5516-b36f-94ab6e323aca,607.0368028043373,45,-5.586400233694768,0.8022181535112517
e8aeb018-f679-5670-b210-de4f62ff2111,8ecedccf-c230-516b-bbc2-108f7a6fbe63,97d26d91-c562-5f27-9ebd-285e89c8f4bf,873.516202900845,66,-6.793016908403743,0.0
e8aeb018-f679-5670-b210-de4f62ff2111,8ecedccf-c230-516b-bbc2-108f7a6fbe63,983871db-adfb-543e-b438-6b00044ffb64,906.222412584051,443,291.9629312359915,63.48823910570643
e8aeb018-f679-5670-b210-de4f62ff2111,8ecedccf-c230-516b-bbc2-108f7a6fbe63,9928e9a1-d9fc-5fdd-86c2-8909352fd7fe,422.3311477670749,199,128.6114753721542,5.132255102145125
e8aeb018-f679-5670-b210-de4f62ff2111,8ecedccf-c230-516b-bbc2-108f7a6fbe63,afe9d181-1c64-5cca-b4b7-a9fa24eceeea,521.4003279467495,117,30.099945342208414,0.672226588857215
e8aeb018-f679-5670-b210-de4f62ff2111,8ecedccf-c230-516b-bbc2-108f7a6fbe63,c0cf5e5c-b5c9-585a-8e79-d9830bc954f6,446.6503181748605,113,97.04820292232641,0.48426474825089955
e8aeb018-f679-5670-b210-de4f62ff2111,8ecedccf-c230-516b-bbc2-108f7a6fbe63,cd81184b-b6f1-563c-b463-36a69ddfb598,861.0081360682639,163,132.24970942613342,0.7339185256125844
e8aeb018-f679-5670-b210-de4f62ff2111,8ecedccf-c230-516b-bbc2-108f7a6fbe63,d0ae6d2d-e561-56b3-a2c1-113c1c56ae81,573.597190076496,202,181.51438606869658,7.628614326627899e-15
e8aeb018-f679-5670-b210-de4f62ff2111,8ecedccf-c230-516b-bbc2-108f7a6fbe63,d2f08f15-f9f2-5f65-a740-b05896774467,798.0226064365329,336,288.4986543787778,0.19742374286988482
e8aeb018-f679-5670-b210-de4f62ff2111,8ecedccf-c230-516b-bbc2-108f7a6fbe63,d3961f5a-3ea7-53d3-89f4-78b65b0c0c6b,1963.0711820914462,684,613.8903149253055,14.795853725434608
e8aeb018-f679-5670-b210-de4f62ff2111,8ecedccf-c230-516b-bbc2-108f7a6fbe63,d9506935-1215-5499-93c0-8bdd86ab9418,200.9785966946821,63,39.07397658396641,0.3025142427659153
e8aeb018-f679-5670-b210-de4f62ff2111,d6f21f11-7533-52dd-a4dc-2fb8e260c02c,012857cc-907f-5e7d-b8fb-796d2c9f1621,425.5870433320341,105,69.53441305566383,0.49496024468312444
e8aeb018-f679-5670-b210-de4f62ff2111,d6f21f11-7533-52dd-a4dc-2fb8e260c02c,042e2e80-f954-5df4-97be-29dd428cc598,420.8928571979925,163,112.89370747642946,1.3927880497337279e-14
e8aeb018-f679-5670-b210-de4f62ff2111,d6f21f11-7533-52dd-a4dc-2fb8e260c02c,058c6382-bde2-59d1-93ff-20c6161a4736,340.9355406800957,128,87.41243563332193,0.33456867095319137
e8aeb018-f679-5670-b210-de4f62ff2111,d6f21f11-7533-52dd-a4dc-2fb8e260c02c,07371b94-955f-52a4-9bf9-f0a6ad2b4fa8,603.9451284974527,0,-50.32876070812106,2.0633126849286736
e8aeb018-f679-5670-b210-de4f62ff2111,d6f21f11-7533-52dd-a4dc-2fb8e260c02c,0ec23038-d3ab-588c-bbd6-1f5c744cdde1,792.5899421755827,202,69.90167630406955,3.7925192370219105
e8aeb018-f679-5670-b210-de4f62ff2111,d6f21f11-7533-52dd-a4dc-2fb8e260c02c,1ca3438e-9e23-58f0-a35f-f15f7a23beb9,455.1580705914135,171,116.8145154057841,2.019330763804981
e8aeb018-f679-5670-b210-de4f62ff2111,d6f21f11-7533-52dd-a4dc-2fb8e260c02c,1e9605fd-5682-52b6-8f05-e8a92dd44513,229.5378847138108,0,-38.25631411896847,6.6917338185343835
e8aeb018-f679-5670-b210-de4f62ff2111,d6f21f11-7533-52dd-a4dc-2fb8e260c02c,2082733c-4e17-51fe-bc8c-bf33d3ec5d7e,546.661943488238,179,159.47635916113435,0.24873571432220115
e8aeb018-f679-5670-b210-de4f62ff2111,d6f21f11-7533-52dd-a4dc-2fb8e260c02c,22231140-3780-5fe8-a7d4-d33f61d15111,269.1552840006343,31,8.570392999947142,0.41946513162254284
e8aeb018-f679-5670-b210-de4f62ff2111,d6f21f11-7533-52dd-a4dc-2fb8e260c02c,2897aac2-f219-5167-b800-73fac27f6b85,449.37663440346756,158,131.2513908093174,1.9849784455440411
e8aeb018-f679-5670-b210-de4f62ff2111,d6f21f11-7533-52dd-a4dc-2fb8e260c02c,2933d8b7-2438-521b-b38d-d3a5224f87fc,1082.0211841899713,231,166.5939771315493,10.527358070490457
e8aeb018-f679-5670-b210-de4f62ff2111,d6f21f11-7533-52dd-a4dc-2fb8e260c02c,2eb3a104-e572-583a-afa0-156ee0dc4cce,649.9729407765045,17,-60.37773104482197,3.01114444685976
e8aeb018-f679-5670-b210-de4f62ff2111,d6f21f11-7533-52dd-a4dc-2fb8e260c02c,38adf7ba-476e-5e6b-9163-781a13538253,967.3833692155042,31,-26.582343405684767,2.80424624272903
e8aeb018-f679-5670-b210-de4f62ff2111,d6f21f11-7533-52dd-a4dc-2fb8e260c02c,4d9429b6-2ebf-5b5d-ac48-f779d5a1e270,208.71365859453317,107,72.21439023424446,0.3771288014936301
e8aeb018-f679-5670-b210-de4f62ff2111,d6f21f11-7533-52dd-a4dc-2fb8e260c02c,5bbfdec8-65ae-59e6-b211-5eccb5b765fa,882.0802173960299,252,220.49713509299895,1.3221109742007573
e8aeb018-f679-5670-b210-de4f62ff2111,d6f21f11-7533-52dd-a4dc-2fb8e260c02c,6baabed2-52d7-5cb7-bf74-86c7cb3e4f07,514.8872027507814,69,38.35195221721539,9.848498747223054e-15
e8aeb018-f679-5670-b210-de4f62ff2111,d6f21f11-7533-52dd-a4dc-2fb8e260c02c,6d807393-f4ab-5f76-b544-251eeda27ba3,799.8196446816864,135,68.3483629431928,2.820300491597121
e8aeb018-f679-5670-b210-de4f62ff2111,d6f21f11-7533-52dd-a4dc-2fb8e260c02c,82cd11ba-d1a0-58b1-b14f-edd741f36e87,721.310930622324,169,126.064825558195,0.40040616210328656
e8aeb018-f679-5670-b210-de4f62ff2111,d6f21f11-7533-52dd-a4dc-2fb8e260c02c,87b859e0-789a-56e6-b1ba-4fe76221d3bf,676.9443034042484,88,7.411392451875173,1.4196544593887446
e8aeb018-f679-5670-b210-de4f62ff2111,d6f21f11-7533-52dd-a4dc-2fb8e260c02c,94e18241-54bd-5516-b36f-94ab6e323aca,539.5961768808879,46,1.0336519265926754,2.1712275355156962
e8aeb018-f679-5670-b210-de4f62ff2111,d6f21f11-7533-52dd-a4dc-2fb8e260c02c,97d26d91-c562-5f27-9ebd-285e89c8f4bf,774.478433464783,112,47.46013054460141,0.06587278788224507
e8aeb018-f679-5670-b210-de4f62ff2111,d6f21f11-7533-52dd-a4dc-2fb8e260c02c,983871db-adfb-543e-b438-6b00044ffb64,711.8664733913374,114,-4.644412231889575,5.226497135863236
e8aeb018-f679-5670-b210-de4f62ff2111,d6f21f11-7533-52dd-a4dc-2fb8e260c02c,9928e9a1-d9fc-5fdd-86c2-8909352fd7fe,399.85333956778345,253,186.35777673870274,3.7435868090394924
e8aeb018-f679-5670-b210-de4f62ff2111,d6f21f11-7533-52dd-a4dc-2fb8e260c02c,afe9d181-1c64-5cca-b4b7-a9fa24eceeea,494.75783702332456,0,-82.45963950388743,1.2437332763439803
e8aeb018-f679-5670-b210-de4f62ff2111,d6f21f11-7533-52dd-a4dc-2fb8e260c02c,c0cf5e5c-b5c9-585a-8e79-d9830bc954f6,384.6530676532002,48,34.262390440957134,0.20589586005595437
e8aeb018-f679-5670-b210-de4f62ff2111,d6f21f11-7533-52dd-a4dc-2fb8e260c02c,cd81184b-b6f1-563c-b463-36a69ddfb598,739.4298124181405,169,142.59179241363785,0.042748334933050976
e8aeb018-f679-5670-b210-de4f62ff2111,d6f21f11-7533-52dd-a4dc-2fb8e260c02c,d0ae6d2d-e561-56b3-a2c1-113c1c56ae81,514.3937158242632,316,297.62879586341916,0.0
e8aeb018-f679-5670-b210-de4f62ff2111,d6f21f11-7533-52dd-a4dc-2fb8e260c02c,d2f08f15-f9f2-5f65-a740-b05896774467,704.1847248929931,263,221.08424256589325,0.17817834207357158
e8aeb018-f679-5670-b210-de4f62ff2111,d6f21f11-7533-52dd-a4dc-2fb8e260c02c,d3961f5a-3ea7-53d3-89f4-78b65b0c0c6b,1616.5644327278928,70,12.265555974003824,13.937263646166839
e8aeb018-f679-5670-b210-de4f62ff2111,d6f21f11-7533-52dd-a4dc-2fb8e260c02c,d9506935-1215-5499-93c0-8bdd86ab9418,186.62223712073964,71,48.783067009435754,0.2483580151447498
