org_id,botica_id,producto_id,demanda_horizonte,demanda_semanal,id,ubicacion_tipo,cantidad_disponible,stock_minimo,stock_por_recibir,stock_en_transito,stock_maximo,updated_at,id_prov,proveedor_id,lead_time_dias,precio_referencial,moneda_id,cantidad_minima_compra,created_at,updated_at_prov,activo,demanda_durante_lead_time,stock_proyectado,stock_seguridad,cantidad_recomendada,nivel_urgencia,costo_estimado,stock_bajo,stockout_inminente
e8aeb018-f679-5670-b210-de4f62ff2111,26f7241d-a84e-5e4a-a43d-33eea1e54eea,012857cc-907f-5e7d-b8fb-796d2c9f1621,527.0633319807404,43.92194433172836,b79593f2-b464-5422-8c50-ab8b52281ff2,botica,0,35,197,197,225,2026-05-10T00:00:00,4ad8a601-f059-5ea2-9871-a1a5c0ee240a,ab4a547f-e75d-5601-8171-00da4efa4b57,7,0.44,133b44d1-2b1a-5558-970e-191a0eb622ba,35,2023-01-15T10:00:00,2023-01-15T10:00:00,True,43.92194433172836,-43.92194433172836,0.6330863206334842,527.6964183013739,ALTA,232.19,True,True
e8aeb018-f679-5670-b210-de4f62ff2111,26f7241d-a84e-5e4a-a43d-33eea1e54eea,042e2e80-f954-5df4-97be-29dd428cc598,453.8869680508777,37.82391400423981,2cfa31e3-3035-5ea7-ada0-e78c195d887b,botica,225,35,0,0,225,2026-05-10T00:00:00,dcd45533-1792-5645-9cbb-fb366c698e38,c6617891-56ff-5690-89a4-1ece06685ff5,10,0.66,133b44d1-2b1a-5558-970e-191a0eb622ba,35,2023-01-15T10:00:00,2023-01-15T10:00:00,True,54.03416286319973,170.96583713680027,1.3927880497337279e-14,228.88696805087773,BAJA,151.07,False,False
e8aeb018-f679-5670-b210-de4f62ff2111,26f7241d-a84e-5e4a-a43d-33eea1e54eea,058c6382-bde2-59d1-93ff-20c6161a4736,392.9479119460183,32.745659328834854,ac5b7bd5-9f64-5b59-8bf0-6c34d18fe9ed,botica,0,28,202,202,180,2026-05-10T00:00:00,ab93dc32-2f57-54e5-b6b2-cc69f77879be,c6617891-56ff-5690-89a4-1ece06685ff5,10,2.48,133b44d1-2b1a-5558-970e-191a0eb622ba,28,2023-01-15T10:00:00,2023-01-15T10:00:00,True,46.77951332690693,-46.77951332690693,2.601745361336327,395.5496573073546,ALTA,980.96,True,True
e8aeb018-f679-5670-b210-de4f62ff2111,26f7241d-a84e-5e4a-a43d-33eea1e54eea,07371b94-955f-52a4-9bf9-f0a6ad2b4fa8,859.4488962999488,71.62074135832907,3f63422c-5be6-5d29-9b3c-f4195680ad27,botica,178,42,0,0,270,2026-05-10T00:00:00,2541bbf4-109b-515d-8dd9-86fd9cf61c45,ab4a547f-e75d-5601-8171-00da4efa4b57,7,4.68,133b44d1-2b1a-5558-970e-191a0eb622ba,42,2023-01-15T10:00:00,2023-01-15T10:00:00,True,71.62074135832907,106.37925864167093,7.165906998372328,688.6148032983211,BAJA,3222.72,False,False
e8aeb018-f679-5670-b210-de4f62ff2111,26f7241d-a84e-5e4a-a43d-33eea1e54eea,0ec23038-d3ab-588c-bbd6-1f5c744cdde1,837.0740964972111,69.75617470810093,4a99d262-135c-50d8-addb-0f956e691e12,botica,391,77,0,0,495,2026-05-10T00:00:00,d946bac9-f7b1-5a91-a416-9e43d17ae993,a6f6d890-1609-53fc-b4a6-5733ccc9d078,14,0.22,133b44d1-2b1a-5558-970e-191a0eb622ba,77,2023-01-15T10:00:00,2023-01-15T10:00:00,True,139.51234941620186,251.48765058379814,8.341324795668264,454.4154212928794,BAJA,99.97,False,False
e8aeb018-f679-5670-b210-de4f62ff2111,26f7241d-a84e-5e4a-a43d-33eea1e54eea,1ca3438e-9e23-58f0-a35f-f15f7a23beb9,559.150373546833,46.59586446223608,1e069db7-fda8-5e12-9ec4-c33bf8d4207b,botica,70,35,0,0,225,2026-05-10T00:00:00,76ef5bb7-809f-5f64-8177-167e92fefd72,c6617891-56ff-5690-89a4-1ece06685ff5,10,4.12,133b44d1-2b1a-5558-970e-191a0eb622ba,35,2023-01-15T10:00:00,2023-01-15T10:00:00,True,66.56552066033726,3.4344793396627438,2.3003604852910837,491.45073403212405,BAJA,2024.78,False,False
e8aeb018-f679-5670-b210-de4f62ff2111,26f7241d-a84e-5e4a-a43d-33eea1e54eea,1e9605fd-5682-52b6-8f05-e8a92dd44513,245.9346325365865,20.49455271138221,23bb616d-ed0b-5915-928d-f9e5c2fe833e,botica,111,21,0,0,135,2026-05-10T00:00:00,d92b9575-0ad8-5c38-a1bb-43a22336c66f,a6f6d890-1609-53fc-b4a6-5733ccc9d078,14,1.21,133b44d1-2b1a-5558-970e-191a0eb622ba,21,2023-01-15T10:00:00,2023-01-15T10:00:00,True,40.98910542276442,70.01089457723558,9.474588598224994,144.40922113481147,BAJA,174.74,False,False
e8aeb018-f679-5670-b210-de4f62ff2111,26f7241d-a84e-5e4a-a43d-33eea1e54eea,2082733c-4e17-51fe-bc8c-bf33d3ec5d7e,709.243507518171,59.10362562651425,44d2fd1e-06fc-56c2-8a36-2e85aa000499,botica,177,42,0,0,270,2026-05-10T00:00:00,ab250c7e-f45e-5e8d-9b50-d70481d33297,76d6c9f4-5d7d-53c0-bb1f-2a577383765a,3,0.83,133b44d1-2b1a-5558-970e-191a0eb622ba,42,2023-01-15T10:00:00,2023-01-15T10:00:00,True,25.330125268506105,151.6698747314939,1.0335518111270907,533.277059329298,BAJA,442.62,False,False
e8aeb018-f679-5670-b210-de4f62ff2111,26f7241d-a84e-5e4a-a43d-33eea1e54eea,22231140-3780-5fe8-a7d4-d33f61d15111,335.595215242643,27.96626793688692,f40f31d5-d808-5069-a4aa-76cfdf7085d2,botica,0,21,121,121,135,2026-05-10T00:00:00,64563084-bdaf-5d3b-a288-0d0f3a979d3e,ab4a547f-e75d-5601-8171-00da4efa4b57,7,1.93,133b44d1-2b1a-5558-970e-191a0eb622ba,21,2023-01-15T10:00:00,2023-01-15T10:00:00,True,27.96626793688692,-27.96626793688692,5.826450433232821e-15,335.595215242643,ALTA,647.7,True,True
e8aeb018-f679-5670-b210-de4f62ff2111,26f7241d-a84e-5e4a-a43d-33eea1e54eea,2897aac2-f219-5167-b800-73fac27f6b85,555.4242917962907,46.285357649690894,cdc9ff3d-1f97-583c-85d0-1df878ec7ad2,botica,131,28,0,0,180,2026-05-10T00:00:00,f2610a8d-8701-5f17-90ee-d106efe410a6,41cb90d0-d91a-57c2-b138-831be351479f,5,9.9,133b44d1-2b1a-5558-970e-191a0eb622ba,28,2023-01-15T10:00:00,2023-01-15T10:00:00,True,33.06096974977921,97.93903025022078,2.643181974341258,427.067473770632,BAJA,4227.97,False,False
e8aeb018-f679-5670-b210-de4f62ff2111,26f7241d-a84e-5e4a-a43d-33eea1e54eea,2933d8b7-2438-521b-b38d-d3a5224f87fc,1359.0695494729832,113.25579578941527,04251f7d-4a1d-52e8-aa0f-4e16cb719120,botica,79,56,0,0,360,2026-05-10T00:00:00,df55ae44-ffe4-5e22-984b-8bd286181c7d,41cb90d0-d91a-57c2-b138-831be351479f,5,0.44,133b44d1-2b1a-5558-970e-191a0eb622ba,56,2023-01-15T10:00:00,2023-01-15T10:00:00,True,80.89699699243947,-1.896996992439469,12.942661234622795,1293.012210707606,ALTA,568.93,False,True
e8aeb018-f679-5670-b210-de4f62ff2111,26f7241d-a84e-5e4a-a43d-33eea1e54eea,2eb3a104-e572-583a-afa0-156ee0dc4cce,645.6303974350931,53.80253311959109,1037b5f5-6264-51f0-b871-4b4012c17fd2,botica,366,56,0,0,360,2026-05-10T00:00:00,86fa96e5-7a51-587b-a4ab-0547ba9d3fcb,c6617891-56ff-5690-89a4-1ece06685ff5,10,0.39,133b44d1-2b1a-5558-970e-191a0eb622ba,56,2023-01-15T10:00:00,2023-01-15T10:00:00,True,76.86076159941584,289.1392384005842,26.040225168981845,305.6706226040749,BAJA,119.21,False,False
e8aeb018-f679-5670-b210-de4f62ff2111,26f7241d-a84e-5e4a-a43d-33eea1e54eea,38adf7ba-476e-5e6b-9163-781a13538253,1192.326875631795,99.36057296931625,6f8f506c-4cc0-5ff8-815e-fb152fc55a76,botica,293,56,0,0,360,2026-05-10T00:00:00,fc926e0d-19a6-5f03-90fd-2c4a670a9d61,41cb90d0-d91a-57c2-b138-831be351479f,5,0.33,133b44d1-2b1a-5558-970e-191a0eb622ba,56,2023-01-15T10:00:00,2023-01-15T10:00:00,True,70.9718378352259,222.0281621647741,7.1347219295218824,906.4615975613169,BAJA,299.13,False,False
e8aeb018-f679-5670-b210-de4f62ff2111,26f7241d-a84e-5e4a-a43d-33eea1e54eea,4d9429b6-2ebf-5b5d-ac48-f779d5a1e270,224.7497041703519,18.72914201419599,0b00f807-7cc9-5e28-bc42-a84228ef417d,botica,65,21,0,0,135,2026-05-10T00:00:00,56db5cb1-323a-5ac6-b3b0-cc67eb01d651,a6f6d890-1609-53fc-b4a6-5733ccc9d078,14,1.21,133b44d1-2b1a-5558-970e-191a0eb622ba,21,2023-01-15T10:00:00,2023-01-15T10:00:00,True,37.45828402839198,27.54171597160802,2.562629250817038,162.31233342116892,BAJA,196.4,False,False
e8aeb018-f679-5670-b210-de4f62ff2111,26f7241d-a84e-5e4a-a43d-33eea1e54eea,5bbfdec8-65ae-59e6-b211-5eccb5b765fa,1152.5427786103442,96.04523155086201,ba916d44-6f49-52ab-b5bf-bd93fb735611,botica,210,56,0,0,360,2026-05-10T00:00:00,735d37b2-1071-55a1-b105-17269ef25d7f,76d6c9f4-5d7d-53c0-bb1f-2a577383765a,3,0.25,133b44d1-2b1a-5558-970e-191a0eb622ba,56,2023-01-15T10:00:00,2023-01-15T10:00:00,True,41.162242093226574,168.83775790677342,4.507867327715355,947.0506459380595,BAJA,236.76,False,False
e8aeb018-f679-5670-b210-de4f62ff2111,26f7241d-a84e-5e4a-a43d-33eea1e54eea,6baabed2-52d7-5cb7-bf74-86c7cb3e4f07,641.6261483858182,53.46884569881818,6fb0dcff-d324-57b7-8e66-1f3d30ad0b64,botica,241,42,0,0,270,2026-05-10T00:00:00,169543e4-a742-5997-8522-3bac880785ee,41cb90d0-d91a-57c2-b138-831be351479f,5,0.66,133b44d1-2b1a-5558-970e-191a0eb622ba,42,2023-01-15T10:00:00,2023-01-15T10:00:00,True,38.19203264201298,202.80796735798702,0.0,400.62614838581817,BAJA,264.41,False,False
e8aeb018-f679-5670-b210-de4f62ff2111,26f7241d-a84e-5e4a-a43d-33eea1e54eea,6d807393-f4ab-5f76-b544-251eeda27ba3,1075.5981217846322,89.63317681538602,8931cfb6-890e-5350-998f-df41a8c7a63b,botica,298,63,0,0,405,2026-05-10T00:00:00,eb403387-989b-5bdb-9d64-43f56393228e,ab4a547f-e75d-5601-8171-00da4efa4b57,7,0.39,133b44d1-2b1a-5558-970e-191a0eb622ba,63,2023-01-15T10:00:00,2023-01-15T10:00:00,True,89.63317681538602,208.36682318461396,0.0,777.5981217846322,BAJA,303.26,False,False
e8aeb018-f679-5670-b210-de4f62ff2111,26f7241d-a84e-5e4a-a43d-33eea1e54eea,82cd11ba-d1a0-58b1-b14f-edd741f36e87,1141.8215950201557,95.15179958501297,cd52c51e-7571-5039-9606-b83a502559d8,botica,90,49,0,0,315,2026-05-10T00:00:00,395ce26b-7ba6-50d6-a343-bccbadd7b7f8,41cb90d0-d91a-57c2-b138-831be351479f,5,0.99,133b44d1-2b1a-5558-970e-191a0eb622ba,49,2023-01-15T10:00:00,2023-01-15T10:00:00,True,67.96557113215212,22.03442886784788,1.5468293304848755,1053.3684243506405,BAJA,1042.83,False,False
e8aeb018-f679-5670-b210-de4f62ff2111,26f7241d-a84e-5e4a-a43d-33eea1e54eea,87b859e0-789a-56e6-b1ba-4fe76221d3bf,756.3667458601989,63.030562155016575,199554f9-391e-5d08-aaff-c3ae3c8d76b7,botica,73,49,0,0,315,2026-05-10T00:00:00,c5fb9238-20c6-5255-94a6-516365b4e913,c6617891-56ff-5690-89a4-1ece06685ff5,10,0.39,133b44d1-2b1a-5558-970e-191a0eb622ba,49,2023-01-15T10:00:00,2023-01-15T10:00:00,True,90.04366022145224,-17.043660221452242,5.845592783867224,689.2123386440661,ALTA,268.79,False,True
e8aeb018-f679-5670-b210-de4f62ff2111,26f7241d-a84e-5e4a-a43d-33eea1e54eea,94e18241-54bd-5516-b36f-94ab6e323aca,685.2927433121298,57.10772860934415,a28fd095-05a7-5aeb-99d0-a47388497264,botica,76,35,0,0,225,2026-05-10T00:00:00,089b2005-9e09-507e-96ed-3b189d0455f7,ab4a547f-e75d-5601-8171-00da4efa4b57,7,3.3,133b44d1-2b1a-5558-970e-191a0eb622ba,35,2023-01-15T10:00:00,2023-01-15T10:00:00,True,57.10772860934416,18.892271390655843,0.1040347284285539,609.3967780405584,BAJA,2011.01,False,False
e8aeb018-f679-5670-b210-de4f62ff2111,26f7241d-a84e-5e4a-a43d-33eea1e54eea,97d26d91-c562-5f27-9ebd-285e89c8f4bf,980.5285042584892,81.71070868820743,bb7950c9-9cec-5778-a45c-802845c8b661,botica,54,63,343,343,405,2026-05-10T00:00:00,9779468c-ec67-5fd3-a44c-851c8bacf557,ab4a547f-e75d-5601-8171-00da4efa4b57,7,0.5,133b44d1-2b1a-5558-970e-191a0eb622ba,63,2023-01-15T10:00:00,2023-01-15T10:00:00,True,81.71070868820743,-27.710708688207433,1.097202695282854,927.625706953772,ALTA,463.81,True,True
e8aeb018-f679-5670-b210-de4f62ff2111,26f7241d-a84e-5e4a-a43d-33eea1e54eea,983871db-adfb-543e-b438-6b00044ffb64,851.8031369779651,70.98359474816375,889930e0-60b8-560c-ba01-7a0a010da35e,botica,350,70,0,0,450,2026-05-10T00:00:00,4352a522-0d9e-57ee-95b3-2fa1882280e5,a6f6d890-1609-53fc-b4a6-5733ccc9d078,14,0.44,133b44d1-2b1a-5558-970e-191a0eb622ba,70,2023-01-15T10:00:00,2023-01-15T10:00:00,True,141.9671894963275,208.0328105036725,2.9646620295199386,504.767799007485,BAJA,222.1,False,False
e8aeb018-f679-5670-b210-de4f62ff2111,26f7241d-a84e-5e4a-a43d-33eea1e54eea,9928e9a1-d9fc-5fdd-86c2-8909352fd7fe,413.5972613994684,34.466438449955696,88309ade-d1f9-5b0c-92e5-f9b22bf33813,botica,309,42,0,0,270,2026-05-10T00:00:00,d935cb63-079a-5495-b357-bb799082d254,a6f6d890-1609-53fc-b4a6-5733ccc9d078,14,0.33,133b44d1-2b1a-5558-970e-191a0eb622ba,42,2023-01-15T10:00:00,2023-01-15T10:00:00,True,68.93287689991139,240.06712310008862,2.7358973391828756,107.33315873865126,BAJA,35.42,False,False
e8aeb018-f679-5670-b210-de4f62ff2111,26f7241d-a84e-5e4a-a43d-33eea1e54eea,afe9d181-1c64-5cca-b4b7-a9fa24eceeea,574.2468468504326,47.85390390420272,d4732168-95e2-5d9f-b6c1-8d76552634c1,botica,236,49,0,0,315,2026-05-10T00:00:00,dfcd9287-adb7-5e7d-a1ee-b87a64884f85,a6f6d890-1609-53fc-b4a6-5733ccc9d078,14,0.61,133b44d1-2b1a-5558-970e-191a0eb622ba,49,2023-01-15T10:00:00,2023-01-15T10:00:00,True,95.70780780840543,140.29219219159455,8.96353972367421,347.2103865741068,BAJA,211.8,False,False
e8aeb018-f679-5670-b210-de4f62ff2111,26f7241d-a84e-5e4a-a43d-33eea1e54eea,c0cf5e5c-b5c9-585a-8e79-d9830bc954f6,473.30597331691354,39.44216444307613,0d1cafe7-7eb8-5462-87bd-6fe48a599117,botica,43,28,0,0,180,2026-05-10T00:00:00,d62dac84-5b45-57f9-bcb6-a4770dafb37a,76d6c9f4-5d7d-53c0-bb1f-2a577383765a,3,0.72,133b44d1-2b1a-5558-970e-191a0eb622ba,28,2023-01-15T10:00:00,2023-01-15T10:00:00,True,16.90378476131834,26.09621523868166,0.5006968489088763,430.8066701658224,BAJA,310.18,False,False
e8aeb018-f679-5670-b210-de4f62ff2111,26f7241d-a84e-5e4a-a43d-33eea1e54eea,cd81184b-b6f1-563c-b463-36a69ddfb598,966.7702719637533,80.56418933031277,0e6ac687-1b69-5acb-88f5-1967205caabd,botica,249,56,0,0,360,2026-05-10T00:00:00,1fb545ee-9157-5676-aedd-0e88d8fc7be1,76d6c9f4-5d7d-53c0-bb1f-2a577383765a,3,0.33,133b44d1-2b1a-5558-970e-191a0eb622ba,56,2023-01-15T10:00:00,2023-01-15T10:00:00,True,34.52750971299118,214.4724902870088,0.22324179524463286,717.993513758998,BAJA,236.94,False,False
e8aeb018-f679-5670-b210-de4f62ff2111,26f7241d-a84e-5e4a-a43d-33eea1e54eea,d0ae6d2d-e561-56b3-a2c1-113c1c56ae81,650.0571637257505,54.1714303104792,cf7f94d2-9c77-541c-93c7-3a177f26e26e,botica,175,42,0,0,270,2026-05-10T00:00:00,69be58f1-4362-5164-bb9b-e83762c473b6,76d6c9f4-5d7d-53c0-bb1f-2a577383765a,3,1.38,133b44d1-2b1a-5558-970e-191a0eb622ba,42,2023-01-15T10:00:00,2023-01-15T10:00:00,True,23.21632727591966,151.78367272408033,0.0,475.05716372575046,BAJA,655.58,False,False
e8aeb018-f679-5670-b210-de4f62ff2111,26f7241d-a84e-5e4a-a43d-33eea1e54eea,d2f08f15-f9f2-5f65-a740-b05896774467,870.3365260728135,72.52804383940112,114061ed-6fb4-5ff1-af9b-114fbae3fcb3,botica,114,49,0,0,315,2026-05-10T00:00:00,7ec7f65f-7019-5947-ac6e-536fb49f29c6,41cb90d0-d91a-57c2-b138-831be351479f,5,0.5,133b44d1-2b1a-5558-970e-191a0eb622ba,49,2023-01-15T10:00:00,2023-01-15T10:00:00,True,51.80574559957223,62.19425440042777,0.6009636638583432,756.9374897366719,BAJA,378.47,False,False
e8aeb018-f679-5670-b210-de4f62ff2111,26f7241d-a84e-5e4a-a43d-33eea1e54eea,d3961f5a-3ea7-53d3-89f4-78b65b0c0c6b,2123.1081614370746,176.9256801197562,922236c5-6797-5e65-945b-ad3ad9371f7b,botica,400,84,0,0,540,2026-05-10T00:00:00,f6f37222-bdf9-551d-a92f-6aa1ca7dfa81,76d6c9f4-5d7d-53c0-bb1f-2a577383765a,3,0.28,133b44d1-2b1a-5558-970e-191a0eb622ba,84,2023-01-15T10:00:00,2023-01-15T10:00:00,True,75.82529147989553,324.17470852010445,14.754183420587278,1737.8623448576618,BAJA,486.6,False,False
e8aeb018-f679-5670-b210-de4f62ff2111,26f7241d-a84e-5e4a-a43d-33eea1e54eea,d9506935-1215-5499-93c0-8bdd86ab9418,224.95393258734316,18.746161048945265,8e4d52f6-7c9a-55f8-a6c2-0bf67a9c7578,botica,33,15,0,0,90,2026-05-10T00:00:00,a50bdd77-7c59-5aa9-bb47-035c6370585d,c6617891-56ff-5690-89a4-1ece06685ff5,10,1.54,133b44d1-2b1a-5558-970e-191a0eb622ba,14,2023-01-15T10:00:00,2023-01-15T10:00:00,True,26.780230069921807,6.2197699300781935,1.5050682955678556,193.45900088291103,BAJA,297.93,False,False
e8aeb018-f679-5670-b210-de4f62ff2111,43616d97-2221-569d-82eb-bcc14bcd6344,012857cc-907f-5e7d-b8fb-796d2c9f1621,503.92644068478387,41.99387005706532,1bcb82c8-29fa-5f96-8817-b5f115ca9915,botica,89,35,0,0,225,2026-05-10T00:00:00,4ad8a601-f059-5ea2-9871-a1a5c0ee240a,ab4a547f-e75d-5601-8171-00da4efa4b57,7,0.44,133b44d1-2b1a-5558-970e-191a0eb622ba,35,2023-01-15T10:00:00,2023-01-15T10:00:00,True,41.993870057065315,47.006129942934685,0.08298939056986587,415.00943007535375,BAJA,182.6,False,False
e8aeb018-f679-5670-b210-de4f62ff2111,43616d97-2221-569d-82eb-bcc14bcd6344,042e2e80-f954-5df4-97be-29dd428cc598,487.5056932976985,40.62547444147487,8e8bb85d-5999-56e7-b1e6-32342848d71f,botica,259,35,0,0,225,2026-05-10T00:00:00,dcd45533-1792-5645-9cbb-fb366c698e38,c6617891-56ff-5690-89a4-1ece06685ff5,10,0.66,133b44d1-2b1a-5558-970e-191a0eb622ba,35,2023-01-15T10:00:00,2023-01-15T10:00:00,True,58.03639205924981,200.9636079407502,5.629246420460286,234.13493971815876,BAJA,154.53,False,False
e8aeb018-f679-5670-b210-de4f62ff2111,43616d97-2221-569d-82eb-bcc14bcd6344,058c6382-bde2-59d1-93ff-20c6161a4736,381.55505855606543,31.79625487967212,cfbbe003-9dd4-52b9-b90f-59352633dde2,botica,22,28,211,211,180,2026-05-10T00:00:00,ab93dc32-2f57-54e5-b6b2-cc69f77879be,c6617891-56ff-5690-89a4-1ece06685ff5,10,2.48,133b44d1-2b1a-5558-970e-191a0eb622ba,28,2023-01-15T10:00:00,2023-01-15T10:00:00,True,45.42322125667446,-23.42322125667446,0.0,359.55505855606543,ALTA,891.7,True,True
e8aeb018-f679-5670-b210-de4f62ff2111,43616d97-2221-569d-82eb-bcc14bcd6344,07371b94-955f-52a4-9bf9-f0a6ad2b4fa8,669.9192019843772,55.826600165364766,76629c30-09f9-594b-84dc-07072e25794a,botica,166,42,0,0,270,2026-05-10T00:00:00,2541bbf4-109b-515d-8dd9-86fd9cf61c45,ab4a547f-e75d-5601-8171-00da4efa4b57,7,4.68,133b44d1-2b1a-5558-970e-191a0eb622ba,42,2023-01-15T10:00:00,2023-01-15T10:00:00,True,55.826600165364766,110.17339983463523,0.8215307289752098,504.7407327133524,BAJA,2362.19,False,False
e8aeb018-f679-5670-b210-de4f62ff2111,43616d97-2221-569d-82eb-bcc14bcd6344,0ec23038-d3ab-588c-bbd6-1f5c744cdde1,952.2817069737891,79.35680891448243,f552e174-61dd-5e42-8e06-c810574e9f15,botica,309,77,0,0,495,2026-05-10T00:00:00,d946bac9-f7b1-5a91-a416-9e43d17ae993,a6f6d890-1609-53fc-b4a6-5733ccc9d078,14,0.22,133b44d1-2b1a-5558-970e-191a0eb622ba,77,2023-01-15T10:00:00,2023-01-15T10:00:00,True,158.71361782896489,150.28638217103511,43.491649201785044,686.7733561755742,BAJA,151.09,False,False
e8aeb018-f679-5670-b210-de4f62ff2111,43616d97-2221-569d-82eb-bcc14bcd6344,1ca3438e-9e23-58f0-a35f-f15f7a23beb9,512.3722103324577,42.697684194371476,c8f4c47b-fd17-5f28-a787-7b62097e320d,botica,59,35,0,0,225,2026-05-10T00:00:00,76ef5bb7-809f-5f64-8177-167e92fefd72,c6617891-56ff-5690-89a4-1ece06685ff5,10,4.12,133b44d1-2b1a-5558-970e-191a0eb622ba,35,2023-01-15T10:00:00,2023-01-15T10:00:00,True,60.99669170624497,-1.9966917062449667,1.9460159169397646,455.3182262493975,ALTA,1875.91,False,True
e8aeb018-f679-5670-b210-de4f62ff2111,43616d97-2221-569d-82eb-bcc14bcd6344,1e9605fd-5682-52b6-8f05-e8a92dd44513,201.85832620751623,16.821527183959684,cb9270c5-8762-5626-befd-c2c302d779cd,botica,78,21,0,0,135,2026-05-10T00:00:00,d92b9575-0ad8-5c38-a1bb-43a22336c66f,a6f6d890-1609-53fc-b4a6-5733ccc9d078,14,1.21,133b44d1-2b1a-5558-970e-191a0eb622ba,21,2023-01-15T10:00:00,2023-01-15T10:00:00,True,33.64305436791937,44.35694563208063,2.8230126370459834,126.68133884456222,BAJA,153.28,False,False
e8aeb018-f679-5670-b210-de4f62ff2111,43616d97-2221-569d-82eb-bcc14bcd6344,2082733c-4e17-51fe-bc8c-bf33d3ec5d7e,653.4180578491317,54.45150482076098,90a8ac67-72a8-510d-ba84-0f553d58cf72,botica,329,42,0,0,270,2026-05-10T00:00:00,ab250c7e-f45e-5e8d-9b50-d70481d33297,76d6c9f4-5d7d-53c0-bb1f-2a577383765a,3,0.83,133b44d1-2b1a-5558-970e-191a0eb622ba,42,2023-01-15T10:00:00,2023-01-15T10:00:00,True,23.336359208897562,305.66364079110247,0.23896649597131356,324.6570243451031,BAJA,269.47,False,False
e8aeb018-f679-5670-b210-de4f62ff2111,43616d97-2221-569d-82eb-bcc14bcd6344,22231140-3780-5fe8-a7d4-d33f61d15111,313.9751912113868,26.164599267615568,da827e97-3228-5d1a-abcc-63694fe3b637,botica,63,21,0,0,135,2026-05-10T00:00:00,64563084-bdaf-5d3b-a288-0d0f3a979d3e,ab4a547f-e75d-5601-8171-00da4efa4b57,7,1.93,133b44d1-2b1a-5558-970e-191a0eb622ba,21,2023-01-15T10:00:00,2023-01-15T10:00:00,True,26.164599267615568,36.83540073238443,0.3363138887614481,251.31150510014822,BAJA,485.03,False,False
e8aeb018-f679-5670-b210-de4f62ff2111,43616d97-2221-569d-82eb-bcc14bcd6344,2897aac2-f219-5167-b800-73fac27f6b85,512.7597464037456,42.7299788669788,46e4433e-4a18-5e6d-8834-4de27450ed26,botica,101,28,0,0,180,2026-05-10T00:00:00,f2610a8d-8701-5f17-90ee-d106efe410a6,41cb90d0-d91a-57c2-b138-831be351479f,5,9.9,133b44d1-2b1a-5558-970e-191a0eb622ba,28,2023-01-15T10:00:00,2023-01-15T10:00:00,True,30.521413476413425,70.47858652358657,2.5873579943808784,414.3471043981265,BAJA,4102.04,False,False
e8aeb018-f679-5670-b210-de4f62ff2111,43616d97-2221-569d-82eb-bcc14bcd6344,2933d8b7-2438-521b-b38d-d3a5224f87fc,1175.1190213729924,97.92658511441603,aaf32d43-ee89-50b1-a550-32105b44dca6,botica,149,56,0,0,360,2026-05-10T00:00:00,df55ae44-ffe4-5e22-984b-8bd286181c7d,41cb90d0-d91a-57c2-b138-831be351479f,5,0.44,133b44d1-2b1a-5558-970e-191a0eb622ba,56,2023-01-15T10:00:00,2023-01-15T10:00:00,True,69.94756079601144,79.05243920398856,10.364116952911797,1036.4831383259043,BAJA,456.05,False,False
e8aeb018-f679-5670-b210-de4f62ff2111,43616d97-2221-569d-82eb-bcc14bcd6344,2eb3a104-e572-583a-afa0-156ee0dc4cce,742.7662998895745,61.89719165746454,2639b6f7-6dcb-57a1-8853-0cf5ad63a84b,botica,194,56,0,0,360,2026-05-10T00:00:00,86fa96e5-7a51-587b-a4ab-0547ba9d3fcb,c6617891-56ff-5690-89a4-1ece06685ff5,10,0.39,133b44d1-2b1a-5558-970e-191a0eb622ba,56,2023-01-15T10:00:00,2023-01-15T10:00:00,True,88.42455951066363,105.57544048933637,3.1499482219891406,551.9162481115636,BAJA,215.25,False,False
e8aeb018-f679-5670-b210-de4f62ff2111,43616d97-2221-569d-82eb-bcc14bcd6344,38adf7ba-476e-5e6b-9163-781a13538253,999.5264777237816,83.29387314364847,ed394274-0cfd-57b3-bfd2-39c21a1df8d9,botica,271,56,0,0,360,2026-05-10T00:00:00,fc926e0d-19a6-5f03-90fd-2c4a670a9d61,41cb90d0-d91a-57c2-b138-831be351479f,5,0.33,133b44d1-2b1a-5558-970e-191a0eb622ba,56,2023-01-15T10:00:00,2023-01-15T10:00:00,True,59.49562367403462,211.50437632596538,5.286687189491571,733.8131649132731,BAJA,242.16,False,False
e8aeb018-f679-5670-b210-de4f62ff2111,43616d97-2221-569d-82eb-bcc14bcd6344,4d9429b6-2ebf-5b5d-ac48-f779d5a1e270,220.0447253667715,18.337060447230957,543e88a5-a225-5cf8-95ab-9c0d3d07954f,botica,65,21,0,0,135,2026-05-10T00:00:00,56db5cb1-323a-5ac6-b3b0-cc67eb01d651,a6f6d890-1609-53fc-b4a6-5733ccc9d078,14,1.21,133b44d1-2b1a-5558-970e-191a0eb622ba,21,2023-01-15T10:00:00,2023-01-15T10:00:00,True,36.674120894461915,28.325879105538085,1.0050150936805828,156.04974046045209,BAJA,188.82,False,False
e8aeb018-f679-5670-b210-de4f62ff2111,43616d97-2221-569d-82eb-bcc14bcd6344,5bbfdec8-65ae-59e6-b211-5eccb5b765fa,1044.5566903928686,87.04639086607239,a6ae5611-4983-5798-8fd1-37ff5de52256,botica,308,56,0,0,360,2026-05-10T00:00:00,735d37b2-1071-55a1-b105-17269ef25d7f,76d6c9f4-5d7d-53c0-bb1f-2a577383765a,3,0.25,133b44d1-2b1a-5558-970e-191a0eb622ba,56,2023-01-15T10:00:00,2023-01-15T10:00:00,True,37.30559608545959,270.69440391454043,3.9654527698518414,740.5221431627206,BAJA,185.13,False,False
e8aeb018-f679-5670-b210-de4f62ff2111,43616d97-2221-569d-82eb-bcc14bcd6344,6baabed2-52d7-5cb7-bf74-86c7cb3e4f07,625.2111750484208,52.10093125403507,db3cc5bb-fdda-5329-81fa-40aebacce6a4,botica,34,42,278,278,270,2026-05-10T00:00:00,169543e4-a742-5997-8522-3bac880785ee,41cb90d0-d91a-57c2-b138-831be351479f,5,0.66,133b44d1-2b1a-5558-970e-191a0eb622ba,42,2023-01-15T10:00:00,2023-01-15T10:00:00,True,37.214950895739335,-3.214950895739335,1.969699749444611e-14,591.2111750484208,ALTA,390.2,True,True
e8aeb018-f679-5670-b210-de4f62ff2111,43616d97-2221-569d-82eb-bcc14bcd6344,6d807393-f4ab-5f76-b544-251eeda27ba3,1002.9506384108695,83.57921986757246,65baa141-3e49-54f4-b4cf-a7d529765e8d,botica,422,63,0,0,405,2026-05-10T00:00:00,eb403387-989b-5bdb-9d64-43f56393228e,ab4a547f-e75d-5601-8171-00da4efa4b57,7,0.39,133b44d1-2b1a-5558-970e-191a0eb622ba,63,2023-01-15T10:00:00,2023-01-15T10:00:00,True,83.57921986757246,338.4207801324275,2.683575246611967,583.6342136574815,BAJA,227.62,False,False
e8aeb018-f679-5670-b210-de4f62ff2111,43616d97-2221-569d-82eb-bcc14bcd6344,82cd11ba-d1a0-58b1-b14f-edd741f36e87,845.9618416015783,70.49682013346485,d465fc9a-5525-514c-8259-238a32fab708,botica,276,49,0,0,315,2026-05-10T00:00:00,395ce26b-7ba6-50d6-a343-bccbadd7b7f8,41cb90d0-d91a-57c2-b138-831be351479f,5,0.99,133b44d1-2b1a-5558-970e-191a0eb622ba,49,2023-01-15T10:00:00,2023-01-15T10:00:00,True,50.35487152390346,225.64512847609655,3.138526518807734,573.100368120386,BAJA,567.37,False,False
e8aeb018-f679-5670-b210-de4f62ff2111,43616d97-2221-569d-82eb-bcc14bcd6344,87b859e0-789a-56e6-b1ba-4fe76221d3bf,714.6297025037625,59.552475208646875,ccde38ba-7a71-5da2-943f-8ada8a282adb,botica,243,49,0,0,315,2026-05-10T00:00:00,c5fb9238-20c6-5255-94a6-516365b4e913,c6617891-56ff-5690-89a4-1ece06685ff5,10,0.39,133b44d1-2b1a-5558-970e-191a0eb622ba,49,2023-01-15T10:00:00,2023-01-15T10:00:00,True,85.07496458378125,157.92503541621875,9.528198855511736,481.1579013592742,BAJA,187.65,False,False
e8aeb018-f679-5670-b210-de4f62ff2111,43616d97-2221-569d-82eb-bcc14bcd6344,94e18241-54bd-5516-b36f-94ab6e323aca,636.5886292966399,53.04905244138666,2a7cf111-970e-57c0-91c0-2cf91144b936,botica,80,35,0,0,225,2026-05-10T00:00:00,089b2005-9e09-507e-96ed-3b189d0455f7,ab4a547f-e75d-5601-8171-00da4efa4b57,7,3.3,133b44d1-2b1a-5558-970e-191a0eb622ba,35,2023-01-15T10:00:00,2023-01-15T10:00:00,True,53.04905244138666,26.950947558613343,0.6050681102510234,557.1936974068909,BAJA,1838.74,False,False
e8aeb018-f679-5670-b210-de4f62ff2111,43616d97-2221-569d-82eb-bcc14bcd6344,97d26d91-c562-5f27-9ebd-285e89c8f4bf,873.8017976044972,72.81681646704143,7b8e5a61-6f52-5847-bb18-dbf050122c8d,botica,138,63,0,0,405,2026-05-10T00:00:00,9779468c-ec67-5fd3-a44c-851c8bacf557,ab4a547f-e75d-5601-8171-00da4efa4b57,7,0.5,133b44d1-2b1a-5558-970e-191a0eb622ba,63,2023-01-15T10:00:00,2023-01-15T10:00:00,True,72.81681646704143,65.18318353295857,1.7132885163685954,737.5150861208658,BAJA,368.76,False,False
e8aeb018-f679-5670-b210-de4f62ff2111,43616d97-2221-569d-82eb-bcc14bcd6344,983871db-adfb-543e-b438-6b00044ffb64,824.7485128923764,68.72904274103136,d123aebd-d768-5100-b3d6-e455c539923d,botica,506,70,0,0,450,2026-05-10T00:00:00,4352a522-0d9e-57ee-95b3-2fa1882280e5,a6f6d890-1609-53fc-b4a6-5733ccc9d078,14,0.44,133b44d1-2b1a-5558-970e-191a0eb622ba,70,2023-01-15T10:00:00,2023-01-15T10:00:00,True,137.45808548206273,368.54191451793724,5.3810251246515115,324.1295380170279,BAJA,142.62,False,False
e8aeb018-f679-5670-b210-de4f62ff2111,43616d97-2221-569d-82eb-bcc14bcd6344,9928e9a1-d9fc-5fdd-86c2-8909352fd7fe,430.8061133309627,35.90050944424689,bc2de48a-0f62-5ab2-8f3e-feb0a57b28fb,botica,0,42,237,237,270,2026-05-10T00:00:00,d935cb63-079a-5495-b357-bb799082d254,a6f6d890-1609-53fc-b4a6-5733ccc9d078,14,0.33,133b44d1-2b1a-5558-970e-191a0eb622ba,42,2023-01-15T10:00:00,2023-01-15T10:00:00,True,71.80101888849379,-71.80101888849379,0.0,430.8061133309627,ALTA,142.17,True,True
e8aeb018-f679-5670-b210-de4f62ff2111,43616d97-2221-569d-82eb-bcc14bcd6344,afe9d181-1c64-5cca-b4b7-a9fa24eceeea,582.1177515512206,48.50981262926839,4b3cb886-577f-52d8-a10e-1723225dcaf0,botica,262,49,0,0,315,2026-05-10T00:00:00,dfcd9287-adb7-5e7d-a1ee-b87a64884f85,a6f6d890-1609-53fc-b4a6-5733ccc9d078,14,0.61,133b44d1-2b1a-5558-970e-191a0eb622ba,49,2023-01-15T10:00:00,2023-01-15T10:00:00,True,97.01962525853678,164.9803747414632,35.42552848330533,355.543280034526,BAJA,216.88,False,False
e8aeb018-f679-5670-b210-de4f62ff2111,43616d97-2221-569d-82eb-bcc14bcd6344,c0cf5e5c-b5c9-585a-8e79-d9830bc954f6,444.98512648433854,37.08209387369488,9cc7b856-2024-5bac-aff2-8ee94c1a7f5a,botica,75,28,0,0,180,2026-05-10T00:00:00,d62dac84-5b45-57f9-bcb6-a4770dafb37a,76d6c9f4-5d7d-53c0-bb1f-2a577383765a,3,0.72,133b44d1-2b1a-5558-970e-191a0eb622ba,28,2023-01-15T10:00:00,2023-01-15T10:00:00,True,15.892325945869235,59.10767405413077,0.9228835013467173,370.9080099856852,BAJA,267.05,False,False
e8aeb018-f679-5670-b210-de4f62ff2111,43616d97-2221-569d-82eb-bcc14bcd6344,cd81184b-b6f1-563c-b463-36a69ddfb598,883.4523386998724,73.62102822498936,7a4c87b5-9996-5e91-a258-1ceb4ea93cab,botica,320,56,0,0,360,2026-05-10T00:00:00,1fb545ee-9157-5676-aedd-0e88d8fc7be1,76d6c9f4-5d7d-53c0-bb1f-2a577383765a,3,0.33,133b44d1-2b1a-5558-970e-191a0eb622ba,56,2023-01-15T10:00:00,2023-01-15T10:00:00,True,31.551869239281157,288.44813076071887,0.1605291945561763,563.6128678944285,BAJA,185.99,False,False
e8aeb018-f679-5670-b210-de4f62ff2111,43616d97-2221-569d-82eb-bcc14bcd6344,d0ae6d2d-e561-56b3-a2c1-113c1c56ae81,623.3456143097542,51.945467859146184,030ad046-3940-5159-a0a1-e0ceeafc305d,botica,120,42,0,0,270,2026-05-10T00:00:00,69be58f1-4362-5164-bb9b-e83762c473b6,76d6c9f4-5d7d-53c0-bb1f-2a577383765a,3,1.38,133b44d1-2b1a-5558-970e-191a0eb622ba,42,2023-01-15T10:00:00,2023-01-15T10:00:00,True,22.262343368205507,97.7376566317945,0.7291846013370491,504.0747989110912,BAJA,695.62,False,False
e8aeb018-f679-5670-b210-de4f62ff2111,43616d97-2221-569d-82eb-bcc14bcd6344,d2f08f15-f9f2-5f65-a740-b05896774467,802.2479349095095,66.85399457579246,fd327298-67e1-501a-9e11-c7300e865a24,botica,213,49,0,0,315,2026-05-10T00:00:00,7ec7f65f-7019-5947-ac6e-536fb49f29c6,41cb90d0-d91a-57c2-b138-831be351479f,5,0.5,133b44d1-2b1a-5558-970e-191a0eb622ba,49,2023-01-15T10:00:00,2023-01-15T10:00:00,True,47.75285326842318,165.24714673157683,0.2539372366795974,589.501872146189,BAJA,294.75,False,False
e8aeb018-f679-5670-b210-de4f62ff2111,43616d97-2221-569d-82eb-bcc14bcd6344,d3961f5a-3ea7-53d3-89f4-78b65b0c0c6b,2133.2996952177905,177.77497460148254,0c031346-8683-5615-babe-31a167884089,botica,480,84,0,0,540,2026-05-10T00:00:00,f6f37222-bdf9-551d-a92f-6aa1ca7dfa81,76d6c9f4-5d7d-53c0-bb1f-2a577383765a,3,0.28,133b44d1-2b1a-5558-970e-191a0eb622ba,84,2023-01-15T10:00:00,2023-01-15T10:00:00,True,76.18927482920681,403.8107251707932,13.218719507319015,1666.5184147251093,BAJA,466.63,False,False
e8aeb018-f679-5670-b210-de4f62ff2111,43616d97-2221-569d-82eb-bcc14bcd6344,d9506935-1215-5499-93c0-8bdd86ab9418,204.98197301383072,17.081831084485895,a46f806a-166e-5650-9f69-a9fd14c544bb,botica,31,15,0,0,90,2026-05-10T00:00:00,a50bdd77-7c59-5aa9-bb47-035c6370585d,c6617891-56ff-5690-89a4-1ece06685ff5,10,1.54,133b44d1-2b1a-5558-970e-191a0eb622ba,14,2023-01-15T10:00:00,2023-01-15T10:00:00,True,24.40261583497985,6.597384165020149,0.3621161154752165,174.34408912930593,BAJA,268.49,False,False
e8aeb018-f679-5670-b210-de4f62ff2111,7fb983e8-6848-5425-97a2-14da72722d0f,012857cc-907f-5e7d-b8fb-796d2c9f1621,448.04979412704813,37.337482843920675,c3add8f7-a3ac-5270-aeab-9c3a38135092,botica,134,35,0,0,225,2026-05-10T00:00:00,4ad8a601-f059-5ea2-9871-a1a5c0ee240a,ab4a547f-e75d-5601-8171-00da4efa4b57,7,0.44,133b44d1-2b1a-5558-970e-191a0eb622ba,35,2023-01-15T10:00:00,2023-01-15T10:00:00,True,37.337482843920675,96.66251715607933,0.0,314.04979412704813,BAJA,138.18,False,False
e8aeb018-f679-5670-b210-de4f62ff2111,7fb983e8-6848-5425-97a2-14da72722d0f,042e2e80-f954-5df4-97be-29dd428cc598,445.9240411042105,37.16033675868421,047ca893-30fc-5ac3-beb6-db5dab9d91a0,botica,191,35,0,0,225,2026-05-10T00:00:00,dcd45533-1792-5645-9cbb-fb366c698e38,c6617891-56ff-5690-89a4-1ece06685ff5,10,0.66,133b44d1-2b1a-5558-970e-191a0eb622ba,35,2023-01-15T10:00:00,2023-01-15T10:00:00,True,53.08619536954887,137.91380463045112,1.3927880497337279e-14,254.92404110421052,BAJA,168.25,False,False
e8aeb018-f679-5670-b210-de4f62ff2111,7fb983e8-6848-5425-97a2-14da72722d0f,058c6382-bde2-59d1-93ff-20c6161a4736,353.3287253439452,29.44406044532877,9f00498a-e04d-5ab1-9e2e-69b9e31d1dba,botica,161,28,0,0,180,2026-05-10T00:00:00,ab93dc32-2f57-54e5-b6b2-cc69f77879be,c6617891-56ff-5690-89a4-1ece06685ff5,10,2.48,133b44d1-2b1a-5558-970e-191a0eb622ba,28,2023-01-15T10:00:00,2023-01-15T10:00:00,True,42.06294349332681,118.93705650667319,2.5677394291996394,194.89646477314488,BAJA,483.34,False,False
e8aeb018-f679-5670-b210-de4f62ff2111,7fb983e8-6848-5425-97a2-14da72722d0f,07371b94-955f-52a4-9bf9-f0a6ad2b4fa8,647.649330243802,53.97077752031683,44a99a0a-68eb-50af-aacb-f15642d6c5b5,botica,0,42,239,239,270,2026-05-10T00:00:00,2541bbf4-109b-515d-8dd9-86fd9cf61c45,ab4a547f-e75d-5601-8171-00da4efa4b57,7,4.68,133b44d1-2b1a-5558-970e-191a0eb622ba,42,2023-01-15T10:00:00,2023-01-15T10:00:00,True,53.97077752031684,-53.97077752031684,3.3333692641355475,650.9826995079375,ALTA,3046.6,True,True
e8aeb018-f679-5670-b210-de4f62ff2111,7fb983e8-6848-5425-97a2-14da72722d0f,0ec23038-d3ab-588c-bbd6-1f5c744cdde1,876.4212876756401,73.03510730630335,41a86cbe-ab3e-5c67-bdf2-dade62afc9fb,botica,0,77,461,461,495,2026-05-10T00:00:00,d946bac9-f7b1-5a91-a416-9e43d17ae993,a6f6d890-1609-53fc-b4a6-5733ccc9d078,14,0.22,133b44d1-2b1a-5558-970e-191a0eb622ba,77,2023-01-15T10:00:00,2023-01-15T10:00:00,True,146.0702146126067,-146.0702146126067,9.627360151720044,886.0486478273601,ALTA,194.93,True,True
e8aeb018-f679-5670-b210-de4f62ff2111,7fb983e8-6848-5425-97a2-14da72722d0f,1ca3438e-9e23-58f0-a35f-f15f7a23beb9,511.60899302257957,42.63408275188163,a18669a2-7f8b-57b2-881f-b8ba2c67b8a6,botica,0,35,258,258,225,2026-05-10T00:00:00,76ef5bb7-809f-5f64-8177-167e92fefd72,c6617891-56ff-5690-89a4-1ece06685ff5,10,4.12,133b44d1-2b1a-5558-970e-191a0eb622ba,35,2023-01-15T10:00:00,2023-01-15T10:00:00,True,60.90583250268804,-60.90583250268804,10.393673636396686,522.0026666589763,ALTA,2150.65,True,True
e8aeb018-f679-5670-b210-de4f62ff2111,7fb983e8-6848-5425-97a2-14da72722d0f,1e9605fd-5682-52b6-8f05-e8a92dd44513,200.20616563701907,16.683847136418255,31ad8b89-02a6-50de-a979-639738ed809d,botica,53,21,0,0,135,2026-05-10T00:00:00,d92b9575-0ad8-5c38-a1bb-43a22336c66f,a6f6d890-1609-53fc-b4a6-5733ccc9d078,14,1.21,133b44d1-2b1a-5558-970e-191a0eb622ba,21,2023-01-15T10:00:00,2023-01-15T10:00:00,True,33.36769427283651,19.63230572716349,1.511974934581561,148.71814057160063,BAJA,179.95,False,False
e8aeb018-f679-5670-b210-de4f62ff2111,7fb983e8-6848-5425-97a2-14da72722d0f,2082733c-4e17-51fe-bc8c-bf33d3ec5d7e,591.0434048423975,49.253617070199795,d2e8025c-517b-5a76-be33-9ef901b55837,botica,149,42,0,0,270,2026-05-10T00:00:00,ab250c7e-f45e-5e8d-9b50-d70481d33297,76d6c9f4-5d7d-53c0-bb1f-2a577383765a,3,0.83,133b44d1-2b1a-5558-970e-191a0eb622ba,42,2023-01-15T10:00:00,2023-01-15T10:00:00,True,21.108693030085625,127.89130696991438,0.2101529201420305,442.2535577625396,BAJA,367.07,False,False
e8aeb018-f679-5670-b210-de4f62ff2111,7fb983e8-6848-5425-97a2-14da72722d0f,22231140-3780-5fe8-a7d4-d33f61d15111,288.5508409306219,24.04590341088516,a8906dd2-bf71-5ae0-a3bd-0f2ae05d3c5c,botica,118,21,0,0,135,2026-05-10T00:00:00,64563084-bdaf-5d3b-a288-0d0f3a979d3e,ab4a547f-e75d-5601-8171-00da4efa4b57,7,1.93,133b44d1-2b1a-5558-970e-191a0eb622ba,21,2023-01-15T10:00:00,2023-01-15T10:00:00,True,24.04590341088516,93.95409658911484,1.5596214597625233,172.11046239038444,BAJA,332.17,False,False
e8aeb018-f679-5670-b210-de4f62ff2111,7fb983e8-6848-5425-97a2-14da72722d0f,2897aac2-f219-5167-b800-73fac27f6b85,475.55428912777126,39.62952409398094,ea4d69a3-2d55-5c3d-8e26-621a2d05007c,botica,210,28,0,0,180,2026-05-10T00:00:00,f2610a8d-8701-5f17-90ee-d106efe410a6,41cb90d0-d91a-57c2-b138-831be351479f,5,9.9,133b44d1-2b1a-5558-970e-191a0eb622ba,28,2023-01-15T10:00:00,2023-01-15T10:00:00,True,28.306802924272098,181.6931970757279,2.117331980916997,267.67162110868827,BAJA,2649.95,False,False
e8aeb018-f679-5670-b210-de4f62ff2111,7fb983e8-6848-5425-97a2-14da72722d0f,2933d8b7-2438-521b-b38d-d3a5224f87fc,1122.4411373776813,93.53676144814011,0868ae71-4dd4-5155-a439-df63e8ce9425,botica,234,56,0,0,360,2026-05-10T00:00:00,df55ae44-ffe4-5e22-984b-8bd286181c7d,41cb90d0-d91a-57c2-b138-831be351479f,5,0.44,133b44d1-2b1a-5558-970e-191a0eb622ba,56,2023-01-15T10:00:00,2023-01-15T10:00:00,True,66.81197246295723,167.18802753704279,11.712841560608354,900.1539789382896,BAJA,396.07,False,False
e8aeb018-f679-5670-b210-de4f62ff2111,7fb983e8-6848-5425-97a2-14da72722d0f,2eb3a104-e572-583a-afa0-156ee0dc4cce,703.1416139144011,58.595134492866755,a152cf25-3e54-5524-bb09-de7057d3d089,botica,169,56,0,0,360,2026-05-10T00:00:00,86fa96e5-7a51-587b-a4ab-0547ba9d3fcb,c6617891-56ff-5690-89a4-1ece06685ff5,10,0.39,133b44d1-2b1a-5558-970e-191a0eb622ba,56,2023-01-15T10:00:00,2023-01-15T10:00:00,True,83.70733498980965,85.29266501019035,3.459209016970179,537.6008229313712,BAJA,209.66,False,False
e8aeb018-f679-5670-b210-de4f62ff2111,7fb983e8-6848-5425-97a2-14da72722d0f,38adf7ba-476e-5e6b-9163-781a13538253,977.0662370414877,81.42218642012398,3c5c599b-64a4-50c9-b42a-7fc3bf50974c,botica,145,56,0,0,360,2026-05-10T00:00:00,fc926e0d-19a6-5f03-90fd-2c4a670a9d61,41cb90d0-d91a-57c2-b138-831be351479f,5,0.33,133b44d1-2b1a-5558-970e-191a0eb622ba,56,2023-01-15T10:00:00,2023-01-15T10:00:00,True,58.158704585802845,86.84129541419716,3.006452131181781,835.0726891726695,BAJA,275.57,False,False
e8aeb018-f679-5670-b210-de4f62ff2111,7fb983e8-6848-5425-97a2-14da72722d0f,4d9429b6-2ebf-5b5d-ac48-f779d5a1e270,221.45295724518223,18.454413103765187,dbd3a065-57f4-5c15-8d31-b8fd307535fe,botica,0,21,120,120,135,2026-05-10T00:00:00,56db5cb1-323a-5ac6-b3b0-cc67eb01d651,a6f6d890-1609-53fc-b4a6-5733ccc9d078,14,1.21,133b44d1-2b1a-5558-970e-191a0eb622ba,21,2023-01-15T10:00:00,2023-01-15T10:00:00,True,36.908826207530375,-36.908826207530375,2.2350610932239277,223.68801833840615,ALTA,270.66,True,True
e8aeb018-f679-5670-b210-de4f62ff2111,7fb983e8-6848-5425-97a2-14da72722d0f,5bbfdec8-65ae-59e6-b211-5eccb5b765fa,910.1510088664214,75.84591740553512,59043b33-c00f-5d47-9060-c5e933f0d41f,botica,61,56,0,0,360,2026-05-10T00:00:00,735d37b2-1071-55a1-b105-17269ef25d7f,76d6c9f4-5d7d-53c0-bb1f-2a577383765a,3,0.25,133b44d1-2b1a-5558-970e-191a0eb622ba,56,2023-01-15T10:00:00,2023-01-15T10:00:00,True,32.50539317380076,28.494606826199238,1.2613195047405525,850.412328371162,BAJA,212.6,False,False
e8aeb018-f679-5670-b210-de4f62ff2111,7fb983e8-6848-5425-97a2-14da72722d0f,6baabed2-52d7-5cb7-bf74-86c7cb3e4f07,551.5037041485415,45.958642012378455,959ed1c8-f32a-51da-ba05-874bd38f4999,botica,89,42,0,0,270,2026-05-10T00:00:00,169543e4-a742-5997-8522-3bac880785ee,41cb90d0-d91a-57c2-b138-831be351479f,5,0.66,133b44d1-2b1a-5558-970e-191a0eb622ba,42,2023-01-15T10:00:00,2023-01-15T10:00:00,True,32.82760143741318,56.17239856258682,0.08003002387817283,462.58373417241967,BAJA,305.31,False,False
e8aeb018-f679-5670-b210-de4f62ff2111,7fb983e8-6848-5425-97a2-14da72722d0f,6d807393-f4ab-5f76-b544-251eeda27ba3,944.863294295933,78.73860785799441,713ab12f-199c-5582-8e3a-6c25351a1336,botica,233,63,0,0,405,2026-05-10T00:00:00,eb403387-989b-5bdb-9d64-43f56393228e,ab4a547f-e75d-5601-8171-00da4efa4b57,7,0.39,133b44d1-2b1a-5558-970e-191a0eb622ba,63,2023-01-15T10:00:00,2023-01-15T10:00:00,True,78.73860785799441,154.2613921420056,5.769257016732407,717.6325513126653,BAJA,279.88,False,False
e8aeb018-f679-5670-b210-de4f62ff2111,7fb983e8-6848-5425-97a2-14da72722d0f,82cd11ba-d1a0-58b1-b14f-edd741f36e87,798.8665105332594,66.57220921110495,d251978b-9a06-5fa8-9fd8-92df973e3470,botica,103,49,0,0,315,2026-05-10T00:00:00,395ce26b-7ba6-50d6-a343-bccbadd7b7f8,41cb90d0-d91a-57c2-b138-831be351479f,5,0.99,133b44d1-2b1a-5558-970e-191a0eb622ba,49,2023-01-15T10:00:00,2023-01-15T10:00:00,True,47.55157800793211,55.44842199206789,0.9236971430213464,696.7902076762808,BAJA,689.82,False,False
e8aeb018-f679-5670-b210-de4f62ff2111,7fb983e8-6848-5425-97a2-14da72722d0f,87b859e0-789a-56e6-b1ba-4fe76221d3bf,711.6006373565036,59.30005311304197,54c0e1f9-0a71-5d88-b3fc-234b3d095f46,botica,105,49,0,0,315,2026-05-10T00:00:00,c5fb9238-20c6-5255-94a6-516365b4e913,c6617891-56ff-5690-89a4-1ece06685ff5,10,0.39,133b44d1-2b1a-5558-970e-191a0eb622ba,49,2023-01-15T10:00:00,2023-01-15T10:00:00,True,84.71436159005995,20.28563840994005,1.0280948476360154,607.6287322041396,BAJA,236.98,False,False
e8aeb018-f679-5670-b210-de4f62ff2111,7fb983e8-6848-5425-97a2-14da72722d0f,94e18241-54bd-5516-b36f-94ab6e323aca,575.3838137118021,47.94865114265017,3838f9da-bcf2-5936-8de2-84dcd9df8ac0,botica,109,35,0,0,225,2026-05-10T00:00:00,089b2005-9e09-507e-96ed-3b189d0455f7,ab4a547f-e75d-5601-8171-00da4efa4b57,7,3.3,133b44d1-2b1a-5558-970e-191a0eb622ba,35,2023-01-15T10:00:00,2023-01-15T10:00:00,True,47.94865114265017,61.05134885734983,5.665383683784664,472.0491973955867,BAJA,1557.76,False,False
e8aeb018-f679-5670-b210-de4f62ff2111,7fb983e8-6848-5425-97a2-14da72722d0f,97d26d91-c562-5f27-9ebd-285e89c8f4bf,842.6727445052632,70.22272870877192,f7d0e23e-d234-5404-821d-44030b11ce6d,botica,353,63,0,0,405,2026-05-10T00:00:00,9779468c-ec67-5fd3-a44c-851c8bacf557,ab4a547f-e75d-5601-8171-00da4efa4b57,7,0.5,133b44d1-2b1a-5558-970e-191a0eb622ba,63,2023-01-15T10:00:00,2023-01-15T10:00:00,True,70.22272870877192,282.7772712912281,0.0,489.67274450526315,BAJA,244.84,False,False
e8aeb018-f679-5670-b210-de4f62ff2111,7fb983e8-6848-5425-97a2-14da72722d0f,983871db-adfb-543e-b438-6b00044ffb64,1069.656088584755,89.13800738206292,29bcc626-bfe6-5fea-8180-b87333b73df4,botica,316,70,0,0,450,2026-05-10T00:00:00,4352a522-0d9e-57ee-95b3-2fa1882280e5,a6f6d890-1609-53fc-b4a6-5733ccc9d078,14,0.44,133b44d1-2b1a-5558-970e-191a0eb622ba,70,2023-01-15T10:00:00,2023-01-15T10:00:00,True,178.27601476412585,137.72398523587415,138.0807249766251,891.7368135613801,MEDIA,392.36,False,False
e8aeb018-f679-5670-b210-de4f62ff2111,7fb983e8-6848-5425-97a2-14da72722d0f,9928e9a1-d9fc-5fdd-86c2-8909352fd7fe,397.46672023733566,33.12222668644464,d7d77907-e6fe-59c9-aef2-98af1d223baf,botica,148,42,0,0,270,2026-05-10T00:00:00,d935cb63-079a-5495-b357-bb799082d254,a6f6d890-1609-53fc-b4a6-5733ccc9d078,14,0.33,133b44d1-2b1a-5558-970e-191a0eb622ba,42,2023-01-15T10:00:00,2023-01-15T10:00:00,True,66.24445337288928,81.75554662711072,6.48546308276664,255.95218332010228,BAJA,84.46,False,False
e8aeb018-f679-5670-b210-de4f62ff2111,7fb983e8-6848-5425-97a2-14da72722d0f,afe9d181-1c64-5cca-b4b7-a9fa24eceeea,507.0676830978476,42.25564025815397,a4b73cc9-f82d-539d-880f-9372cb3b35e3,botica,135,49,0,0,315,2026-05-10T00:00:00,dfcd9287-adb7-5e7d-a1ee-b87a64884f85,a6f6d890-1609-53fc-b4a6-5733ccc9d078,14,0.61,133b44d1-2b1a-5558-970e-191a0eb622ba,49,2023-01-15T10:00:00,2023-01-15T10:00:00,True,84.51128051630793,50.488719483692066,14.782931800065086,386.8506148979127,BAJA,235.98,False,False
e8aeb018-f679-5670-b210-de4f62ff2111,7fb983e8-6848-5425-97a2-14da72722d0f,c0cf5e5c-b5c9-585a-8e79-d9830bc954f6,390.51855503543504,32.543212919619585,4307622e-6e04-5c0e-b0f3-8da01caeb421,botica,152,28,0,0,180,2026-05-10T00:00:00,d62dac84-5b45-57f9-bcb6-a4770dafb37a,76d6c9f4-5d7d-53c0-bb1f-2a577383765a,3,0.72,133b44d1-2b1a-5558-970e-191a0eb622ba,28,2023-01-15T10:00:00,2023-01-15T10:00:00,True,13.947091251265537,138.05290874873447,1.1672848107443121,239.68583984617936,BAJA,172.57,False,False
e8aeb018-f679-5670-b210-de4f62ff2111,7fb983e8-6848-5425-97a2-14da72722d0f,cd81184b-b6f1-563c-b463-36a69ddfb598,836.7171188107098,69.72642656755916,a5f1be84-f969-578d-9944-619a9b6bec70,botica,167,56,0,0,360,2026-05-10T00:00:00,1fb545ee-9157-5676-aedd-0e88d8fc7be1,76d6c9f4-5d7d-53c0-bb1f-2a577383765a,3,0.33,133b44d1-2b1a-5558-970e-191a0eb622ba,56,2023-01-15T10:00:00,2023-01-15T10:00:00,True,29.882754243239642,137.11724575676035,1.0495404949394764,670.7666593056493,BAJA,221.35,False,False
e8aeb018-f679-5670-b210-de4f62ff2111,7fb983e8-6848-5425-97a2-14da72722d0f,d0ae6d2d-e561-56b3-a2c1-113c1c56ae81,540.2858019722306,45.02381683101922,87d24c22-aa57-520e-ba1c-02c326865743,botica,286,42,0,0,270,2026-05-10T00:00:00,69be58f1-4362-5164-bb9b-e83762c473b6,76d6c9f4-5d7d-53c0-bb1f-2a577383765a,3,1.38,133b44d1-2b1a-5558-970e-191a0eb622ba,42,2023-01-15T10:00:00,2023-01-15T10:00:00,True,19.295921499008237,266.7040785009918,7.628614326627899e-15,254.28580197223062,BAJA,350.91,False,False
e8aeb018-f679-5670-b210-de4f62ff2111,7fb983e8-6848-5425-97a2-14da72722d0f,d2f08f15-f9f2-5f65-a740-b05896774467,737.7222259632055,61.476852163600455,8ee48b7e-99d3-506a-a741-c972616a8ac8,botica,128,49,0,0,315,2026-05-10T00:00:00,7ec7f65f-7019-5947-ac6e-536fb49f29c6,41cb90d0-d91a-57c2-b138-831be351479f,5,0.5,133b44d1-2b1a-5558-970e-191a0eb622ba,49,2023-01-15T10:00:00,2023-01-15T10:00:00,True,43.912037259714616,84.08796274028538,0.31991614736332896,610.0421421105688,BAJA,305.02,False,False
e8aeb018-f679-5670-b210-de4f62ff2111,7fb983e8-6848-5425-97a2-14da72722d0f,d3961f5a-3ea7-53d3-89f4-78b65b0c0c6b,1700.9145629359302,141.74288024466085,10feffe3-6cfc-5d50-8c8d-07eb196cec70,botica,209,84,0,0,540,2026-05-10T00:00:00,f6f37222-bdf9-551d-a92f-6aa1ca7dfa81,76d6c9f4-5d7d-53c0-bb1f-2a577383765a,3,0.28,133b44d1-2b1a-5558-970e-191a0eb622ba,84,2023-01-15T10:00:00,2023-01-15T10:00:00,True,60.746948676283225,148.25305132371676,16.109223115812732,1508.023786051743,BAJA,422.25,False,False
e8aeb018-f679-5670-b210-de4f62ff2111,7fb983e8-6848-5425-97a2-14da72722d0f,d9506935-1215-5499-93c0-8bdd86ab9418,196.45407284353703,16.37117273696142,00c8a992-2b0a-5785-91cd-dcee111f8874,botica,20,15,0,0,90,2026-05-10T00:00:00,a50bdd77-7c59-5aa9-bb47-035c6370585d,c6617891-56ff-5690-89a4-1ece06685ff5,10,1.54,133b44d1-2b1a-5558-970e-191a0eb622ba,14,2023-01-15T10:00:00,2023-01-15T10:00:00,True,23.3873896242306,-3.3873896242306003,2.151268117632402,178.60534096116945,ALTA,275.05,False,True
e8aeb018-f679-5670-b210-de4f62ff2111,8ecedccf-c230-516b-bbc2-108f7a6fbe63,012857cc-907f-5e7d-b8fb-796d2c9f1621,475.7007618391802,39.641730153265016,27b68076-b2d1-5cce-b125-4fb6749d9cc6,botica,90,35,0,0,225,2026-05-10T00:00:00,4ad8a601-f059-5ea2-9871-a1a5c0ee240a,ab4a547f-e75d-5601-8171-00da4efa4b57,7,0.44,133b44d1-2b1a-5558-970e-191a0eb622ba,35,2023-01-15T10:00:00,2023-01-15T10:00:00,True,39.641730153265016,50.358269846734984,1.1652900866465642e-14,385.7007618391802,BAJA,169.71,False,False
e8aeb018-f679-5670-b210-de4f62ff2111,8ecedccf-c230-516b-bbc2-108f7a6fbe63,042e2e80-f954-5df4-97be-29dd428cc598,460.0624903545895,38.33854086288246,056603f8-502f-5344-b539-81598930294c,botica,94,35,0,0,225,2026-05-10T00:00:00,dcd45533-1792-5645-9cbb-fb366c698e38,c6617891-56ff-5690-89a4-1ece06685ff5,10,0.66,133b44d1-2b1a-5558-970e-191a0eb622ba,35,2023-01-15T10:00:00,2023-01-15T10:00:00,True,54.76934408983209,39.23065591016791,1.3927880497337279e-14,366.0624903545895,BAJA,241.6,False,False
e8aeb018-f679-5670-b210-de4f62ff2111,8ecedccf-c230-516b-bbc2-108f7a6fbe63,058c6382-bde2-59d1-93ff-20c6161a4736,366.76689018015384,30.56390751501282,cdcd4095-586e-53a0-a509-bb5d0facac0e,botica,88,28,0,0,180,2026-05-10T00:00:00,ab93dc32-2f57-54e5-b6b2-cc69f77879be,c6617891-56ff-5690-89a4-1ece06685ff5,10,2.48,133b44d1-2b1a-5558-970e-191a0eb622ba,28,2023-01-15T10:00:00,2023-01-15T10:00:00,True,43.66272502144688,44.33727497855312,0.0,278.76689018015384,BAJA,691.34,False,False
e8aeb018-f679-5670-b210-de4f62ff2111,8ecedccf-c230-516b-bbc2-108f7a6fbe63,07371b94-955f-52a4-9bf9-f0a6ad2b4fa8,665.1691461835951,55.43076218196626,1ac3e1d1-c923-5979-91a1-9ff3c78b05f6,botica,129,42,0,0,270,2026-05-10T00:00:00,2541bbf4-109b-515d-8dd9-86fd9cf61c45,ab4a547f-e75d-5601-8171-00da4efa4b57,7,4.68,133b44d1-2b1a-5558-970e-191a0eb622ba,42,2023-01-15T10:00:00,2023-01-15T10:00:00,True,55.43076218196626,73.56923781803374,1.1885911930537036,537.3577373766489,BAJA,2514.83,False,False
e8aeb018-f679-5670-b210-de4f62ff2111,8ecedccf-c230-516b-bbc2-108f7a6fbe63,0ec23038-d3ab-588c-bbd6-1f5c744cdde1,908.2255814936167,75.68546512446805,57d504a8-f91a-581f-b419-18de11ce141d,botica,0,77,578,578,495,2026-05-10T00:00:00,d946bac9-f7b1-5a91-a416-9e43d17ae993,a6f6d890-1609-53fc-b4a6-5733ccc9d078,14,0.22,133b44d1-2b1a-5558-970e-191a0eb622ba,77,2023-01-15T10:00:00,2023-01-15T10:00:00,True,151.3709302489361,-151.3709302489361,2.9765804906755013,911.2021619842922,ALTA,200.46,True,True
e8aeb018-f679-5670-b210-de4f62ff2111,8ecedccf-c230-516b-bbc2-108f7a6fbe63,1ca3438e-9e23-58f0-a35f-f15f7a23beb9,507.41580061927846,42.28465005160654,926fda8c-5931-5bf4-96f1-0f3bc652bb9e,botica,190,35,0,0,225,2026-05-10T00:00:00,76ef5bb7-809f-5f64-8177-167e92fefd72,c6617891-56ff-5690-89a4-1ece06685ff5,10,4.12,133b44d1-2b1a-5558-970e-191a0eb622ba,35,2023-01-15T10:00:00,2023-01-15T10:00:00,True,60.40664293086649,129.5933570691335,2.4883341965529113,319.90413481583136,BAJA,1318.01,False,False
e8aeb018-f679-5670-b210-de4f62ff2111,8ecedccf-c230-516b-bbc2-108f7a6fbe63,1e9605fd-5682-52b6-8f05-e8a92dd44513,213.34869702354965,17.779058085295805,a6b54f69-c262-5ae8-bb82-35cc803fb859,botica,0,21,116,116,135,2026-05-10T00:00:00,d92b9575-0ad8-5c38-a1bb-43a22336c66f,a6f6d890-1609-53fc-b4a6-5733ccc9d078,14,1.21,133b44d1-2b1a-5558-970e-191a0eb622ba,21,2023-01-15T10:00:00,2023-01-15T10:00:00,True,35.55811617059161,-35.55811617059161,6.234008415332215,219.58270543888187,ALTA,265.7,True,True
e8aeb018-f679-5670-b210-de4f62ff2111,8ecedccf-c230-516b-bbc2-108f7a6fbe63,2082733c-4e17-51fe-bc8c-bf33d3ec5d7e,619.6725923572661,51.639382696438844,03c561d7-4040-5ebe-8cb1-7b30f6d0e7d1,botica,48,42,0,0,270,2026-05-10T00:00:00,ab250c7e-f45e-5e8d-9b50-d70481d33297,76d6c9f4-5d7d-53c0-bb1f-2a577383765a,3,0.83,133b44d1-2b1a-5558-970e-191a0eb622ba,42,2023-01-15T10:00:00,2023-01-15T10:00:00,True,22.131164012759506,25.868835987240494,0.18853017745141232,571.8611225347175,BAJA,474.64,False,False
e8aeb018-f679-5670-b210-de4f62ff2111,8ecedccf-c230-516b-bbc2-108f7a6fbe63,22231140-3780-5fe8-a7d4-d33f61d15111,298.6180253738585,24.88483544782154,6809fc05-7052-5a27-84ae-c4919ab7a4d3,botica,74,21,0,0,135,2026-05-10T00:00:00,64563084-bdaf-5d3b-a288-0d0f3a979d3e,ab4a547f-e75d-5601-8171-00da4efa4b57,7,1.93,133b44d1-2b1a-5558-970e-191a0eb622ba,21,2023-01-15T10:00:00,2023-01-15T10:00:00,True,24.88483544782154,49.115164552178456,0.15564732827424962,224.77367270213273,BAJA,433.81,False,False
e8aeb018-f679-5670-b210-de4f62ff2111,8ecedccf-c230-516b-bbc2-108f7a6fbe63,2897aac2-f219-5167-b800-73fac27f6b85,508.4376943658738,42.36980786382282,87b9a9ff-8c56-50b3-8b1c-e13074cff6cb,botica,89,28,0,0,180,2026-05-10T00:00:00,f2610a8d-8701-5f17-90ee-d106efe410a6,41cb90d0-d91a-57c2-b138-831be351479f,5,9.9,133b44d1-2b1a-5558-970e-191a0eb622ba,28,2023-01-15T10:00:00,2023-01-15T10:00:00,True,30.264148474159157,58.73585152584084,2.906021209237213,422.34371557511105,BAJA,4181.2,False,False
e8aeb018-f679-5670-b210-de4f62ff2111,8ecedccf-c230-516b-bbc2-108f7a6fbe63,2933d8b7-2438-521b-b38d-d3a5224f87fc,1022.0560695082654,85.17133912568879,c896738a-7ef2-5c45-947a-1dfe6226c31b,botica,119,56,0,0,360,2026-05-10T00:00:00,df55ae44-ffe4-5e22-984b-8bd286181c7d,41cb90d0-d91a-57c2-b138-831be351479f,5,0.44,133b44d1-2b1a-5558-970e-191a0eb622ba,56,2023-01-15T10:00:00,2023-01-15T10:00:00,True,60.836670804063424,58.163329195936576,3.0240213071553836,906.0800908154208,BAJA,398.68,False,False
e8aeb018-f679-5670-b210-de4f62ff2111,8ecedccf-c230-516b-bbc2-108f7a6fbe63,2eb3a104-e572-583a-afa0-156ee0dc4cce,707.4535089141706,58.95445907618088,2b9ab6ab-0cdc-54f1-82b5-80840ff3423b,botica,65,56,0,0,360,2026-05-10T00:00:00,86fa96e5-7a51-587b-a4ab-0547ba9d3fcb,c6617891-56ff-5690-89a4-1ece06685ff5,10,0.39,133b44d1-2b1a-5558-970e-191a0eb622ba,56,2023-01-15T10:00:00,2023-01-15T10:00:00,True,84.22065582311555,-19.22065582311555,1.0381918880794092,643.49170080225,ALTA,250.96,False,True
e8aeb018-f679-5670-b210-de4f62ff2111,8ecedccf-c230-516b-bbc2-108f7a6fbe63,38adf7ba-476e-5e6b-9163-781a13538253,1020.3789785646344,85.03158154705287,0fc37b34-0f4a-5e59-bc04-968a357a02d8,botica,421,56,0,0,360,2026-05-10T00:00:00,fc926e0d-19a6-5f03-90fd-2c4a670a9d61,41cb90d0-d91a-57c2-b138-831be351479f,5,0.33,133b44d1-2b1a-5558-970e-191a0eb622ba,56,2023-01-15T10:00:00,2023-01-15T10:00:00,True,60.736843962180615,360.2631560378194,2.899720989162172,602.2786995537965,BAJA,198.75,False,False
e8aeb018-f679-5670-b210-de4f62ff2111,8ecedccf-c230-516b-bbc2-108f7a6fbe63,4d9429b6-2ebf-5b5d-ac48-f779d5a1e270,224.46073375294796,18.705061146078997,72f8edf0-f4bc-50f7-b1b2-9d898c00a79b,botica,67,21,0,0,135,2026-05-10T00:00:00,56db5cb1-323a-5ac6-b3b0-cc67eb01d651,a6f6d890-1609-53fc-b4a6-5733ccc9d078,14,1.21,133b44d1-2b1a-5558-970e-191a0eb622ba,21,2023-01-15T10:00:00,2023-01-15T10:00:00,True,37.41012229215799,29.589877707842007,1.001080707149852,158.4618144600978,BAJA,191.74,False,False
e8aeb018-f679-5670-b210-de4f62ff2111,8ecedccf-c230-516b-bbc2-108f7a6fbe63,5bbfdec8-65ae-59e6-b211-5eccb5b765fa,1004.4130727314807,83.70108939429007,f529631a-cf6c-5365-9d40-bdb4f8ba596b,botica,270,56,0,0,360,2026-05-10T00:00:00,735d37b2-1071-55a1-b105-17269ef25d7f,76d6c9f4-5d7d-53c0-bb1f-2a577383765a,3,0.25,133b44d1-2b1a-5558-970e-191a0eb622ba,56,2023-01-15T10:00:00,2023-01-15T10:00:00,True,35.87189545469574,234.12810454530427,0.7257955901475459,735.1388683216283,BAJA,183.78,False,False
e8aeb018-f679-5670-b210-de4f62ff2111,8ecedccf-c230-516b-bbc2-108f7a6fbe63,6baabed2-52d7-5cb7-bf74-86c7cb3e4f07,593.4685305586227,49.455710879885224,e30dccd1-2545-5da4-a372-4748ba6d189a,botica,52,42,0,0,270,2026-05-10T00:00:00,169543e4-a742-5997-8522-3bac880785ee,41cb90d0-d91a-57c2-b138-831be351479f,5,0.66,133b44d1-2b1a-5558-970e-191a0eb622ba,42,2023-01-15T10:00:00,2023-01-15T10:00:00,True,35.32550777134659,16.674492228653413,0.7010632431790903,542.1695938018017,BAJA,357.83,False,False
e8aeb018-f679-5670-b210-de4f62ff2111,8ecedccf-c230-516b-bbc2-108f7a6fbe63,6d807393-f4ab-5f76-b544-251eeda27ba3,977.1470119855348,81.42891766546124,c672b6f7-5328-566c-a333-de5628401947,botica,125,63,0,0,405,2026-05-10T00:00:00,eb403387-989b-5bdb-9d64-43f56393228e,ab4a547f-e75d-5601-8171-00da4efa4b57,7,0.39,133b44d1-2b1a-5558-970e-191a0eb622ba,63,2023-01-15T10:00:00,2023-01-15T10:00:00,True,81.42891766546124,43.57108233453876,2.507667302527957,854.6546792880628,BAJA,333.32,False,False
e8aeb018-f679-5670-b210-de4f62ff2111,8ecedccf-c230-516b-bbc2-108f7a6fbe63,82cd11ba-d1a0-58b1-b14f-edd741f36e87,789.7647504228953,65.81372920190795,72ca78b0-0fe3-5af9-9c8b-96540014bdc9,botica,231,49,0,0,315,2026-05-10T00:00:00,395ce26b-7ba6-50d6-a343-bccbadd7b7f8,41cb90d0-d91a-57c2-b138-831be351479f,5,0.99,133b44d1-2b1a-5558-970e-191a0eb622ba,49,2023-01-15T10:00:00,2023-01-15T10:00:00,True,47.00980657279139,183.99019342720862,0.41573547269816036,559.1804858955935,BAJA,553.59,False,False
e8aeb018-f679-5670-b210-de4f62ff2111,8ecedccf-c230-516b-bbc2-108f7a6fbe63,87b859e0-789a-56e6-b1ba-4fe76221d3bf,677.7548837339396,56.47957364449496,3e3c34f7-a6e9-544d-a28f-9a0c9d16ad6c,botica,66,49,0,0,315,2026-05-10T00:00:00,c5fb9238-20c6-5255-94a6-516365b4e913,c6617891-56ff-5690-89a4-1ece06685ff5,10,0.39,133b44d1-2b1a-5558-970e-191a0eb622ba,49,2023-01-15T10:00:00,2023-01-15T10:00:00,True,80.68510520642137,-14.685105206421369,9.372616426534403,621.1275001604739,ALTA,242.24,False,True
e8aeb018-f679-5670-b210-de4f62ff2111,8ecedccf-c230-516b-bbc2-108f7a6fbe63,94e18241-54bd-5516-b36f-94ab6e323aca,607.0368028043373,50.586400233694775,85bd92fc-d066-5ead-9b26-d1a92985edf6,botica,45,35,0,0,225,2026-05-10T00:00:00,089b2005-9e09-507e-96ed-3b189d0455f7,ab4a547f-e75d-5601-8171-00da4efa4b57,7,3.3,133b44d1-2b1a-5558-970e-191a0eb622ba,35,2023-01-15T10:00:00,2023-01-15T10:00:00,True,50.58640023369477,-5.586400233694768,0.8022181535112517,562.8390209578486,ALTA,1857.37,False,True
e8aeb018-f679-5670-b210-de4f62ff2111,8ecedccf-c230-516b-bbc2-108f7a6fbe63,97d26d91-c562-5f27-9ebd-285e89c8f4bf,873.516202900845,72.79301690840374,794f67f1-8782-51a8-bf1b-f53884b539b9,botica,66,63,0,0,405,2026-05-10T00:00:00,9779468c-ec67-5fd3-a44c-851c8bacf557,ab4a547f-e75d-5601-8171-00da4efa4b57,7,0.5,133b44d1-2b1a-5558-970e-191a0eb622ba,63,2023-01-15T10:00:00,2023-01-15T10:00:00,True,72.79301690840374,-6.793016908403743,0.0,807.516202900845,ALTA,403.76,False,True
e8aeb018-f679-5670-b210-de4f62ff2111,8ecedccf-c230-516b-bbc2-108f7a6fbe63,983871db-adfb-543e-b438-6b00044ffb64,906.222412584051,75.51853438200425,ca6bca4b-7af6-55d8-a1e7-9704496761bf,botica,443,70,0,0,450,2026-05-10T00:00:00,4352a522-0d9e-57ee-95b3-2fa1882280e5,a6f6d890-1609-53fc-b4a6-5733ccc9d078,14,0.44,133b44d1-2b1a-5558-970e-191a0eb622ba,70,2023-01-15T10:00:00,2023-01-15T10:00:00,True,151.03706876400852,291.9629312359915,63.48823910570643,526.7106516897574,BAJA,231.75,False,False
e8aeb018-f679-5670-b210-de4f62ff2111,8ecedccf-c230-516b-bbc2-108f7a6fbe63,9928e9a1-d9fc-5fdd-86c2-8909352fd7fe,422.3311477670749,35.19426231392291,e062fbf5-b171-5221-a91b-6f6a48f3fe52,botica,199,42,0,0,270,2026-05-10T00:00:00,d935cb63-079a-5495-b357-bb799082d254,a6f6d890-1609-53fc-b4a6-5733ccc9d078,14,0.33,133b44d1-2b1a-5558-970e-191a0eb622ba,42,2023-01-15T10:00:00,2023-01-15T10:00:00,True,70.38852462784583,128.6114753721542,5.132255102145125,228.46340286922003,BAJA,75.39,False,False
e8aeb018-f679-5670-b210-de4f62ff2111,8ecedccf-c230-516b-bbc2-108f7a6fbe63,afe9d181-1c64-5cca-b4b7-a9fa24eceeea,521.4003279467495,43.45002732889579,b1a81f4b-fe15-5531-b8f5-ae04938e1bcd,botica,117,49,0,0,315,2026-05-10T00:00:00,dfcd9287-adb7-5e7d-a1ee-b87a64884f85,a6f6d890-1609-53fc-b4a6-5733ccc9d078,14,0.61,133b44d1-2b1a-5558-970e-191a0eb622ba,49,2023-01-15T10:00:00,2023-01-15T10:00:00,True,86.90005465779159,30.099945342208414,0.672226588857215,405.07255453560674,BAJA,247.09,False,False
e8aeb018-f679-5670-b210-de4f62ff2111,8ecedccf-c230-516b-bbc2-108f7a6fbe63,c0cf5e5c-b5c9-585a-8e79-d9830bc954f6,446.6503181748605,37.22085984790504,b120041f-bce7-5a1d-be5c-0591ab9e845d,botica,113,28,0,0,180,2026-05-10T00:00:00,d62dac84-5b45-57f9-bcb6-a4770dafb37a,76d6c9f4-5d7d-53c0-bb1f-2a577383765a,3,0.72,133b44d1-2b1a-5558-970e-191a0eb622ba,28,2023-01-15T10:00:00,2023-01-15T10:00:00,True,15.951797077673588,97.04820292232641,0.48426474825089955,334.1345829231114,BAJA,240.58,False,False
e8aeb018-f679-5670-b210-de4f62ff2111,8ecedccf-c230-516b-bbc2-108f7a6fbe63,cd81184b-b6f1-563c-b463-36a69ddfb598,861.0081360682639,71.75067800568866,bc67b02b-14c4-5eb5-94f0-5b5b73a488ca,botica,163,56,0,0,360,2026-05-10T00:00:00,1fb545ee-9157-5676-aedd-0e88d8fc7be1,76d6c9f4-5d7d-53c0-bb1f-2a577383765a,3,0.33,133b44d1-2b1a-5558-970e-191a0eb622ba,56,2023-01-15T10:00:00,2023-01-15T10:00:00,True,30.750290573866568,132.24970942613342,0.7339185256125844,698.7420545938764,BAJA,230.58,False,False
e8aeb018-f679-5670-b210-de4f62ff2111,8ecedccf-c230-516b-bbc2-108f7a6fbe63,d0ae6d2d-e561-56b3-a2c1-113c1c56ae81,573.597190076496,47.799765839707995,2c255182-bd9e-5e83-8e3e-163cb9ae05c8,botica,202,42,0,0,270,2026-05-10T00:00:00,69be58f1-4362-5164-bb9b-e83762c473b6,76d6c9f4-5d7d-53c0-bb1f-2a577383765a,3,1.38,133b44d1-2b1a-5558-970e-191a0eb622ba,42,2023-01-15T10:00:00,2023-01-15T10:00:00,True,20.485613931303426,181.51438606869658,7.628614326627899e-15,371.59719007649596,BAJA,512.8,False,False
e8aeb018-f679-5670-b210-de4f62ff2111,8ecedccf-c230-516b-bbc2-108f7a6fbe63,d2f08f15-f9f2-5f65-a740-b05896774467,798.0226064365329,66.50188386971108,fae4ee94-57cc-5f82-ab4a-34afcda81642,botica,336,49,0,0,315,2026-05-10T00:00:00,7ec7f65f-7019-5947-ac6e-536fb49f29c6,41cb90d0-d91a-57c2-b138-831be351479f,5,0.5,133b44d1-2b1a-5558-970e-191a0eb622ba,49,2023-01-15T10:00:00,2023-01-15T10:00:00,True,47.5013456212222,288.4986543787778,0.19742374286988482,462.2200301794028,BAJA,231.11,False,False
e8aeb018-f679-5670-b210-de4f62ff2111,8ecedccf-c230-516b-bbc2-108f7a6fbe63,d3961f5a-3ea7-53d3-89f4-78b65b0c0c6b,1963.0711820914462,163.5892651742872,69023826-fbda-5238-9031-faed4207b155,botica,684,84,0,0,540,2026-05-10T00:00:00,f6f37222-bdf9-551d-a92f-6aa1ca7dfa81,76d6c9f4-5d7d-53c0-bb1f-2a577383765a,3,0.28,133b44d1-2b1a-5558-970e-191a0eb622ba,84,2023-01-15T10:00:00,2023-01-15T10:00:00,True,70.10968507469451,613.8903149253055,14.795853725434608,1293.8670358168808,BAJA,362.28,False,False
e8aeb018-f679-5670-b210-de4f62ff2111,8ecedccf-c230-516b-bbc2-108f7a6fbe63,d9506935-1215-5499-93c0-8bdd86ab9418,200.9785966946821,16.748216391223508,af640c78-c7d8-5ac7-b832-17c51d7e86e0,botica,63,15,0,0,90,2026-05-10T00:00:00,a50bdd77-7c59-5aa9-bb47-035c6370585d,c6617891-56ff-5690-89a4-1ece06685ff5,10,1.54,133b44d1-2b1a-5558-970e-191a0eb622ba,14,2023-01-15T10:00:00,2023-01-15T10:00:00,True,23.926023416033583,39.07397658396641,0.3025142427659153,138.281110937448,BAJA,212.95,False,False
e8aeb018-f679-5670-b210-de4f62ff2111,d6f21f11-7533-52dd-a4dc-2fb8e260c02c,012857cc-907f-5e7d-b8fb-796d2c9f1621,425.5870433320341,35.465586944336174,71d31c3d-215d-5020-a5d2-bb280e29ef74,botica,105,35,0,0,225,2026-05-10T00:00:00,4ad8a601-f059-5ea2-9871-a1a5c0ee240a,ab4a547f-e75d-5601-8171-00da4efa4b57,7,0.44,133b44d1-2b1a-5558-970e-191a0eb622ba,35,2023-01-15T10:00:00,2023-01-15T10:00:00,True,35.465586944336174,69.53441305566383,0.49496024468312444,321.0820035767172,BAJA,141.28,False,False
e8aeb018-f679-5670-b210-de4f62ff2111,d6f21f11-7533-52dd-a4dc-2fb8e260c02c,042e2e80-f954-5df4-97be-29dd428cc598,420.8928571979925,35.07440476649938,cf293b08-82bc-522b-ac35-1a97efa33f1d,botica,163,35,0,0,225,2026-05-10T00:00:00,dcd45533-1792-5645-9cbb-fb366c698e38,c6617891-56ff-5690-89a4-1ece06685ff5,10,0.66,133b44d1-2b1a-5558-970e-191a0eb622ba,35,2023-01-15T10:00:00,2023-01-15T10:00:00,True,50.10629252357054,112.89370747642946,1.3927880497337279e-14,257.8928571979925,BAJA,170.21,False,False
e8aeb018-f679-5670-b210-de4f62ff2111,d6f21f11-7533-52dd-a4dc-2fb8e260c02c,058c6382-bde2-59d1-93ff-20c6161a4736,340.9355406800957,28.411295056674643,d48889d3-4ed3-52c2-920d-33649ac2ab74,botica,128,28,0,0,180,2026-05-10T00:00:00,ab93dc32-2f57-54e5-b6b2-cc69f77879be,c6617891-56ff-5690-89a4-1ece06685ff5,10,2.48,133b44d1-2b1a-5558-970e-191a0eb622ba,28,2023-01-15T10:00:00,2023-01-15T10:00:00,True,40.58756436667806,87.41243563332193,0.33456867095319137,213.27010935104892,BAJA,528.91,False,False
e8aeb018-f679-5670-b210-de4f62ff2111,d6f21f11-7533-52dd-a4dc-2fb8e260c02c,07371b94-955f-52a4-9bf9-f0a6ad2b4fa8,603.9451284974527,50.32876070812106,aaaa1efe-9aab-54b7-9d7f-7c1b2c9cce66,botica,0,42,312,312,270,2026-05-10T00:00:00,2541bbf4-109b-515d-8dd9-86fd9cf61c45,ab4a547f-e75d-5601-8171-00da4efa4b57,7,4.68,133b44d1-2b1a-5558-970e-191a0eb622ba,42,2023-01-15T10:00:00,2023-01-15T10:00:00,True,50.32876070812106,-50.32876070812106,2.0633126849286736,606.0084411823814,ALTA,2836.12,True,True
e8aeb018-f679-5670-b210-de4f62ff2111,d6f21f11-7533-52dd-a4dc-2fb8e260c02c,0ec23038-d3ab-588c-bbd6-1f5c744cdde1,792.5899421755827,66.04916184796522,e11e80c3-cddc-5285-9432-1c46ca8723fa,botica,202,77,0,0,495,2026-05-10T00:00:00,d946bac9-f7b1-5a91-a416-9e43d17ae993,a6f6d890-1609-53fc-b4a6-5733ccc9d078,14,0.22,133b44d1-2b1a-5558-970e-191a0eb622ba,77,2023-01-15T10:00:00,2023-01-15T10:00:00,True,132.09832369593045,69.90167630406955,3.7925192370219105,594.3824614126046,BAJA,130.76,False,False
e8aeb018-f679-5670-b210-de4f62ff2111,d6f21f11-7533-52dd-a4dc-2fb8e260c02c,1ca3438e-9e23-58f0-a35f-f15f7a23beb9,455.1580705914135,37.92983921595113,6e7f9611-7d78-5be2-96e5-9381e6b8f590,botica,171,35,0,0,225,2026-05-10T00:00:00,76ef5bb7-809f-5f64-8177-167e92fefd72,c6617891-56ff-5690-89a4-1ece06685ff5,10,4.12,133b44d1-2b1a-5558-970e-191a0eb622ba,35,2023-01-15T10:00:00,2023-01-15T10:00:00,True,54.18548459421589,116.8145154057841,2.019330763804981,286.1774013552185,BAJA,1179.05,False,False
e8aeb018-f679-5670-b210-de4f62ff2111,d6f21f11-7533-52dd-a4dc-2fb8e260c02c,1e9605fd-5682-52b6-8f05-e8a92dd44513,229.5378847138108,19.128157059484234,92b3a6be-e043-56cc-8679-63143d990e27,botica,0,21,166,166,135,2026-05-10T00:00:00,d92b9575-0ad8-5c38-a1bb-43a22336c66f,a6f6d890-1609-53fc-b4a6-5733ccc9d078,14,1.21,133b44d1-2b1a-5558-970e-191a0eb622ba,21,2023-01-15T10:00:00,2023-01-15T10:00:00,True,38.25631411896847,-38.25631411896847,6.6917338185343835,236.22961853234517,ALTA,285.84,True,True
e8aeb018-f679-5670-b210-de4f62ff2111,d6f21f11-7533-52dd-a4dc-2fb8e260c02c,2082733c-4e17-51fe-bc8c-bf33d3ec5d7e,546.661943488238,45.555161957353164,1e7712dd-1c48-5e48-be0c-b2d905ad96ec,botica,179,42,0,0,270,2026-05-10T00:00:00,ab250c7e-f45e-5e8d-9b50-d70481d33297,76d6c9f4-5d7d-53c0-bb1f-2a577383765a,3,0.83,133b44d1-2b1a-5558-970e-191a0eb622ba,42,2023-01-15T10:00:00,2023-01-15T10:00:00,True,19.523640838865642,159.47635916113435,0.24873571432220115,367.9106792025601,BAJA,305.37,False,False
e8aeb018-f679-5670-b210-de4f62ff2111,d6f21f11-7533-52dd-a4dc-2fb8e260c02c,22231140-3780-5fe8-a7d4-d33f61d15111,269.1552840006343,22.429607000052858,790592ec-eb0c-55f4-95d2-9f2bacf4a5e8,botica,31,21,0,0,135,2026-05-10T00:00:00,64563084-bdaf-5d3b-a288-0d0f3a979d3e,ab4a547f-e75d-5601-8171-00da4efa4b57,7,1.93,133b44d1-2b1a-5558-970e-191a0eb622ba,21,2023-01-15T10:00:00,2023-01-15T10:00:00,True,22.429607000052858,8.570392999947142,0.41946513162254284,238.57474913225684,BAJA,460.45,False,False
e8aeb018-f679-5670-b210-de4f62ff2111,d6f21f11-7533-52dd-a4dc-2fb8e260c02c,2897aac2-f219-5167-b800-73fac27f6b85,449.37663440346756,37.44805286695563,8ea9c681-8c4e-51e7-8731-f7ccb8fad088,botica,158,28,0,0,180,2026-05-10T00:00:00,f2610a8d-8701-5f17-90ee-d106efe410a6,41cb90d0-d91a-57c2-b138-831be351479f,5,9.9,133b44d1-2b1a-5558-970e-191a0eb622ba,28,2023-01-15T10:00:00,2023-01-15T10:00:00,True,26.748609190682593,131.2513908093174,1.9849784455440411,293.3616128490116,BAJA,2904.28,False,False
e8aeb018-f679-5670-b210-de4f62ff2111,d6f21f11-7533-52dd-a4dc-2fb8e260c02c,2933d8b7-2438-521b-b38d-d3a5224f87fc,1082.0211841899713,90.16843201583094,a5e6c027-303a-5fdd-b6dd-73f0f5533a2b,botica,231,56,0,0,360,2026-05-10T00:00:00,df55ae44-ffe4-5e22-984b-8bd286181c7d,41cb90d0-d91a-57c2-b138-831be351479f,5,0.44,133b44d1-2b1a-5558-970e-191a0eb622ba,56,2023-01-15T10:00:00,2023-01-15T10:00:00,True,64.40602286845068,166.5939771315493,10.527358070490457,861.5485422604618,BAJA,379.08,False,False
e8aeb018-f679-5670-b210-de4f62ff2111,d6f21f11-7533-52dd-a4dc-2fb8e260c02c,2eb3a104-e572-583a-afa0-156ee0dc4cce,649.9729407765045,54.164411731375374,d4521971-427c-57ef-aa53-04ca1a3a29d2,botica,17,56,353,353,360,2026-05-10T00:00:00,86fa96e5-7a51-587b-a4ab-0547ba9d3fcb,c6617891-56ff-5690-89a4-1ece06685ff5,10,0.39,133b44d1-2b1a-5558-970e-191a0eb622ba,56,2023-01-15T10:00:00,2023-01-15T10:00:00,True,77.37773104482197,-60.37773104482197,3.01114444685976,635.9840852233643,ALTA,248.03,True,True
e8aeb018-f679-5670-b210-de4f62ff2111,d6f21f11-7533-52dd-a4dc-2fb8e260c02c,38adf7ba-476e-5e6b-9163-781a13538253,967.3833692155042,80.61528076795868,4409a2d4-f507-54ec-b860-055a23bac42c,botica,31,56,440,440,360,2026-05-10T00:00:00,fc926e0d-19a6-5f03-90fd-2c4a670a9d61,41cb90d0-d91a-57c2-b138-831be351479f,5,0.33,133b44d1-2b1a-5558-970e-191a0eb622ba,56,2023-01-15T10:00:00,2023-01-15T10:00:00,True,57.58234340568477,-26.582343405684767,2.80424624272903,939.1876154582333,ALTA,309.93,True,True
e8aeb018-f679-5670-b210-de4f62ff2111,d6f21f11-7533-52dd-a4dc-2fb8e260c02c,4d9429b6-2ebf-5b5d-ac48-f779d5a1e270,208.71365859453317,17.392804882877765,8a3fd17c-85ef-5d34-8889-e60df0a183a4,botica,107,21,0,0,135,2026-05-10T00:00:00,56db5cb1-323a-5ac6-b3b0-cc67eb01d651,a6f6d890-1609-53fc-b4a6-5733ccc9d078,14,1.21,133b44d1-2b1a-5558-970e-191a0eb622ba,21,2023-01-15T10:00:00,2023-01-15T10:00:00,True,34.78560976575553,72.21439023424446,0.3771288014936301,102.0907873960268,BAJA,123.53,False,False
e8aeb018-f679-5670-b210-de4f62ff2111,d6f21f11-7533-52dd-a4dc-2fb8e260c02c,5bbfdec8-65ae-59e6-b211-5eccb5b765fa,882.0802173960299,73.50668478300248,b9092091-6267-510b-8d0b-12aa2bbfddce,botica,252,56,0,0,360,2026-05-10T00:00:00,735d37b2-1071-55a1-b105-17269ef25d7f,76d6c9f4-5d7d-53c0-bb1f-2a577383765a,3,0.25,133b44d1-2b1a-5558-970e-191a0eb622ba,56,2023-01-15T10:00:00,2023-01-15T10:00:00,True,31.502864907001065,220.49713509299895,1.3221109742007573,631.4023283702306,BAJA,157.85,False,False
e8aeb018-f679-5670-b210-de4f62ff2111,d6f21f11-7533-52dd-a4dc-2fb8e260c02c,6baabed2-52d7-5cb7-bf74-86c7cb3e4f07,514.8872027507814,42.90726689589845,93229d79-0be8-56a3-bdb1-e4f476661892,botica,69,42,0,0,270,2026-05-10T00:00:00,169543e4-a742-5997-8522-3bac880785ee,41cb90d0-d91a-57c2-b138-831be351479f,5,0.66,133b44d1-2b1a-5558-970e-191a0eb622ba,42,2023-01-15T10:00:00,2023-01-15T10:00:00,True,30.64804778278461,38.35195221721539,9.848498747223054e-15,445.8872027507814,BAJA,294.29,False,False
e8aeb018-f679-5670-b210-de4f62ff2111,d6f21f11-7533-52dd-a4dc-2fb8e260c02c,6d807393-f4ab-5f76-b544-251eeda27ba3,799.8196446816864,66.6516370568072,56f30155-d989-57da-aec4-0164c4e44dfb,botica,135,63,0,0,405,2026-05-10T00:00:00,eb403387-989b-5bdb-9d64-43f56393228e,ab4a547f-e75d-5601-8171-00da4efa4b57,7,0.39,133b44d1-2b1a-5558-970e-191a0eb622ba,63,2023-01-15T10:00:00,2023-01-15T10:00:00,True,66.6516370568072,68.3483629431928,2.820300491597121,667.6399451732835,BAJA,260.38,False,False
e8aeb018-f679-5670-b210-de4f62ff2111,d6f21f11-7533-52dd-a4dc-2fb8e260c02c,82cd11ba-d1a0-58b1-b14f-edd741f36e87,721.310930622324,60.109244218527,9dd70e22-b61f-5623-9a2d-7d002f726f45,botica,169,49,0,0,315,2026-05-10T00:00:00,395ce26b-7ba6-50d6-a343-bccbadd7b7f8,41cb90d0-d91a-57c2-b138-831be351479f,5,0.99,133b44d1-2b1a-5558-970e-191a0eb622ba,49,2023-01-15T10:00:00,2023-01-15T10:00:00,True,42.935174441804996,126.064825558195,0.40040616210328656,552.7113367844273,BAJA,547.18,False,False
e8aeb018-f679-5670-b210-de4f62ff2111,d6f21f11-7533-52dd-a4dc-2fb8e260c02c,87b859e0-789a-56e6-b1ba-4fe76221d3bf,676.9443034042484,56.41202528368737,41fe56ee-daf2-5c74-ae91-4e17ecae1a7b,botica,88,49,0,0,315,2026-05-10T00:00:00,c5fb9238-20c6-5255-94a6-516365b4e913,c6617891-56ff-5690-89a4-1ece06685ff5,10,0.39,133b44d1-2b1a-5558-970e-191a0eb622ba,49,2023-01-15T10:00:00,2023-01-15T10:00:00,True,80.58860754812483,7.411392451875173,1.4196544593887446,590.3639578636372,BAJA,230.24,False,False
e8aeb018-f679-5670-b210-de4f62ff2111,d6f21f11-7533-52dd-a4dc-2fb8e260c02c,94e18241-54bd-5516-b36f-94ab6e323aca,539.5961768808879,44.966348073407325,2f7df99c-62d9-5a13-bfa8-87db977629c2,botica,46,35,0,0,225,2026-05-10T00:00:00,089b2005-9e09-507e-96ed-3b189d0455f7,ab4a547f-e75d-5601-8171-00da4efa4b57,7,3.3,133b44d1-2b1a-5558-970e-191a0eb622ba,35,2023-01-15T10:00:00,2023-01-15T10:00:00,True,44.966348073407325,1.0336519265926754,2.1712275355156962,495.76740441640356,MEDIA,1636.03,False,False
e8aeb018-f679-5670-b210-de4f62ff2111,d6f21f11-7533-52dd-a4dc-2fb8e260c02c,97d26d91-c562-5f27-9ebd-285e89c8f4bf,774.478433464783,64.53986945539859,8e61c6e4-93bf-5839-94d0-233d836ca371,botica,112,63,0,0,405,2026-05-10T00:00:00,9779468c-ec67-5fd3-a44c-851c8bacf557,ab4a547f-e75d-5601-8171-00da4efa4b57,7,0.5,133b44d1-2b1a-5558-970e-191a0eb622ba,63,2023-01-15T10:00:00,2023-01-15T10:00:00,True,64.53986945539859,47.46013054460141,0.06587278788224507,662.5443062526653,BAJA,331.27,False,False
e8aeb018-f679-5670-b210-de4f62ff2111,d6f21f11-7533-52dd-a4dc-2fb8e260c02c,983871db-adfb-543e-b438-6b00044ffb64,711.8664733913374,59.32220611594479,1fdafc56-e76d-54d2-b64f-d5f959b75a95,botica,114,70,0,0,450,2026-05-10T00:00:00,4352a522-0d9e-57ee-95b3-2fa1882280e5,a6f6d890-1609-53fc-b4a6-5733ccc9d078,14,0.44,133b44d1-2b1a-5558-970e-191a0eb622ba,70,2023-01-15T10:00:00,2023-01-15T10:00:00,True,118.64441223188958,-4.644412231889575,5.226497135863236,603.0929705272007,ALTA,265.36,False,True
e8aeb018-f679-5670-b210-de4f62ff2111,d6f21f11-7533-52dd-a4dc-2fb8e260c02c,9928e9a1-d9fc-5fdd-86c2-8909352fd7fe,399.85333956778345,33.32111163064862,d9675ff9-5722-563b-aeee-95edbd2141e6,botica,253,42,0,0,270,2026-05-10T00:00:00,d935cb63-079a-5495-b357-bb799082d254,a6f6d890-1609-53fc-b4a6-5733ccc9d078,14,0.33,133b44d1-2b1a-5558-970e-191a0eb622ba,42,2023-01-15T10:00:00,2023-01-15T10:00:00,True,66.64222326129725,186.35777673870274,3.7435868090394924,150.59692637682292,BAJA,49.7,False,False
e8aeb018-f679-5670-b210-de4f62ff2111,d6f21f11-7533-52dd-a4dc-2fb8e260c02c,afe9d181-1c64-5cca-b4b7-a9fa24eceeea,494.75783702332456,41.229819751943715,1f38e2e6-7772-5244-956b-7620d8fecf68,botica,0,49,269,269,315,2026-05-10T00:00:00,dfcd9287-adb7-5e7d-a1ee-b87a64884f85,a6f6d890-1609-53fc-b4a6-5733ccc9d078,14,0.61,133b44d1-2b1a-5558-970e-191a0eb622ba,49,2023-01-15T10:00:00,2023-01-15T10:00:00,True,82.45963950388743,-82.45963950388743,1.2437332763439803,496.0015702996685,ALTA,302.56,True,True
e8aeb018-f679-5670-b210-de4f62ff2111,d6f21f11-7533-52dd-a4dc-2fb8e260c02c,c0cf5e5c-b5c9-585a-8e79-d9830bc954f6,384.6530676532002,32.05442230443335,153728a1-4214-5128-8970-c360391cd94a,botica,48,28,0,0,180,2026-05-10T00:00:00,d62dac84-5b45-57f9-bcb6-a4770dafb37a,76d6c9f4-5d7d-53c0-bb1f-2a577383765a,3,0.72,133b44d1-2b1a-5558-970e-191a0eb622ba,28,2023-01-15T10:00:00,2023-01-15T10:00:00,True,13.737609559042864,34.262390440957134,0.20589586005595437,336.8589635132561,BAJA,242.54,False,False
e8aeb018-f679-5670-b210-de4f62ff2111,d6f21f11-7533-52dd-a4dc-2fb8e260c02c,cd81184b-b6f1-563c-b463-36a69ddfb598,739.4298124181405,61.61915103484504,0048002c-737c-5c9d-b643-26ad6a00d09a,botica,169,56,0,0,360,2026-05-10T00:00:00,1fb545ee-9157-5676-aedd-0e88d8fc7be1,76d6c9f4-5d7d-53c0-bb1f-2a577383765a,3,0.33,133b44d1-2b1a-5558-970e-191a0eb622ba,56,2023-01-15T10:00:00,2023-01-15T10:00:00,True,26.40820758636216,142.59179241363785,0.042748334933050976,570.4725607530736,BAJA,188.26,False,False
e8aeb018-f679-5670-b210-de4f62ff2111,d6f21f11-7533-52dd-a4dc-2fb8e260c02c,d0ae6d2d-e561-56b3-a2c1-113c1c56ae81,514.3937158242632,42.86614298535526,945c04ec-6c0c-5009-88e4-fdb7e2ed6427,botica,316,42,0,0,270,2026-05-10T00:00:00,69be58f1-4362-5164-bb9b-e83762c473b6,76d6c9f4-5d7d-53c0-bb1f-2a577383765a,3,1.38,133b44d1-2b1a-5558-970e-191a0eb622ba,42,2023-01-15T10:00:00,2023-01-15T10:00:00,True,18.371204136580825,297.62879586341916,0.0,198.39371582426315,BAJA,273.78,False,False
e8aeb018-f679-5670-b210-de4f62ff2111,d6f21f11-7533-52dd-a4dc-2fb8e260c02c,d2f08f15-f9f2-5f65-a740-b05896774467,704.1847248929931,58.682060407749425,48644543-e8b3-5572-8fc3-1ee555ac898e,botica,263,49,0,0,315,2026-05-10T00:00:00,7ec7f65f-7019-5947-ac6e-536fb49f29c6,41cb90d0-d91a-57c2-b138-831be351479f,5,0.5,133b44d1-2b1a-5558-970e-191a0eb622ba,49,2023-01-15T10:00:00,2023-01-15T10:00:00,True,41.91575743410674,221.08424256589325,0.17817834207357158,441.3629032350667,BAJA,220.68,False,False
e8aeb018-f679-5670-b210-de4f62ff2111,d6f21f11-7533-52dd-a4dc-2fb8e260c02c,d3961f5a-3ea7-53d3-89f4-78b65b0c0c6b,1616.5644327278928,134.7137027273244,4e488f7f-e3f4-5ad2-adab-6b094bbf48f1,botica,70,84,460,460,540,2026-05-10T00:00:00,f6f37222-bdf9-551d-a92f-6aa1ca7dfa81,76d6c9f4-5d7d-53c0-bb1f-2a577383765a,3,0.28,133b44d1-2b1a-5558-970e-191a0eb622ba,84,2023-01-15T10:00:00,2023-01-15T10:00:00,True,57.734444025996176,12.265555974003824,13.937263646166839,1560.5016963740597,MEDIA,436.94,True,False
e8aeb018-f679-5670-b210-de4f62ff2111,d6f21f11-7533-52dd-a4dc-2fb8e260c02c,d9506935-1215-5499-93c0-8bdd86ab9418,186.62223712073964,15.55185309339497,a72c0743-1111-5555-8805-14068039977d,botica,71,15,0,0,90,2026-05-10T00:00:00,a50bdd77-7c59-5aa9-bb47-035c6370585d,c6617891-56ff-5690-89a4-1ece06685ff5,10,1.54,133b44d1-2b1a-5558-970e-191a0eb622ba,14,2023-01-15T10:00:00,2023-01-15T10:00:00,True,22.216932990564242,48.783067009435754,0.2483580151447498,115.8705951358844,BAJA,178.44,False,False
