codigo_producto,codigo_botica,precio_venta,precio_costo,vigente_desde,vigente_hasta
SKU-000001,BOT-006,0.49,0.28,2024-01-01,
SKU-000001,BOT-007,0.5,0.28,2024-01-01,
SKU-000001,BOT-008,0.51,0.28,2024-01-01,
SKU-000001,BOT-009,0.52,0.28,2024-01-01,
SKU-000001,BOT-010,0.48,0.28,2024-01-01,
SKU-000001,BOT-011,0.49,0.28,2024-01-01,
SKU-000001,BOT-012,0.5,0.28,2024-01-01,
SKU-000001,BOT-013,0.51,0.28,2024-01-01,
SKU-000001,BOT-014,0.52,0.28,2024-01-01,
SKU-000001,BOT-015,0.48,0.28,2024-01-01,
SKU-000001,BOT-016,0.49,0.28,2024-01-01,
SKU-000001,BOT-017,0.5,0.28,2024-01-01,
SKU-000001,BOT-018,0.51,0.28,2024-01-01,
SKU-000001,BOT-019,0.52,0.28,2024-01-01,
SKU-000001,BOT-020,0.48,0.28,2024-01-01,
SKU-000001,BOT-021,0.49,0.28,2024-01-01,
SKU-000001,BOT-022,0.5,0.28,2024-01-01,
SKU-000002,BOT-006,0.79,0.44,2024-01-01,
SKU-000002,BOT-007,0.8,0.44,2024-01-01,
SKU-000002,BOT-008,0.81,0.44,2024-01-01,
SKU-000002,BOT-009,0.82,0.44,2024-01-01,
SKU-000002,BOT-010,0.78,0.44,2024-01-01,
SKU-000002,BOT-011,0.79,0.44,2024-01-01,
SKU-000002,BOT-012,0.8,0.44,2024-01-01,
SKU-000002,BOT-013,0.81,0.44,2024-01-01,
SKU-000002,BOT-014,0.82,0.44,2024-01-01,
SKU-000002,BOT-015,0.78,0.44,2024-01-01,
SKU-000002,BOT-016,0.79,0.44,2024-01-01,
SKU-000002,BOT-017,0.8,0.44,2024-01-01,
SKU-000002,BOT-018,0.81,0.44,2024-01-01,
SKU-000002,BOT-019,0.82,0.44,2024-01-01,
SKU-000002,BOT-020,0.78,0.44,2024-01-01,
SKU-000002,BOT-021,0.79,0.44,2024-01-01,
SKU-000002,BOT-022,0.8,0.44,2024-01-01,
SKU-000003,BOT-006,0.69,0.39,2024-01-01,
SKU-000003,BOT-007,0.7,0.39,2024-01-01,
SKU-000003,BOT-008,0.71,0.39,2024-01-01,
SKU-000003,BOT-009,0.72,0.39,2024-01-01,
SKU-000003,BOT-010,0.68,0.39,2024-01-01,
SKU-000003,BOT-011,0.69,0.39,2024-01-01,
SKU-000003,BOT-012,0.7,0.39,2024-01-01,
SKU-000003,BOT-013,0.71,0.39,2024-01-01,
SKU-000003,BOT-014,0.72,0.39,2024-01-01,
SKU-000003,BOT-015,0.68,0.39,2024-01-01,
SKU-000003,BOT-016,0.69,0.39,2024-01-01,
SKU-000003,BOT-017,0.7,0.39,2024-01-01,
SKU-000003,BOT-018,0.71,0.39,2024-01-01,
SKU-000003,BOT-019,0.72,0.39,2024-01-01,
SKU-000003,BOT-020,0.68,0.39,2024-01-01,
SKU-000003,BOT-021,0.69,0.39,2024-01-01,
SKU-000003,BOT-022,0.7,0.39,2024-01-01,
SKU-000004,BOT-006,1.18,0.66,2024-01-01,
SKU-000004,BOT-007,1.2,0.66,2024-01-01,
SKU-000004,BOT-008,1.22,0.66,2024-01-01,
SKU-000004,BOT-009,1.24,0.66,2024-01-01,
SKU-000004,BOT-010,1.16,0.66,2024-01-01,
SKU-000004,BOT-011,1.18,0.66,2024-01-01,
SKU-000004,BOT-012,1.2,0.66,2024-01-01,
SKU-000004,BOT-013,1.22,0.66,2024-01-01,
SKU-000004,BOT-014,1.24,0.66,2024-01-01,
SKU-000004,BOT-015,1.16,0.66,2024-01-01,
SKU-000004,BOT-016,1.18,0.66,2024-01-01,
SKU-000004,BOT-017,1.2,0.66,2024-01-01,
SKU-000004,BOT-018,1.22,0.66,2024-01-01,
SKU-000004,BOT-019,1.24,0.66,2024-01-01,
SKU-000004,BOT-020,1.16,0.66,2024-01-01,
SKU-000004,BOT-021,1.18,0.66,2024-01-01,
SKU-000004,BOT-022,1.2,0.66,2024-01-01,
SKU-000005,BOT-006,0.59,0.33,2024-01-01,
SKU-000005,BOT-007,0.6,0.33,2024-01-01,
SKU-000005,BOT-008,0.61,0.33,2024-01-01,
SKU-000005,BOT-009,0.62,0.33,2024-01-01,
SKU-000005,BOT-010,0.58,0.33,2024-01-01,
SKU-000005,BOT-011,0.59,0.33,2024-01-01,
SKU-000005,BOT-012,0.6,0.33,2024-01-01,
SKU-000005,BOT-013,0.61,0.33,2024-01-01,
SKU-000005,BOT-014,0.62,0.33,2024-01-01,
SKU-000005,BOT-015,0.58,0.33,2024-01-01,
SKU-000005,BOT-016,0.59,0.33,2024-01-01,
SKU-000005,BOT-017,0.6,0.33,2024-01-01,
SKU-000005,BOT-018,0.61,0.33,2024-01-01,
SKU-000005,BOT-019,0.62,0.33,2024-01-01,
SKU-000005,BOT-020,0.58,0.33,2024-01-01,
SKU-000005,BOT-021,0.59,0.33,2024-01-01,
SKU-000005,BOT-022,0.6,0.33,2024-01-01,
SKU-000006,BOT-006,0.44,0.25,2024-01-01,
SKU-000006,BOT-007,0.45,0.25,2024-01-01,
SKU-000006,BOT-008,0.46,0.25,2024-01-01,
SKU-000006,BOT-009,0.46,0.25,2024-01-01,
SKU-000006,BOT-010,0.44,0.25,2024-01-01,
SKU-000006,BOT-011,0.44,0.25,2024-01-01,
SKU-000006,BOT-012,0.45,0.25,2024-01-01,
SKU-000006,BOT-013,0.46,0.25,2024-01-01,
SKU-000006,BOT-014,0.46,0.25,2024-01-01,
SKU-000006,BOT-015,0.44,0.25,2024-01-01,
SKU-000006,BOT-016,0.44,0.25,2024-01-01,
SKU-000006,BOT-017,0.45,0.25,2024-01-01,
SKU-000006,BOT-018,0.46,0.25,2024-01-01,
SKU-000006,BOT-019,0.46,0.25,2024-01-01,
SKU-000006,BOT-020,0.44,0.25,2024-01-01,
SKU-000006,BOT-021,0.44,0.25,2024-01-01,
SKU-000006,BOT-022,0.45,0.25,2024-01-01,
SKU-000007,BOT-006,1.77,0.99,2024-01-01,
SKU-000007,BOT-007,1.8,0.99,2024-01-01,
SKU-000007,BOT-008,1.83,0.99,2024-01-01,
SKU-000007,BOT-009,1.85,0.99,2024-01-01,
SKU-000007,BOT-010,1.75,0.99,2024-01-01,
SKU-000007,BOT-011,1.77,0.99,2024-01-01,
SKU-000007,BOT-012,1.8,0.99,2024-01-01,
SKU-000007,BOT-013,1.83,0.99,2024-01-01,
SKU-000007,BOT-014,1.85,0.99,2024-01-01,
SKU-000007,BOT-015,1.75,0.99,2024-01-01,
SKU-000007,BOT-016,1.77,0.99,2024-01-01,
SKU-000007,BOT-017,1.8,0.99,2024-01-01,
SKU-000007,BOT-018,1.83,0.99,2024-01-01,
SKU-000007,BOT-019,1.85,0.99,2024-01-01,
SKU-000007,BOT-020,1.75,0.99,2024-01-01,
SKU-000007,BOT-021,1.77,0.99,2024-01-01,
SKU-000007,BOT-022,1.8,0.99,2024-01-01,
SKU-000008,BOT-006,8.37,4.68,2024-01-01,
SKU-000008,BOT-007,8.5,4.68,2024-01-01,
SKU-000008,BOT-008,8.63,4.68,2024-01-01,
SKU-000008,BOT-009,8.76,4.68,2024-01-01,
SKU-000008,BOT-010,8.24,4.68,2024-01-01,
SKU-000008,BOT-011,8.37,4.68,2024-01-01,
SKU-000008,BOT-012,8.5,4.68,2024-01-01,
SKU-000008,BOT-013,8.63,4.68,2024-01-01,
SKU-000008,BOT-014,8.76,4.68,2024-01-01,
SKU-000008,BOT-015,8.24,4.68,2024-01-01,
SKU-000008,BOT-016,8.37,4.68,2024-01-01,
SKU-000008,BOT-017,8.5,4.68,2024-01-01,
SKU-000008,BOT-018,8.63,4.68,2024-01-01,
SKU-000008,BOT-019,8.76,4.68,2024-01-01,
SKU-000008,BOT-020,8.24,4.68,2024-01-01,
SKU-000008,BOT-021,8.37,4.68,2024-01-01,
SKU-000008,BOT-022,8.5,4.68,2024-01-01,
SKU-000009,BOT-006,4.43,2.48,2024-01-01,
SKU-000009,BOT-007,4.5,2.48,2024-01-01,
SKU-000009,BOT-008,4.57,2.48,2024-01-01,
SKU-000009,BOT-009,4.63,2.48,2024-01-01,
SKU-000009,BOT-010,4.37,2.48,2024-01-01,
SKU-000009,BOT-011,4.43,2.48,2024-01-01,
SKU-000009,BOT-012,4.5,2.48,2024-01-01,
SKU-000009,BOT-013,4.57,2.48,2024-01-01,
SKU-000009,BOT-014,4.63,2.48,2024-01-01,
SKU-000009,BOT-015,4.37,2.48,2024-01-01,
SKU-000009,BOT-016,4.43,2.48,2024-01-01,
SKU-000009,BOT-017,4.5,2.48,2024-01-01,
SKU-000009,BOT-018,4.57,2.48,2024-01-01,
SKU-000009,BOT-019,4.63,2.48,2024-01-01,
SKU-000009,BOT-020,4.37,2.48,2024-01-01,
SKU-000009,BOT-021,4.43,2.48,2024-01-01,
SKU-000009,BOT-022,4.5,2.48,2024-01-01,
SKU-000010,BOT-006,2.17,1.21,2024-01-01,
SKU-000010,BOT-007,2.2,1.21,2024-01-01,
SKU-000010,BOT-008,2.23,1.21,2024-01-01,
SKU-000010,BOT-009,2.27,1.21,2024-01-01,
SKU-000010,BOT-010,2.13,1.21,2024-01-01,
SKU-000010,BOT-011,2.17,1.21,2024-01-01,
SKU-000010,BOT-012,2.2,1.21,2024-01-01,
SKU-000010,BOT-013,2.23,1.21,2024-01-01,
SKU-000010,BOT-014,2.27,1.21,2024-01-01,
SKU-000010,BOT-015,2.13,1.21,2024-01-01,
SKU-000010,BOT-016,2.17,1.21,2024-01-01,
SKU-000010,BOT-017,2.2,1.21,2024-01-01,
SKU-000010,BOT-018,2.23,1.21,2024-01-01,
SKU-000010,BOT-019,2.27,1.21,2024-01-01,
SKU-000010,BOT-020,2.13,1.21,2024-01-01,
SKU-000010,BOT-021,2.17,1.21,2024-01-01,
SKU-000010,BOT-022,2.2,1.21,2024-01-01,
SKU-000011,BOT-006,1.28,0.72,2024-01-01,
SKU-000011,BOT-007,1.3,0.72,2024-01-01,
SKU-000011,BOT-008,1.32,0.72,2024-01-01,
SKU-000011,BOT-009,1.34,0.72,2024-01-01,
SKU-000011,BOT-010,1.26,0.72,2024-01-01,
SKU-000011,BOT-011,1.28,0.72,2024-01-01,
SKU-000011,BOT-012,1.3,0.72,2024-01-01,
SKU-000011,BOT-013,1.32,0.72,2024-01-01,
SKU-000011,BOT-014,1.34,0.72,2024-01-01,
SKU-000011,BOT-015,1.26,0.72,2024-01-01,
SKU-000011,BOT-016,1.28,0.72,2024-01-01,
SKU-000011,BOT-017,1.3,0.72,2024-01-01,
SKU-000011,BOT-018,1.32,0.72,2024-01-01,
SKU-000011,BOT-019,1.34,0.72,2024-01-01,
SKU-000011,BOT-020,1.26,0.72,2024-01-01,
SKU-000011,BOT-021,1.28,0.72,2024-01-01,
SKU-000011,BOT-022,1.3,0.72,2024-01-01,
SKU-000012,BOT-006,0.59,0.33,2024-01-01,
SKU-000012,BOT-007,0.6,0.33,2024-01-01,
SKU-000012,BOT-008,0.61,0.33,2024-01-01,
SKU-000012,BOT-009,0.62,0.33,2024-01-01,
SKU-000012,BOT-010,0.58,0.33,2024-01-01,
SKU-000012,BOT-011,0.59,0.33,2024-01-01,
SKU-000012,BOT-012,0.6,0.33,2024-01-01,
SKU-000012,BOT-013,0.61,0.33,2024-01-01,
SKU-000012,BOT-014,0.62,0.33,2024-01-01,
SKU-000012,BOT-015,0.58,0.33,2024-01-01,
SKU-000012,BOT-016,0.59,0.33,2024-01-01,
SKU-000012,BOT-017,0.6,0.33,2024-01-01,
SKU-000012,BOT-018,0.61,0.33,2024-01-01,
SKU-000012,BOT-019,0.62,0.33,2024-01-01,
SKU-000012,BOT-020,0.58,0.33,2024-01-01,
SKU-000012,BOT-021,0.59,0.33,2024-01-01,
SKU-000012,BOT-022,0.6,0.33,2024-01-01,
SKU-000013,BOT-006,5.91,3.3,2024-01-01,
SKU-000013,BOT-007,6.0,3.3,2024-01-01,
SKU-000013,BOT-008,6.09,3.3,2024-01-01,
SKU-000013,BOT-009,6.18,3.3,2024-01-01,
SKU-000013,BOT-010,5.82,3.3,2024-01-01,
SKU-000013,BOT-011,5.91,3.3,2024-01-01,
SKU-000013,BOT-012,6.0,3.3,2024-01-01,
SKU-000013,BOT-013,6.09,3.3,2024-01-01,
SKU-000013,BOT-014,6.18,3.3,2024-01-01,
SKU-000013,BOT-015,5.82,3.3,2024-01-01,
SKU-000013,BOT-016,5.91,3.3,2024-01-01,
SKU-000013,BOT-017,6.0,3.3,2024-01-01,
SKU-000013,BOT-018,6.09,3.3,2024-01-01,
SKU-000013,BOT-019,6.18,3.3,2024-01-01,
SKU-000013,BOT-020,5.82,3.3,2024-01-01,
SKU-000013,BOT-021,5.91,3.3,2024-01-01,
SKU-000013,BOT-022,6.0,3.3,2024-01-01,
SKU-000014,BOT-006,0.69,0.39,2024-01-01,
SKU-000014,BOT-007,0.7,0.39,2024-01-01,
SKU-000014,BOT-008,0.71,0.39,2024-01-01,
SKU-000014,BOT-009,0.72,0.39,2024-01-01,
SKU-000014,BOT-010,0.68,0.39,2024-01-01,
SKU-000014,BOT-011,0.69,0.39,2024-01-01,
SKU-000014,BOT-012,0.7,0.39,2024-01-01,
SKU-000014,BOT-013,0.71,0.39,2024-01-01,
SKU-000014,BOT-014,0.72,0.39,2024-01-01,
SKU-000014,BOT-015,0.68,0.39,2024-01-01,
SKU-000014,BOT-016,0.69,0.39,2024-01-01,
SKU-000014,BOT-017,0.7,0.39,2024-01-01,
SKU-000014,BOT-018,0.71,0.39,2024-01-01,
SKU-000014,BOT-019,0.72,0.39,2024-01-01,
SKU-000014,BOT-020,0.68,0.39,2024-01-01,
SKU-000014,BOT-021,0.69,0.39,2024-01-01,
SKU-000014,BOT-022,0.7,0.39,2024-01-01,
SKU-000015,BOT-006,0.79,0.44,2024-01-01,
SKU-000015,BOT-007,0.8,0.44,2024-01-01,
SKU-000015,BOT-008,0.81,0.44,2024-01-01,
SKU-000015,BOT-009,0.82,0.44,2024-01-01,
SKU-000015,BOT-010,0.78,0.44,2024-01-01,
SKU-000015,BOT-011,0.79,0.44,2024-01-01,
SKU-000015,BOT-012,0.8,0.44,2024-01-01,
SKU-000015,BOT-013,0.81,0.44,2024-01-01,
SKU-000015,BOT-014,0.82,0.44,2024-01-01,
SKU-000015,BOT-015,0.78,0.44,2024-01-01,
SKU-000015,BOT-016,0.79,0.44,2024-01-01,
SKU-000015,BOT-017,0.8,0.44,2024-01-01,
SKU-000015,BOT-018,0.81,0.44,2024-01-01,
SKU-000015,BOT-019,0.82,0.44,2024-01-01,
SKU-000015,BOT-020,0.78,0.44,2024-01-01,
SKU-000015,BOT-021,0.79,0.44,2024-01-01,
SKU-000015,BOT-022,0.8,0.44,2024-01-01,
SKU-000016,BOT-006,1.48,0.83,2024-01-01,
SKU-000016,BOT-007,1.5,0.83,2024-01-01,
SKU-000016,BOT-008,1.52,0.83,2024-01-01,
SKU-000016,BOT-009,1.54,0.83,2024-01-01,
SKU-000016,BOT-010,1.46,0.83,2024-01-01,
SKU-000016,BOT-011,1.48,0.83,2024-01-01,
SKU-000016,BOT-012,1.5,0.83,2024-01-01,
SKU-000016,BOT-013,1.52,0.83,2024-01-01,
SKU-000016,BOT-014,1.54,0.83,2024-01-01,
SKU-000016,BOT-015,1.46,0.83,2024-01-01,
SKU-000016,BOT-016,1.48,0.83,2024-01-01,
SKU-000016,BOT-017,1.5,0.83,2024-01-01,
SKU-000016,BOT-018,1.52,0.83,2024-01-01,
SKU-000016,BOT-019,1.54,0.83,2024-01-01,
SKU-000016,BOT-020,1.46,0.83,2024-01-01,
SKU-000016,BOT-021,1.48,0.83,2024-01-01,
SKU-000016,BOT-022,1.5,0.83,2024-01-01,
SKU-000017,BOT-006,0.89,0.5,2024-01-01,
SKU-000017,BOT-007,0.9,0.5,2024-01-01,
SKU-000017,BOT-008,0.91,0.5,2024-01-01,
SKU-000017,BOT-009,0.93,0.5,2024-01-01,
SKU-000017,BOT-010,0.87,0.5,2024-01-01,
SKU-000017,BOT-011,0.89,0.5,2024-01-01,
SKU-000017,BOT-012,0.9,0.5,2024-01-01,
SKU-000017,BOT-013,0.91,0.5,2024-01-01,
SKU-000017,BOT-014,0.93,0.5,2024-01-01,
SKU-000017,BOT-015,0.87,0.5,2024-01-01,
SKU-000017,BOT-016,0.89,0.5,2024-01-01,
SKU-000017,BOT-017,0.9,0.5,2024-01-01,
SKU-000017,BOT-018,0.91,0.5,2024-01-01,
SKU-000017,BOT-019,0.93,0.5,2024-01-01,
SKU-000017,BOT-020,0.87,0.5,2024-01-01,
SKU-000017,BOT-021,0.89,0.5,2024-01-01,
SKU-000017,BOT-022,0.9,0.5,2024-01-01,
SKU-000018,BOT-006,0.89,0.5,2024-01-01,
SKU-000018,BOT-007,0.9,0.5,2024-01-01,
SKU-000018,BOT-008,0.91,0.5,2024-01-01,
SKU-000018,BOT-009,0.93,0.5,2024-01-01,
SKU-000018,BOT-010,0.87,0.5,2024-01-01,
SKU-000018,BOT-011,0.89,0.5,2024-01-01,
SKU-000018,BOT-012,0.9,0.5,2024-01-01,
SKU-000018,BOT-013,0.91,0.5,2024-01-01,
SKU-000018,BOT-014,0.93,0.5,2024-01-01,
SKU-000018,BOT-015,0.87,0.5,2024-01-01,
SKU-000018,BOT-016,0.89,0.5,2024-01-01,
SKU-000018,BOT-017,0.9,0.5,2024-01-01,
SKU-000018,BOT-018,0.91,0.5,2024-01-01,
SKU-000018,BOT-019,0.93,0.5,2024-01-01,
SKU-000018,BOT-020,0.87,0.5,2024-01-01,
SKU-000018,BOT-021,0.89,0.5,2024-01-01,
SKU-000018,BOT-022,0.9,0.5,2024-01-01,
SKU-000019,BOT-006,0.69,0.39,2024-01-01,
SKU-000019,BOT-007,0.7,0.39,2024-01-01,
SKU-000019,BOT-008,0.71,0.39,2024-01-01,
SKU-000019,BOT-009,0.72,0.39,2024-01-01,
SKU-000019,BOT-010,0.68,0.39,2024-01-01,
SKU-000019,BOT-011,0.69,0.39,2024-01-01,
SKU-000019,BOT-012,0.7,0.39,2024-01-01,
SKU-000019,BOT-013,0.71,0.39,2024-01-01,
SKU-000019,BOT-014,0.72,0.39,2024-01-01,
SKU-000019,BOT-015,0.68,0.39,2024-01-01,
SKU-000019,BOT-016,0.69,0.39,2024-01-01,
SKU-000019,BOT-017,0.7,0.39,2024-01-01,
SKU-000019,BOT-018,0.71,0.39,2024-01-01,
SKU-000019,BOT-019,0.72,0.39,2024-01-01,
SKU-000019,BOT-020,0.68,0.39,2024-01-01,
SKU-000019,BOT-021,0.69,0.39,2024-01-01,
SKU-000019,BOT-022,0.7,0.39,2024-01-01,
SKU-000020,BOT-006,1.08,0.61,2024-01-01,
SKU-000020,BOT-007,1.1,0.61,2024-01-01,
SKU-000020,BOT-008,1.12,0.61,2024-01-01,
SKU-000020,BOT-009,1.13,0.61,2024-01-01,
SKU-000020,BOT-010,1.07,0.61,2024-01-01,
SKU-000020,BOT-011,1.08,0.61,2024-01-01,
SKU-000020,BOT-012,1.1,0.61,2024-01-01,
SKU-000020,BOT-013,1.12,0.61,2024-01-01,
SKU-000020,BOT-014,1.13,0.61,2024-01-01,
SKU-000020,BOT-015,1.07,0.61,2024-01-01,
SKU-000020,BOT-016,1.08,0.61,2024-01-01,
SKU-000020,BOT-017,1.1,0.61,2024-01-01,
SKU-000020,BOT-018,1.12,0.61,2024-01-01,
SKU-000020,BOT-019,1.13,0.61,2024-01-01,
SKU-000020,BOT-020,1.07,0.61,2024-01-01,
SKU-000020,BOT-021,1.08,0.61,2024-01-01,
SKU-000020,BOT-022,1.1,0.61,2024-01-01,
SKU-000021,BOT-006,2.46,1.38,2024-01-01,
SKU-000021,BOT-007,2.5,1.38,2024-01-01,
SKU-000021,BOT-008,2.54,1.38,2024-01-01,
SKU-000021,BOT-009,2.58,1.38,2024-01-01,
SKU-000021,BOT-010,2.42,1.38,2024-01-01,
SKU-000021,BOT-011,2.46,1.38,2024-01-01,
SKU-000021,BOT-012,2.5,1.38,2024-01-01,
SKU-000021,BOT-013,2.54,1.38,2024-01-01,
SKU-000021,BOT-014,2.58,1.38,2024-01-01,
SKU-000021,BOT-015,2.42,1.38,2024-01-01,
SKU-000021,BOT-016,2.46,1.38,2024-01-01,
SKU-000021,BOT-017,2.5,1.38,2024-01-01,
SKU-000021,BOT-018,2.54,1.38,2024-01-01,
SKU-000021,BOT-019,2.58,1.38,2024-01-01,
SKU-000021,BOT-020,2.42,1.38,2024-01-01,
SKU-000021,BOT-021,2.46,1.38,2024-01-01,
SKU-000021,BOT-022,2.5,1.38,2024-01-01,
SKU-000022,BOT-006,17.73,9.9,2024-01-01,
SKU-000022,BOT-007,18.0,9.9,2024-01-01,
SKU-000022,BOT-008,18.27,9.9,2024-01-01,
SKU-000022,BOT-009,18.54,9.9,2024-01-01,
SKU-000022,BOT-010,17.46,9.9,2024-01-01,
SKU-000022,BOT-011,17.73,9.9,2024-01-01,
SKU-000022,BOT-012,18.0,9.9,2024-01-01,
SKU-000022,BOT-013,18.27,9.9,2024-01-01,
SKU-000022,BOT-014,18.54,9.9,2024-01-01,
SKU-000022,BOT-015,17.46,9.9,2024-01-01,
SKU-000022,BOT-016,17.73,9.9,2024-01-01,
SKU-000022,BOT-017,18.0,9.9,2024-01-01,
SKU-000022,BOT-018,18.27,9.9,2024-01-01,
SKU-000022,BOT-019,18.54,9.9,2024-01-01,
SKU-000022,BOT-020,17.46,9.9,2024-01-01,
SKU-000022,BOT-021,17.73,9.9,2024-01-01,
SKU-000022,BOT-022,18.0,9.9,2024-01-01,
SKU-000023,BOT-006,3.45,1.93,2024-01-01,
SKU-000023,BOT-007,3.5,1.93,2024-01-01,
SKU-000023,BOT-008,3.55,1.93,2024-01-01,
SKU-000023,BOT-009,3.6,1.93,2024-01-01,
SKU-000023,BOT-010,3.4,1.93,2024-01-01,
SKU-000023,BOT-011,3.45,1.93,2024-01-01,
SKU-000023,BOT-012,3.5,1.93,2024-01-01,
SKU-000023,BOT-013,3.55,1.93,2024-01-01,
SKU-000023,BOT-014,3.6,1.93,2024-01-01,
SKU-000023,BOT-015,3.4,1.93,2024-01-01,
SKU-000023,BOT-016,3.45,1.93,2024-01-01,
SKU-000023,BOT-017,3.5,1.93,2024-01-01,
SKU-000023,BOT-018,3.55,1.93,2024-01-01,
SKU-000023,BOT-019,3.6,1.93,2024-01-01,
SKU-000023,BOT-020,3.4,1.93,2024-01-01,
SKU-000023,BOT-021,3.45,1.93,2024-01-01,
SKU-000023,BOT-022,3.5,1.93,2024-01-01,
SKU-000024,BOT-006,7.39,4.12,2024-01-01,
SKU-000024,BOT-007,7.5,4.12,2024-01-01,
SKU-000024,BOT-008,7.61,4.12,2024-01-01,
SKU-000024,BOT-009,7.73,4.12,2024-01-01,
SKU-000024,BOT-010,7.27,4.12,2024-01-01,
SKU-000024,BOT-011,7.39,4.12,2024-01-01,
SKU-000024,BOT-012,7.5,4.12,2024-01-01,
SKU-000024,BOT-013,7.61,4.12,2024-01-01,
SKU-000024,BOT-014,7.73,4.12,2024-01-01,
SKU-000024,BOT-015,7.27,4.12,2024-01-01,
SKU-000024,BOT-016,7.39,4.12,2024-01-01,
SKU-000024,BOT-017,7.5,4.12,2024-01-01,
SKU-000024,BOT-018,7.61,4.12,2024-01-01,
SKU-000024,BOT-019,7.73,4.12,2024-01-01,
SKU-000024,BOT-020,7.27,4.12,2024-01-01,
SKU-000024,BOT-021,7.39,4.12,2024-01-01,
SKU-000024,BOT-022,7.5,4.12,2024-01-01,
SKU-000025,BOT-006,0.39,0.22,2024-01-01,
SKU-000025,BOT-007,0.4,0.22,2024-01-01,
SKU-000025,BOT-008,0.41,0.22,2024-01-01,
SKU-000025,BOT-009,0.41,0.22,2024-01-01,
SKU-000025,BOT-010,0.39,0.22,2024-01-01,
SKU-000025,BOT-011,0.39,0.22,2024-01-01,
SKU-000025,BOT-012,0.4,0.22,2024-01-01,
SKU-000025,BOT-013,0.41,0.22,2024-01-01,
SKU-000025,BOT-014,0.41,0.22,2024-01-01,
SKU-000025,BOT-015,0.39,0.22,2024-01-01,
SKU-000025,BOT-016,0.39,0.22,2024-01-01,
SKU-000025,BOT-017,0.4,0.22,2024-01-01,
SKU-000025,BOT-018,0.41,0.22,2024-01-01,
SKU-000025,BOT-019,0.41,0.22,2024-01-01,
SKU-000025,BOT-020,0.39,0.22,2024-01-01,
SKU-000025,BOT-021,0.39,0.22,2024-01-01,
SKU-000025,BOT-022,0.4,0.22,2024-01-01,
SKU-000026,BOT-006,0.59,0.33,2024-01-01,
SKU-000026,BOT-007,0.6,0.33,2024-01-01,
SKU-000026,BOT-008,0.61,0.33,2024-01-01,
SKU-000026,BOT-009,0.62,0.33,2024-01-01,
SKU-000026,BOT-010,0.58,0.33,2024-01-01,
SKU-000026,BOT-011,0.59,0.33,2024-01-01,
SKU-000026,BOT-012,0.6,0.33,2024-01-01,
SKU-000026,BOT-013,0.61,0.33,2024-01-01,
SKU-000026,BOT-014,0.62,0.33,2024-01-01,
SKU-000026,BOT-015,0.58,0.33,2024-01-01,
SKU-000026,BOT-016,0.59,0.33,2024-01-01,
SKU-000026,BOT-017,0.6,0.33,2024-01-01,
SKU-000026,BOT-018,0.61,0.33,2024-01-01,
SKU-000026,BOT-019,0.62,0.33,2024-01-01,
SKU-000026,BOT-020,0.58,0.33,2024-01-01,
SKU-000026,BOT-021,0.59,0.33,2024-01-01,
SKU-000026,BOT-022,0.6,0.33,2024-01-01,
SKU-000027,BOT-006,1.18,0.66,2024-01-01,
SKU-000027,BOT-007,1.2,0.66,2024-01-01,
SKU-000027,BOT-008,1.22,0.66,2024-01-01,
SKU-000027,BOT-009,1.24,0.66,2024-01-01,
SKU-000027,BOT-010,1.16,0.66,2024-01-01,
SKU-000027,BOT-011,1.18,0.66,2024-01-01,
SKU-000027,BOT-012,1.2,0.66,2024-01-01,
SKU-000027,BOT-013,1.22,0.66,2024-01-01,
SKU-000027,BOT-014,1.24,0.66,2024-01-01,
SKU-000027,BOT-015,1.16,0.66,2024-01-01,
SKU-000027,BOT-016,1.18,0.66,2024-01-01,
SKU-000027,BOT-017,1.2,0.66,2024-01-01,
SKU-000027,BOT-018,1.22,0.66,2024-01-01,
SKU-000027,BOT-019,1.24,0.66,2024-01-01,
SKU-000027,BOT-020,1.16,0.66,2024-01-01,
SKU-000027,BOT-021,1.18,0.66,2024-01-01,
SKU-000027,BOT-022,1.2,0.66,2024-01-01,
SKU-000028,BOT-006,0.79,0.44,2024-01-01,
SKU-000028,BOT-007,0.8,0.44,2024-01-01,
SKU-000028,BOT-008,0.81,0.44,2024-01-01,
SKU-000028,BOT-009,0.82,0.44,2024-01-01,
SKU-000028,BOT-010,0.78,0.44,2024-01-01,
SKU-000028,BOT-011,0.79,0.44,2024-01-01,
SKU-000028,BOT-012,0.8,0.44,2024-01-01,
SKU-000028,BOT-013,0.81,0.44,2024-01-01,
SKU-000028,BOT-014,0.82,0.44,2024-01-01,
SKU-000028,BOT-015,0.78,0.44,2024-01-01,
SKU-000028,BOT-016,0.79,0.44,2024-01-01,
SKU-000028,BOT-017,0.8,0.44,2024-01-01,
SKU-000028,BOT-018,0.81,0.44,2024-01-01,
SKU-000028,BOT-019,0.82,0.44,2024-01-01,
SKU-000028,BOT-020,0.78,0.44,2024-01-01,
SKU-000028,BOT-021,0.79,0.44,2024-01-01,
SKU-000028,BOT-022,0.8,0.44,2024-01-01,
SKU-000029,BOT-006,2.76,1.54,2024-01-01,
SKU-000029,BOT-007,2.8,1.54,2024-01-01,
SKU-000029,BOT-008,2.84,1.54,2024-01-01,
SKU-000029,BOT-009,2.88,1.54,2024-01-01,
SKU-000029,BOT-010,2.72,1.54,2024-01-01,
SKU-000029,BOT-011,2.76,1.54,2024-01-01,
SKU-000029,BOT-012,2.8,1.54,2024-01-01,
SKU-000029,BOT-013,2.84,1.54,2024-01-01,
SKU-000029,BOT-014,2.88,1.54,2024-01-01,
SKU-000029,BOT-015,2.72,1.54,2024-01-01,
SKU-000029,BOT-016,2.76,1.54,2024-01-01,
SKU-000029,BOT-017,2.8,1.54,2024-01-01,
SKU-000029,BOT-018,2.84,1.54,2024-01-01,
SKU-000029,BOT-019,2.88,1.54,2024-01-01,
SKU-000029,BOT-020,2.72,1.54,2024-01-01,
SKU-000029,BOT-021,2.76,1.54,2024-01-01,
SKU-000029,BOT-022,2.8,1.54,2024-01-01,
SKU-000030,BOT-006,2.17,1.21,2024-01-01,
SKU-000030,BOT-007,2.2,1.21,2024-01-01,
SKU-000030,BOT-008,2.23,1.21,2024-01-01,
SKU-000030,BOT-009,2.27,1.21,2024-01-01,
SKU-000030,BOT-010,2.13,1.21,2024-01-01,
SKU-000030,BOT-011,2.17,1.21,2024-01-01,
SKU-000030,BOT-012,2.2,1.21,2024-01-01,
SKU-000030,BOT-013,2.23,1.21,2024-01-01,
SKU-000030,BOT-014,2.27,1.21,2024-01-01,
SKU-000030,BOT-015,2.13,1.21,2024-01-01,
SKU-000030,BOT-016,2.17,1.21,2024-01-01,
SKU-000030,BOT-017,2.2,1.21,2024-01-01,
SKU-000030,BOT-018,2.23,1.21,2024-01-01,
SKU-000030,BOT-019,2.27,1.21,2024-01-01,
SKU-000030,BOT-020,2.13,1.21,2024-01-01,
SKU-000030,BOT-021,2.17,1.21,2024-01-01,
SKU-000030,BOT-022,2.2,1.21,2024-01-01,
