org_id,botica_id,producto_id,cantidad_recomendada,precio_referencial,costo_estimado
e8aeb018-f679-5670-b210-de4f62ff2111,26f7241d-a84e-5e4a-a43d-33eea1e54eea,012857cc-907f-5e7d-b8fb-796d2c9f1621,527.6964183013739,0.44,232.19
e8aeb018-f679-5670-b210-de4f62ff2111,26f7241d-a84e-5e4a-a43d-33eea1e54eea,042e2e80-f954-5df4-97be-29dd428cc598,228.88696805087773,0.66,151.07
e8aeb018-f679-5670-b210-de4f62ff2111,26f7241d-a84e-5e4a-a43d-33eea1e54eea,058c6382-bde2-59d1-93ff-20c6161a4736,395.5496573073546,2.48,980.96
e8aeb018-f679-5670-b210-de4f62ff2111,26f7241d-a84e-5e4a-a43d-33eea1e54eea,07371b94-955f-52a4-9bf9-f0a6ad2b4fa8,688.6148032983211,4.68,3222.72
e8aeb018-f679-5670-b210-de4f62ff2111,26f7241d-a84e-5e4a-a43d-33eea1e54eea,0ec23038-d3ab-588c-bbd6-1f5c744cdde1,454.4154212928794,0.22,99.97
e8aeb018-f679-5670-b210-de4f62ff2111,26f7241d-a84e-5e4a-a43d-33eea1e54eea,1ca3438e-9e23-58f0-a35f-f15f7a23beb9,491.45073403212405,4.12,2024.78
e8aeb018-f679-5670-b210-de4f62ff2111,26f7241d-a84e-5e4a-a43d-33eea1e54eea,1e9605fd-5682-52b6-8f05-e8a92dd44513,144.40922113481147,1.21,174.74
e8aeb018-f679-5670-b210-de4f62ff2111,26f7241d-a84e-5e4a-a43d-33eea1e54eea,2082733c-4e17-51fe-bc8c-bf33d3ec5d7e,533.277059329298,0.83,442.62
e8aeb018-f679-5670-b210-de4f62ff2111,26f7241d-a84e-5e4a-a43d-33eea1e54eea,22231140-3780-5fe8-a7d4-d33f61d15111,335.595215242643,1.93,647.7
e8aeb018-f679-5670-b210-de4f62ff2111,26f7241d-a84e-5e4a-a43d-33eea1e54eea,2897aac2-f219-5167-b800-73fac27f6b85,427.067473770632,9.9,4227.97
e8aeb018-f679-5670-b210-de4f62ff2111,26f7241d-a84e-5e4a-a43d-33eea1e54eea,2933d8b7-2438-521b-b38d-d3a5224f87fc,1293.012210707606,0.44,568.93
e8aeb018-f679-5670-b210-de4f62ff2111,26f7241d-a84e-5e4a-a43d-33eea1e54eea,2eb3a104-e572-583a-afa0-156ee0dc4cce,305.6706226040749,0.39,119.21
e8aeb018-f679-5670-b210-de4f62ff2111,26f7241d-a84e-5e4a-a43d-33eea1e54eea,38adf7ba-476e-5e6b-9163-781a13538253,906.4615975613169,0.33,299.13
e8aeb018-f679-5670-b210-de4f62ff2111,26f7241d-a84e-5e4a-a43d-33eea1e54eea,4d9429b6-2ebf-5b5d-ac48-f779d5a1e270,162.31233342116892,1.21,196.4
e8aeb018-f679-5670-b210-de4f62ff2111,26f7241d-a84e-5e4a-a43d-33eea1e54eea,5bbfdec8-65ae-59e6-b211-5eccb5b765fa,947.0506459380595,0.25,236.76
e8aeb018-f679-5670-b210-de4f62ff2111,26f7241d-a84e-5e4a-a43d-33eea1e54eea,6baabed2-52d7-5cb7-bf74-86c7cb3e4f07,400.62614838581817,0.66,264.41
e8aeb018-f679-5670-b210-de4f62ff2111,26f7241d-a84e-5e4a-a43d-33eea1e54eea,6d807393-f4ab-5f76-b544-251eeda27ba3,777.5981217846322,0.39,303.26
e8aeb018-f679-5670-b210-de4f62ff2111,26f7241d-a84e-5e4a-a43d-33eea1e54eea,82cd11ba-d1a0-58b1-b14f-edd741f36e87,1053.3684243506405,0.99,1042.83
e8aeb018-f679-5670-b210-de4f62ff2111,26f7241d-a84e-5e4a-a43d-33eea1e54eea,87b859e0-789a-56e6-b1ba-4fe76221d3bf,689.2123386440661,0.39,268.79
e8aeb018-f679-5670-b210-de4f62ff2111,26f7241d-a84e-5e4a-a43d-33eea1e54eea,94e18241-54bd-5516-b36f-94ab6e323aca,609.3967780405584,3.3,2011.01
e8aeb018-f679-5670-b210-de4f62ff2111,26f7241d-a84e-5e4a-a43d-33eea1e54eea,97d26d91-c562-5f27-9ebd-285e89c8f4bf,927.625706953772,0.5,463.81
e8aeb018-f679-5670-b210-de4f62ff2111,26f7241d-a84e-5e4a-a43d-33eea1e54eea,983871db-adfb-543e-b438-6b00044ffb64,504.767799007485,0.44,222.1
e8aeb018-f679-5670-b210-de4f62ff2111,26f7241d-a84e-5e4a-a43d-33eea1e54eea,9928e9a1-d9fc-5fdd-86c2-8909352fd7fe,107.33315873865126,0.33,35.42
e8aeb018-f679-5670-b210-de4f62ff2111,26f7241d-a84e-5e4a-a43d-33eea1e54eea,afe9d181-1c64-5cca-b4b7-a9fa24eceeea,347.2103865741068,0.61,211.8
e8aeb018-f679-5670-b210-de4f62ff2111,26f7241d-a84e-5e4a-a43d-33eea1e54eea,c0cf5e5c-b5c9-585a-8e79-d9830bc954f6,430.8066701658224,0.72,310.18
e8aeb018-f679-5670-b210-de4f62ff2111,26f7241d-a84e-5e4a-a43d-33eea1e54eea,cd81184b-b6f1-563c-b463-36a69ddfb598,717.993513758998,0.33,236.94
e8aeb018-f679-5670-b210-de4f62ff2111,26f7241d-a84e-5e4a-a43d-33eea1e54eea,d0ae6d2d-e561-56b3-a2c1-113c1c56ae81,475.05716372575046,1.38,655.58
e8aeb018-f679-5670-b210-de4f62ff2111,26f7241d-a84e-5e4a-a43d-33eea1e54eea,d2f08f15-f9f2-5f65-a740-b05896774467,756.9374897366719,0.5,378.47
e8aeb018-f679-5670-b210-de4f62ff2111,26f7241d-a84e-5e4a-a43d-33eea1e54eea,d3961f5a-3ea7-53d3-89f4-78b65b0c0c6b,1737.8623448576618,0.28,486.6
e8aeb018-f679-5670-b210-de4f62ff2111,26f7241d-a84e-5e4a-a43d-33eea1e54eea,d9506935-1215-5499-93c0-8bdd86ab9418,193.45900088291103,1.54,297.93
e8aeb018-f679-5670-b210-de4f62ff2111,43616d97-2221-569d-82eb-bcc14bcd6344,012857cc-907f-5e7d-b8fb-796d2c9f1621,415.00943007535375,0.44,182.6
e8aeb018-f679-5670-b210-de4f62ff2111,43616d97-2221-569d-82eb-bcc14bcd6344,042e2e80-f954-5df4-97be-29dd428cc598,234.13493971815876,0.66,154.53
e8aeb018-f679-5670-b210-de4f62ff2111,43616d97-2221-569d-82eb-bcc14bcd6344,058c6382-bde2-59d1-93ff-20c6161a4736,359.55505855606543,2.48,891.7
e8aeb018-f679-5670-b210-de4f62ff2111,43616d97-2221-569d-82eb-bcc14bcd6344,07371b94-955f-52a4-9bf9-f0a6ad2b4fa8,504.7407327133524,4.68,2362.19
e8aeb018-f679-5670-b210-de4f62ff2111,43616d97-2221-569d-82eb-bcc14bcd6344,0ec23038-d3ab-588c-bbd6-1f5c744cdde1,686.7733561755742,0.22,151.09
e8aeb018-f679-5670-b210-de4f62ff2111,43616d97-2221-569d-82eb-bcc14bcd6344,1ca3438e-9e23-58f0-a35f-f15f7a23beb9,455.3182262493975,4.12,1875.91
e8aeb018-f679-5670-b210-de4f62ff2111,43616d97-2221-569d-82eb-bcc14bcd6344,1e9605fd-5682-52b6-8f05-e8a92dd44513,126.68133884456222,1.21,153.28
e8aeb018-f679-5670-b210-de4f62ff2111,43616d97-2221-569d-82eb-bcc14bcd6344,2082733c-4e17-51fe-bc8c-bf33d3ec5d7e,324.6570243451031,0.83,269.47
e8aeb018-f679-5670-b210-de4f62ff2111,43616d97-2221-569d-82eb-bcc14bcd6344,22231140-3780-5fe8-a7d4-d33f61d15111,251.31150510014822,1.93,485.03
e8aeb018-f679-5670-b210-de4f62ff2111,43616d97-2221-569d-82eb-bcc14bcd6344,2897aac2-f219-5167-b800-73fac27f6b85,414.3471043981265,9.9,4102.04
e8aeb018-f679-5670-b210-de4f62ff2111,43616d97-2221-569d-82eb-bcc14bcd6344,2933d8b7-2438-521b-b38d-d3a5224f87fc,1036.4831383259043,0.44,456.05
e8aeb018-f679-5670-b210-de4f62ff2111,43616d97-2221-569d-82eb-bcc14bcd6344,2eb3a104-e572-583a-afa0-156ee0dc4cce,551.9162481115636,0.39,215.25
e8aeb018-f679-5670-b210-de4f62ff2111,43616d97-2221-569d-82eb-bcc14bcd6344,38adf7ba-476e-5e6b-9163-781a13538253,733.8131649132731,0.33,242.16
e8aeb018-f679-5670-b210-de4f62ff2111,43616d97-2221-569d-82eb-bcc14bcd6344,4d9429b6-2ebf-5b5d-ac48-f779d5a1e270,156.04974046045209,1.21,188.82
e8aeb018-f679-5670-b210-de4f62ff2111,43616d97-2221-569d-82eb-bcc14bcd6344,5bbfdec8-65ae-59e6-b211-5eccb5b765fa,740.5221431627206,0.25,185.13
e8aeb018-f679-5670-b210-de4f62ff2111,43616d97-2221-569d-82eb-bcc14bcd6344,6baabed2-52d7-5cb7-bf74-86c7cb3e4f07,591.2111750484208,0.66,390.2
e8aeb018-f679-5670-b210-de4f62ff2111,43616d97-2221-569d-82eb-bcc14bcd6344,6d807393-f4ab-5f76-b544-251eeda27ba3,583.6342136574815,0.39,227.62
e8aeb018-f679-5670-b210-de4f62ff2111,43616d97-2221-569d-82eb-bcc14bcd6344,82cd11ba-d1a0-58b1-b14f-edd741f36e87,573.100368120386,0.99,567.37
e8aeb018-f679-5670-b210-de4f62ff2111,43616d97-2221-569d-82eb-bcc14bcd6344,87b859e0-789a-56e6-b1ba-4fe76221d3bf,481.1579013592742,0.39,187.65
e8aeb018-f679-5670-b210-de4f62ff2111,43616d97-2221-569d-82eb-bcc14bcd6344,94e18241-54bd-5516-b36f-94ab6e323aca,557.1936974068909,3.3,1838.74
e8aeb018-f679-5670-b210-de4f62ff2111,43616d97-2221-569d-82eb-bcc14bcd6344,97d26d91-c562-5f27-9ebd-285e89c8f4bf,737.5150861208658,0.5,368.76
e8aeb018-f679-5670-b210-de4f62ff2111,43616d97-2221-569d-82eb-bcc14bcd6344,983871db-adfb-543e-b438-6b00044ffb64,324.1295380170279,0.44,142.62
e8aeb018-f679-5670-b210-de4f62ff2111,43616d97-2221-569d-82eb-bcc14bcd6344,9928e9a1-d9fc-5fdd-86c2-8909352fd7fe,430.8061133309627,0.33,142.17
e8aeb018-f679-5670-b210-de4f62ff2111,43616d97-2221-569d-82eb-bcc14bcd6344,afe9d181-1c64-5cca-b4b7-a9fa24eceeea,355.543280034526,0.61,216.88
e8aeb018-f679-5670-b210-de4f62ff2111,43616d97-2221-569d-82eb-bcc14bcd6344,c0cf5e5c-b5c9-585a-8e79-d9830bc954f6,370.9080099856852,0.72,267.05
e8aeb018-f679-5670-b210-de4f62ff2111,43616d97-2221-569d-82eb-bcc14bcd6344,cd81184b-b6f1-563c-b463-36a69ddfb598,563.6128678944285,0.33,185.99
e8aeb018-f679-5670-b210-de4f62ff2111,43616d97-2221-569d-82eb-bcc14bcd6344,d0ae6d2d-e561-56b3-a2c1-113c1c56ae81,504.0747989110912,1.38,695.62
e8aeb018-f679-5670-b210-de4f62ff2111,43616d97-2221-569d-82eb-bcc14bcd6344,d2f08f15-f9f2-5f65-a740-b05896774467,589.501872146189,0.5,294.75
e8aeb018-f679-5670-b210-de4f62ff2111,43616d97-2221-569d-82eb-bcc14bcd6344,d3961f5a-3ea7-53d3-89f4-78b65b0c0c6b,1666.5184147251093,0.28,466.63
e8aeb018-f679-5670-b210-de4f62ff2111,43616d97-2221-569d-82eb-bcc14bcd6344,d9506935-1215-5499-93c0-8bdd86ab9418,174.34408912930593,1.54,268.49
e8aeb018-f679-5670-b210-de4f62ff2111,7fb983e8-6848-5425-97a2-14da72722d0f,012857cc-907f-5e7d-b8fb-796d2c9f1621,314.04979412704813,0.44,138.18
e8aeb018-f679-5670-b210-de4f62ff2111,7fb983e8-6848-5425-97a2-14da72722d0f,042e2e80-f954-5df4-97be-29dd428cc598,254.92404110421052,0.66,168.25
e8aeb018-f679-5670-b210-de4f62ff2111,7fb983e8-6848-5425-97a2-14da72722d0f,058c6382-bde2-59d1-93ff-20c6161a4736,194.89646477314488,2.48,483.34
e8aeb018-f679-5670-b210-de4f62ff2111,7fb983e8-6848-5425-97a2-14da72722d0f,07371b94-955f-52a4-9bf9-f0a6ad2b4fa8,650.9826995079375,4.68,3046.6
e8aeb018-f679-5670-b210-de4f62ff2111,7fb983e8-6848-5425-97a2-14da72722d0f,0ec23038-d3ab-588c-bbd6-1f5c744cdde1,886.0486478273601,0.22,194.93
e8aeb018-f679-5670-b210-de4f62ff2111,7fb983e8-6848-5425-97a2-14da72722d0f,1ca3438e-9e23-58f0-a35f-f15f7a23beb9,522.0026666589763,4.12,2150.65
e8aeb018-f679-5670-b210-de4f62ff2111,7fb983e8-6848-5425-97a2-14da72722d0f,1e9605fd-5682-52b6-8f05-e8a92dd44513,148.71814057160063,1.21,179.95
e8aeb018-f679-5670-b210-de4f62ff2111,7fb983e8-6848-5425-97a2-14da72722d0f,2082733c-4e17-51fe-bc8c-bf33d3ec5d7e,442.2535577625396,0.83,367.07
e8aeb018-f679-5670-b210-de4f62ff2111,7fb983e8-6848-5425-97a2-14da72722d0f,22231140-3780-5fe8-a7d4-d33f61d15111,172.11046239038444,1.93,332.17
e8aeb018-f679-5670-b210-de4f62ff2111,7fb983e8-6848-5425-97a2-14da72722d0f,2897aac2-f219-5167-b800-73fac27f6b85,267.67162110868827,9.9,2649.95
e8aeb018-f679-5670-b210-de4f62ff2111,7fb983e8-6848-5425-97a2-14da72722d0f,2933d8b7-2438-521b-b38d-d3a5224f87fc,900.1539789382896,0.44,396.07
e8aeb018-f679-5670-b210-de4f62ff2111,7fb983e8-6848-5425-97a2-14da72722d0f,2eb3a104-e572-583a-afa0-156ee0dc4cce,537.6008229313712,0.39,209.66
e8aeb018-f679-5670-b210-de4f62ff2111,7fb983e8-6848-5425-97a2-14da72722d0f,38adf7ba-476e-5e6b-9163-781a13538253,835.0726891726695,0.33,275.57
e8aeb018-f679-5670-b210-de4f62ff2111,7fb983e8-6848-5425-97a2-14da72722d0f,4d9429b6-2ebf-5b5d-ac48-f779d5a1e270,223.68801833840615,1.21,270.66
e8aeb018-f679-5670-b210-de4f62ff2111,7fb983e8-6848-5425-97a2-14da72722d0f,5bbfdec8-65ae-59e6-b211-5eccb5b765fa,850.412328371162,0.25,212.6
e8aeb018-f679-5670-b210-de4f62ff2111,7fb983e8-6848-5425-97a2-14da72722d0f,6baabed2-52d7-5cb7-bf74-86c7cb3e4f07,462.58373417241967,0.66,305.31
e8aeb018-f679-5670-b210-de4f62ff2111,7fb983e8-6848-5425-97a2-14da72722d0f,6d807393-f4ab-5f76-b544-251eeda27ba3,717.6325513126653,0.39,279.88
e8aeb018-f679-5670-b210-de4f62ff2111,7fb983e8-6848-5425-97a2-14da72722d0f,82cd11ba-d1a0-58b1-b14f-edd741f36e87,696.7902076762808,0.99,689.82
e8aeb018-f679-5670-b210-de4f62ff2111,7fb983e8-6848-5425-97a2-14da72722d0f,87b859e0-789a-56e6-b1ba-4fe76221d3bf,607.6287322041396,0.39,236.98
e8aeb018-f679-5670-b210-de4f62ff2111,7fb983e8-6848-5425-97a2-14da72722d0f,94e18241-54bd-5516-b36f-94ab6e323aca,472.0491973955867,3.3,1557.76
e8aeb018-f679-5670-b210-de4f62ff2111,7fb983e8-6848-5425-97a2-14da72722d0f,97d26d91-c562-5f27-9ebd-285e89c8f4bf,489.67274450526315,0.5,244.84
e8aeb018-f679-5670-b210-de4f62ff2111,7fb983e8-6848-5425-97a2-14da72722d0f,983871db-adfb-543e-b438-6b00044ffb64,891.7368135613801,0.44,392.36
e8aeb018-f679-5670-b210-de4f62ff2111,7fb983e8-6848-5425-97a2-14da72722d0f,9928e9a1-d9fc-5fdd-86c2-8909352fd7fe,255.95218332010228,0.33,84.46
e8aeb018-f679-5670-b210-de4f62ff2111,7fb983e8-6848-5425-97a2-14da72722d0f,afe9d181-1c64-5cca-b4b7-a9fa24eceeea,386.8506148979127,0.61,235.98
e8aeb018-f679-5670-b210-de4f62ff2111,7fb983e8-6848-5425-97a2-14da72722d0f,c0cf5e5c-b5c9-585a-8e79-d9830bc954f6,239.68583984617936,0.72,172.57
e8aeb018-f679-5670-b210-de4f62ff2111,7fb983e8-6848-5425-97a2-14da72722d0f,cd81184b-b6f1-563c-b463-36a69ddfb598,670.7666593056493,0.33,221.35
e8aeb018-f679-5670-b210-de4f62ff2111,7fb983e8-6848-5425-97a2-14da72722d0f,d0ae6d2d-e561-56b3-a2c1-113c1c56ae81,254.28580197223062,1.38,350.91
e8aeb018-f679-5670-b210-de4f62ff2111,7fb983e8-6848-5425-97a2-14da72722d0f,d2f08f15-f9f2-5f65-a740-b05896774467,610.0421421105688,0.5,305.02
e8aeb018-f679-5670-b210-de4f62ff2111,7fb983e8-6848-5425-97a2-14da72722d0f,d3961f5a-3ea7-53d3-89f4-78b65b0c0c6b,1508.023786051743,0.28,422.25
e8aeb018-f679-5670-b210-de4f62ff2111,7fb983e8-6848-5425-97a2-14da72722d0f,d9506935-1215-5499-93c0-8bdd86ab9418,178.60534096116945,1.54,275.05
e8aeb018-f679-5670-b210-de4f62ff2111,8ecedccf-c230-516b-bbc2-108f7a6fbe63,012857cc-907f-5e7d-b8fb-796d2c9f1621,385.7007618391802,0.44,169.71
e8aeb018-f679-5670-b210-de4f62ff2111,8ecedccf-c230-516b-bbc2-108f7a6fbe63,042e2e80-f954-5df4-97be-29dd428cc598,366.0624903545895,0.66,241.6
e8aeb018-f679-5670-b210-de4f62ff2111,8ecedccf-c230-516b-bbc2-108f7a6fbe63,058c6382-bde2-59d1-93ff-20c6161a4736,278.76689018015384,2.48,691.34
e8aeb018-f679-5670-b210-de4f62ff2111,8ecedccf-c230-516b-bbc2-108f7a6fbe63,07371b94-955f-52a4-9bf9-f0a6ad2b4fa8,537.3577373766489,4.68,2514.83
e8aeb018-f679-5670-b210-de4f62ff2111,8ecedccf-c230-516b-bbc2-108f7a6fbe63,0ec23038-d3ab-588c-bbd6-1f5c744cdde1,911.2021619842922,0.22,200.46
e8aeb018-f679-5670-b210-de4f62ff2111,8ecedccf-c230-516b-bbc2-108f7a6fbe63,1ca3438e-9e23-58f0-a35f-f15f7a23beb9,319.90413481583136,4.12,1318.01
e8aeb018-f679-5670-b210-de4f62ff2111,8ecedccf-c230-516b-bbc2-108f7a6fbe63,1e9605fd-5682-52b6-8f05-e8a92dd44513,219.58270543888187,1.21,265.7
e8aeb018-f679-5670-b210-de4f62ff2111,8ecedccf-c230-516b-bbc2-108f7a6fbe63,2082733c-4e17-51fe-bc8c-bf33d3ec5d7e,571.8611225347175,0.83,474.64
e8aeb018-f679-5670-b210-de4f62ff2111,8ecedccf-c230-516b-bbc2-108f7a6fbe63,22231140-3780-5fe8-a7d4-d33f61d15111,224.77367270213273,1.93,433.81
e8aeb018-f679-5670-b210-de4f62ff2111,8ecedccf-c230-516b-bbc2-108f7a6fbe63,2897aac2-f219-5167-b800-73fac27f6b85,422.34371557511105,9.9,4181.2
e8aeb018-f679-5670-b210-de4f62ff2111,8ecedccf-c230-516b-bbc2-108f7a6fbe63,2933d8b7-2438-521b-b38d-d3a5224f87fc,906.0800908154208,0.44,398.68
e8aeb018-f679-5670-b210-de4f62ff2111,8ecedccf-c230-516b-bbc2-108f7a6fbe63,2eb3a104-e572-583a-afa0-156ee0dc4cce,643.49170080225,0.39,250.96
e8aeb018-f679-5670-b210-de4f62ff2111,8ecedccf-c230-516b-bbc2-108f7a6fbe63,38adf7ba-476e-5e6b-9163-781a13538253,602.2786995537965,0.33,198.75
e8aeb018-f679-5670-b210-de4f62ff2111,8ecedccf-c230-516b-bbc2-108f7a6fbe63,4d9429b6-2ebf-5b5d-ac48-f779d5a1e270,158.4618144600978,1.21,191.74
e8aeb018-f679-5670-b210-de4f62ff2111,8ecedccf-c230-516b-bbc2-108f7a6fbe63,5bbfdec8-65ae-59e6-b211-5eccb5b765fa,735.1388683216283,0.25,183.78
e8aeb018-f679-5670-b210-de4f62ff2111,8ecedccf-c230-516b-bbc2-108f7a6fbe63,6baabed2-52d7-5cb7-bf74-86c7cb3e4f07,542.1695938018017,0.66,357.83
e8aeb018-f679-5670-b210-de4f62ff2111,8ecedccf-c230-516b-bbc2-108f7a6fbe63,6d807393-f4ab-5f76-b544-251eeda27ba3,854.6546792880628,0.39,333.32
e8aeb018-f679-5670-b210-de4f62ff2111,8ecedccf-c230-516b-bbc2-108f7a6fbe63,82cd11ba-d1a0-58b1-b14f-edd741f36e87,559.1804858955935,0.99,553.59
e8aeb018-f679-5670-b210-de4f62ff2111,8ecedccf-c230-516b-bbc2-108f7a6fbe63,87b859e0-789a-56e6-b1ba-4fe76221d3bf,621.1275001604739,0.39,242.24
e8aeb018-f679-5670-b210-de4f62ff2111,8ecedccf-c230-516b-bbc2-108f7a6fbe63,94e18241-54bd-5516-b36f-94ab6e323aca,562.8390209578486,3.3,1857.37
e8aeb018-f679-5670-b210-de4f62ff2111,8ecedccf-c230-516b-bbc2-108f7a6fbe63,97d26d91-c562-5f27-9ebd-285e89c8f4bf,807.516202900845,0.5,403.76
e8aeb018-f679-5670-b210-de4f62ff2111,8ecedccf-c230-516b-bbc2-108f7a6fbe63,983871db-adfb-543e-b438-6b00044ffb64,526.7106516897574,0.44,231.75
e8aeb018-f679-5670-b210-de4f62ff2111,8ecedccf-c230-516b-bbc2-108f7a6fbe63,9928e9a1-d9fc-5fdd-86c2-8909352fd7fe,228.46340286922003,0.33,75.39
e8aeb018-f679-5670-b210-de4f62ff2111,8ecedccf-c230-516b-bbc2-108f7a6fbe63,afe9d181-1c64-5cca-b4b7-a9fa24eceeea,405.07255453560674,0.61,247.09
e8aeb018-f679-5670-b210-de4f62ff2111,8ecedccf-c230-516b-bbc2-108f7a6fbe63,c0cf5e5c-b5c9-585a-8e79-d9830bc954f6,334.1345829231114,0.72,240.58
e8aeb018-f679-5670-b210-de4f62ff2111,8ecedccf-c230-516b-bbc2-108f7a6fbe63,cd81184b-b6f1-563c-b463-36a69ddfb598,698.7420545938764,0.33,230.58
e8aeb018-f679-5670-b210-de4f62ff2111,8ecedccf-c230-516b-bbc2-108f7a6fbe63,d0ae6d2d-e561-56b3-a2c1-113c1c56ae81,371.59719007649596,1.38,512.8
e8aeb018-f679-5670-b210-de4f62ff2111,8ecedccf-c230-516b-bbc2-108f7a6fbe63,d2f08f15-f9f2-5f65-a740-b05896774467,462.2200301794028,0.5,231.11
e8aeb018-f679-5670-b210-de4f62ff2111,8ecedccf-c230-516b-bbc2-108f7a6fbe63,d3961f5a-3ea7-53d3-89f4-78b65b0c0c6b,1293.8670358168808,0.28,362.28
e8aeb018-f679-5670-b210-de4f62ff2111,8ecedccf-c230-516b-bbc2-108f7a6fbe63,d9506935-1215-5499-93c0-8bdd86ab9418,138.281110937448,1.54,212.95
e8aeb018-f679-5670-b210-de4f62ff2111,d6f21f11-7533-52dd-a4dc-2fb8e260c02c,012857cc-907f-5e7d-b8fb-796d2c9f1621,321.0820035767172,0.44,141.28
e8aeb018-f679-5670-b210-de4f62ff2111,d6f21f11-7533-52dd-a4dc-2fb8e260c02c,042e2e80-f954-5df4-97be-29dd428cc598,257.8928571979925,0.66,170.21
e8aeb018-f679-5670-b210-de4f62ff2111,d6f21f11-7533-52dd-a4dc-2fb8e260c02c,058c6382-bde2-59d1-93ff-20c6161a4736,213.27010935104892,2.48,528.91
e8aeb018-f679-5670-b210-de4f62ff2111,d6f21f11-7533-52dd-a4dc-2fb8e260c02c,07371b94-955f-52a4-9bf9-f0a6ad2b4fa8,606.0084411823814,4.68,2836.12
e8aeb018-f679-5670-b210-de4f62ff2111,d6f21f11-7533-52dd-a4dc-2fb8e260c02c,0ec23038-d3ab-588c-bbd6-1f5c744cdde1,594.3824614126046,0.22,130.76
e8aeb018-f679-5670-b210-de4f62ff2111,d6f21f11-7533-52dd-a4dc-2fb8e260c02c,1ca3438e-9e23-58f0-a35f-f15f7a23beb9,286.1774013552185,4.12,1179.05
e8aeb018-f679-5670-b210-de4f62ff2111,d6f21f11-7533-52dd-a4dc-2fb8e260c02c,1e9605fd-5682-52b6-8f05-e8a92dd44513,236.22961853234517,1.21,285.84
e8aeb018-f679-5670-b210-de4f62ff2111,d6f21f11-7533-52dd-a4dc-2fb8e260c02c,2082733c-4e17-51fe-bc8c-bf33d3ec5d7e,367.9106792025601,0.83,305.37
e8aeb018-f679-5670-b210-de4f62ff2111,d6f21f11-7533-52dd-a4dc-2fb8e260c02c,22231140-3780-5fe8-a7d4-d33f61d15111,238.57474913225684,1.93,460.45
e8aeb018-f679-5670-b210-de4f62ff2111,d6f21f11-7533-52dd-a4dc-2fb8e260c02c,2897aac2-f219-5167-b800-73fac27f6b85,293.3616128490116,9.9,2904.28
e8aeb018-f679-5670-b210-de4f62ff2111,d6f21f11-7533-52dd-a4dc-2fb8e260c02c,2933d8b7-2438-521b-b38d-d3a5224f87fc,861.5485422604618,0.44,379.08
e8aeb018-f679-5670-b210-de4f62ff2111,d6f21f11-7533-52dd-a4dc-2fb8e260c02c,2eb3a104-e572-583a-afa0-156ee0dc4cce,635.9840852233643,0.39,248.03
e8aeb018-f679-5670-b210-de4f62ff2111,d6f21f11-7533-52dd-a4dc-2fb8e260c02c,38adf7ba-476e-5e6b-9163-781a13538253,939.1876154582333,0.33,309.93
e8aeb018-f679-5670-b210-de4f62ff2111,d6f21f11-7533-52dd-a4dc-2fb8e260c02c,4d9429b6-2ebf-5b5d-ac48-f779d5a1e270,102.0907873960268,1.21,123.53
e8aeb018-f679-5670-b210-de4f62ff2111,d6f21f11-7533-52dd-a4dc-2fb8e260c02c,5bbfdec8-65ae-59e6-b211-5eccb5b765fa,631.4023283702306,0.25,157.85
e8aeb018-f679-5670-b210-de4f62ff2111,d6f21f11-7533-52dd-a4dc-2fb8e260c02c,6baabed2-52d7-5cb7-bf74-86c7cb3e4f07,445.8872027507814,0.66,294.29
e8aeb018-f679-5670-b210-de4f62ff2111,d6f21f11-7533-52dd-a4dc-2fb8e260c02c,6d807393-f4ab-5f76-b544-251eeda27ba3,667.6399451732835,0.39,260.38
e8aeb018-f679-5670-b210-de4f62ff2111,d6f21f11-7533-52dd-a4dc-2fb8e260c02c,82cd11ba-d1a0-58b1-b14f-edd741f36e87,552.7113367844273,0.99,547.18
e8aeb018-f679-5670-b210-de4f62ff2111,d6f21f11-7533-52dd-a4dc-2fb8e260c02c,87b859e0-789a-56e6-b1ba-4fe76221d3bf,590.3639578636372,0.39,230.24
e8aeb018-f679-5670-b210-de4f62ff2111,d6f21f11-7533-52dd-a4dc-2fb8e260c02c,94e18241-54bd-5516-b36f-94ab6e323aca,495.76740441640356,3.3,1636.03
e8aeb018-f679-5670-b210-de4f62ff2111,d6f21f11-7533-52dd-a4dc-2fb8e260c02c,97d26d91-c562-5f27-9ebd-285e89c8f4bf,662.5443062526653,0.5,331.27
e8aeb018-f679-5670-b210-de4f62ff2111,d6f21f11-7533-52dd-a4dc-2fb8e260c02c,983871db-adfb-543e-b438-6b00044ffb64,603.0929705272007,0.44,265.36
e8aeb018-f679-5670-b210-de4f62ff2111,d6f21f11-7533-52dd-a4dc-2fb8e260c02c,9928e9a1-d9fc-5fdd-86c2-8909352fd7fe,150.59692637682292,0.33,49.7
e8aeb018-f679-5670-b210-de4f62ff2111,d6f21f11-7533-52dd-a4dc-2fb8e260c02c,afe9d181-1c64-5cca-b4b7-a9fa24eceeea,496.0015702996685,0.61,302.56
e8aeb018-f679-5670-b210-de4f62ff2111,d6f21f11-7533-52dd-a4dc-2fb8e260c02c,c0cf5e5c-b5c9-585a-8e79-d9830bc954f6,336.8589635132561,0.72,242.54
e8aeb018-f679-5670-b210-de4f62ff2111,d6f21f11-7533-52dd-a4dc-2fb8e260c02c,cd81184b-b6f1-563c-b463-36a69ddfb598,570.4725607530736,0.33,188.26
e8aeb018-f679-5670-b210-de4f62ff2111,d6f21f11-7533-52dd-a4dc-2fb8e260c02c,d0ae6d2d-e561-56b3-a2c1-113c1c56ae81,198.39371582426315,1.38,273.78
e8aeb018-f679-5670-b210-de4f62ff2111,d6f21f11-7533-52dd-a4dc-2fb8e260c02c,d2f08f15-f9f2-5f65-a740-b05896774467,441.3629032350667,0.5,220.68
e8aeb018-f679-5670-b210-de4f62ff2111,d6f21f11-7533-52dd-a4dc-2fb8e260c02c,d3961f5a-3ea7-53d3-89f4-78b65b0c0c6b,1560.5016963740597,0.28,436.94
e8aeb018-f679-5670-b210-de4f62ff2111,d6f21f11-7533-52dd-a4dc-2fb8e260c02c,d9506935-1215-5499-93c0-8bdd86ab9418,115.8705951358844,1.54,178.44
