codigo_producto,codigo_botica,fecha_snapshot,cantidad_disponible,stock_minimo,stock_maximo,demanda_insatisfecha,stockout_flag
SKU-000001,BOT-008,2025-08-18,456,84,540,0,0
SKU-000002,BOT-008,2025-08-18,252,56,360,0,0
SKU-000003,BOT-008,2025-08-18,152,63,405,0,0
SKU-000004,BOT-008,2025-08-18,66,35,225,0,0
SKU-000005,BOT-008,2025-08-18,81,42,270,0,0
SKU-000006,BOT-008,2025-08-18,307,56,360,0,0
SKU-000007,BOT-008,2025-08-18,129,49,315,0,0
SKU-000008,BOT-008,2025-08-18,221,42,270,0,0
SKU-000009,BOT-008,2025-08-18,41,28,180,0,0
SKU-000010,BOT-008,2025-08-18,45,21,135,0,0
SKU-000011,BOT-008,2025-08-18,46,28,180,0,0
SKU-000012,BOT-008,2025-08-18,304,56,360,0,0
SKU-000013,BOT-008,2025-08-18,190,35,225,0,0
SKU-000014,BOT-008,2025-08-18,75,49,315,0,0
SKU-000015,BOT-008,2025-08-18,196,70,450,0,0
SKU-000016,BOT-008,2025-08-18,120,42,270,0,0
SKU-000017,BOT-008,2025-08-18,269,49,315,0,0
SKU-000018,BOT-008,2025-08-18,247,63,405,0,0
SKU-000019,BOT-008,2025-08-18,281,56,360,0,0
SKU-000020,BOT-008,2025-08-18,204,49,315,0,0
SKU-000021,BOT-008,2025-08-18,177,42,270,0,0
SKU-000022,BOT-008,2025-08-18,122,28,180,0,0
SKU-000023,BOT-008,2025-08-18,55,21,135,0,0
SKU-000024,BOT-008,2025-08-18,147,35,225,0,0
SKU-000025,BOT-008,2025-08-18,79,77,495,0,0
SKU-000026,BOT-008,2025-08-18,245,56,360,0,0
SKU-000027,BOT-008,2025-08-18,126,42,270,0,0
SKU-000028,BOT-008,2025-08-18,205,35,225,0,0
SKU-000029,BOT-008,2025-08-18,15,15,90,0,0
SKU-000030,BOT-008,2025-08-18,107,21,135,0,0
SKU-000001,BOT-009,2025-08-18,368,84,540,0,0
SKU-000002,BOT-009,2025-08-18,180,56,360,0,0
SKU-000003,BOT-009,2025-08-18,358,63,405,0,0
SKU-000004,BOT-009,2025-08-18,217,35,225,0,0
SKU-000005,BOT-009,2025-08-18,45,42,270,0,0
SKU-000006,BOT-009,2025-08-18,250,56,360,0,0
SKU-000007,BOT-009,2025-08-18,65,49,315,0,0
SKU-000008,BOT-009,2025-08-18,185,42,270,0,0
SKU-000009,BOT-009,2025-08-18,167,28,180,0,0
SKU-000010,BOT-009,2025-08-18,23,21,135,0,0
SKU-000011,BOT-009,2025-08-18,168,28,180,0,0
SKU-000012,BOT-009,2025-08-18,160,56,360,0,0
SKU-000013,BOT-009,2025-08-18,135,35,225,0,0
SKU-000014,BOT-009,2025-08-18,293,49,315,0,0
SKU-000015,BOT-009,2025-08-18,131,70,450,0,0
SKU-000016,BOT-009,2025-08-18,86,42,270,0,0
SKU-000017,BOT-009,2025-08-18,198,49,315,0,0
SKU-000018,BOT-009,2025-08-18,185,63,405,0,0
SKU-000019,BOT-009,2025-08-18,296,56,360,0,0
SKU-000020,BOT-009,2025-08-18,167,49,315,0,0
SKU-000021,BOT-009,2025-08-18,143,42,270,0,0
SKU-000022,BOT-009,2025-08-18,86,28,180,0,0
SKU-000023,BOT-009,2025-08-18,35,21,135,0,0
SKU-000024,BOT-009,2025-08-18,120,35,225,0,0
SKU-000025,BOT-009,2025-08-18,418,77,495,0,0
SKU-000026,BOT-009,2025-08-18,198,56,360,0,0
SKU-000027,BOT-009,2025-08-18,96,42,270,0,0
SKU-000028,BOT-009,2025-08-18,179,35,225,0,0
SKU-000029,BOT-009,2025-08-18,83,15,90,0,0
SKU-000030,BOT-009,2025-08-18,90,21,135,0,0
SKU-000001,BOT-010,2025-08-18,247,84,540,0,0
SKU-000002,BOT-010,2025-08-18,331,56,360,0,0
SKU-000003,BOT-010,2025-08-18,273,63,405,0,0
SKU-000004,BOT-010,2025-08-18,190,35,225,0,0
SKU-000005,BOT-010,2025-08-18,222,42,270,0,0
SKU-000006,BOT-010,2025-08-18,176,56,360,0,0
SKU-000007,BOT-010,2025-08-18,266,49,315,0,0
SKU-000008,BOT-010,2025-08-18,121,42,270,0,0
SKU-000009,BOT-010,2025-08-18,137,28,180,0,0
SKU-000010,BOT-010,2025-08-18,118,21,135,0,0
SKU-000011,BOT-010,2025-08-18,139,28,180,0,0
SKU-000012,BOT-010,2025-08-18,128,56,360,0,0
SKU-000013,BOT-010,2025-08-18,91,35,225,0,0
SKU-000014,BOT-010,2025-08-18,247,49,315,0,0
SKU-000015,BOT-010,2025-08-18,434,70,450,0,0
SKU-000016,BOT-010,2025-08-18,49,42,270,0,0
SKU-000017,BOT-010,2025-08-18,137,49,315,0,0
SKU-000018,BOT-010,2025-08-18,202,63,405,0,0
SKU-000019,BOT-010,2025-08-18,251,56,360,0,0
SKU-000020,BOT-010,2025-08-18,128,49,315,0,0
SKU-000021,BOT-010,2025-08-18,114,42,270,0,0
SKU-000022,BOT-010,2025-08-18,42,28,180,0,0
SKU-000023,BOT-010,2025-08-18,133,21,135,0,0
SKU-000024,BOT-010,2025-08-18,89,35,225,0,0
SKU-000025,BOT-010,2025-08-18,364,77,495,0,0
SKU-000026,BOT-010,2025-08-18,160,56,360,0,0
SKU-000027,BOT-010,2025-08-18,50,42,270,0,0
SKU-000028,BOT-010,2025-08-18,152,35,225,0,0
SKU-000029,BOT-010,2025-08-18,74,15,90,0,0
SKU-000030,BOT-010,2025-08-18,73,21,135,0,0
SKU-000001,BOT-011,2025-08-18,459,84,540,0,0
SKU-000002,BOT-011,2025-08-18,304,56,360,0,0
SKU-000003,BOT-011,2025-08-18,204,63,405,0,0
SKU-000004,BOT-011,2025-08-18,151,35,225,0,0
SKU-000005,BOT-011,2025-08-18,173,42,270,0,0
SKU-000006,BOT-011,2025-08-18,139,56,360,0,0
SKU-000007,BOT-011,2025-08-18,195,49,315,0,0
SKU-000008,BOT-011,2025-08-18,73,42,270,0,0
SKU-000009,BOT-011,2025-08-18,102,28,180,0,0
SKU-000010,BOT-011,2025-08-18,96,21,135,0,0
SKU-000011,BOT-011,2025-08-18,124,28,180,0,0
SKU-000012,BOT-011,2025-08-18,335,56,360,0,0
SKU-000013,BOT-011,2025-08-18,55,35,225,0,0
SKU-000014,BOT-011,2025-08-18,206,49,315,0,0
SKU-000015,BOT-011,2025-08-18,371,70,450,0,0
SKU-000016,BOT-011,2025-08-18,237,42,270,0,0
SKU-000017,BOT-011,2025-08-18,155,49,315,0,0
SKU-000018,BOT-011,2025-08-18,143,63,405,0,0
SKU-000019,BOT-011,2025-08-18,212,56,360,0,0
SKU-000020,BOT-011,2025-08-18,83,49,315,0,0
SKU-000021,BOT-011,2025-08-18,81,42,270,0,0
SKU-000022,BOT-011,2025-08-18,166,28,180,0,0
SKU-000023,BOT-011,2025-08-18,124,21,135,0,0
SKU-000024,BOT-011,2025-08-18,56,35,225,0,0
SKU-000025,BOT-011,2025-08-18,262,77,495,0,0
SKU-000026,BOT-011,2025-08-18,130,56,360,0,0
SKU-000027,BOT-011,2025-08-18,247,42,270,0,0
SKU-000028,BOT-011,2025-08-18,133,35,225,0,0
SKU-000029,BOT-011,2025-08-18,63,15,90,0,0
SKU-000030,BOT-011,2025-08-18,56,21,135,0,0
SKU-000001,BOT-012,2025-08-18,456,84,540,0,0
SKU-000002,BOT-012,2025-08-18,244,56,360,0,0
SKU-000003,BOT-012,2025-08-18,134,63,405,0,0
SKU-000004,BOT-012,2025-08-18,126,35,225,0,0
SKU-000005,BOT-012,2025-08-18,132,42,270,0,0
SKU-000006,BOT-012,2025-08-18,352,56,360,0,0
SKU-000007,BOT-012,2025-08-18,179,49,315,0,0
SKU-000008,BOT-012,2025-08-18,259,42,270,0,0
SKU-000009,BOT-012,2025-08-18,84,28,180,0,0
SKU-000010,BOT-012,2025-08-18,76,21,135,0,0
SKU-000011,BOT-012,2025-08-18,94,28,180,0,0
SKU-000012,BOT-012,2025-08-18,304,56,360,0,0
SKU-000013,BOT-012,2025-08-18,201,35,225,0,0
SKU-000014,BOT-012,2025-08-18,145,49,315,0,0
SKU-000015,BOT-012,2025-08-18,296,70,450,0,0
SKU-000016,BOT-012,2025-08-18,263,42,270,0,0
SKU-000017,BOT-012,2025-08-18,112,49,315,0,0
SKU-000018,BOT-012,2025-08-18,90,63,405,0,0
SKU-000019,BOT-012,2025-08-18,173,56,360,0,0
SKU-000020,BOT-012,2025-08-18,314,49,315,0,0
SKU-000021,BOT-012,2025-08-18,268,42,270,0,0
SKU-000022,BOT-012,2025-08-18,160,28,180,0,0
SKU-000023,BOT-012,2025-08-18,89,21,135,0,0
SKU-000024,BOT-012,2025-08-18,222,35,225,0,0
SKU-000025,BOT-012,2025-08-18,212,77,495,0,0
SKU-000026,BOT-012,2025-08-18,101,56,360,0,0
SKU-000027,BOT-012,2025-08-18,228,42,270,0,0
SKU-000028,BOT-012,2025-08-18,99,35,225,0,0
SKU-000029,BOT-012,2025-08-18,52,15,90,0,0
SKU-000030,BOT-012,2025-08-18,43,21,135,0,0
SKU-000001,BOT-013,2025-08-18,375,84,540,0,0
SKU-000002,BOT-013,2025-08-18,211,56,360,0,0
SKU-000003,BOT-013,2025-08-18,77,63,405,0,0
SKU-000004,BOT-013,2025-08-18,75,35,225,0,0
SKU-000005,BOT-013,2025-08-18,111,42,270,0,0
SKU-000006,BOT-013,2025-08-18,330,56,360,0,0
SKU-000007,BOT-013,2025-08-18,176,49,315,0,0
SKU-000008,BOT-013,2025-08-18,228,42,270,0,0
SKU-000009,BOT-013,2025-08-18,45,28,180,0,0
SKU-000010,BOT-013,2025-08-18,64,21,135,0,0
SKU-000011,BOT-013,2025-08-18,79,28,180,0,0
SKU-000012,BOT-013,2025-08-18,304,56,360,0,0
SKU-000013,BOT-013,2025-08-18,190,35,225,0,0
SKU-000014,BOT-013,2025-08-18,90,49,315,0,0
SKU-000015,BOT-013,2025-08-18,336,70,450,0,0
SKU-000016,BOT-013,2025-08-18,212,42,270,0,0
SKU-000017,BOT-013,2025-08-18,64,49,315,0,0
SKU-000018,BOT-013,2025-08-18,89,63,405,0,0
SKU-000019,BOT-013,2025-08-18,125,56,360,0,0
SKU-000020,BOT-013,2025-08-18,272,49,315,0,0
SKU-000021,BOT-013,2025-08-18,232,42,270,0,0
SKU-000022,BOT-013,2025-08-18,152,28,180,0,0
SKU-000023,BOT-013,2025-08-18,78,21,135,0,0
SKU-000024,BOT-013,2025-08-18,193,35,225,0,0
SKU-000025,BOT-013,2025-08-18,147,77,495,0,0
SKU-000026,BOT-013,2025-08-18,328,56,360,0,0
SKU-000027,BOT-013,2025-08-18,196,42,270,0,0
SKU-000028,BOT-013,2025-08-18,78,35,225,0,0
SKU-000029,BOT-013,2025-08-18,47,15,90,0,0
SKU-000030,BOT-013,2025-08-18,118,21,135,0,0
SKU-000001,BOT-014,2025-08-18,424,84,540,0,0
SKU-000002,BOT-014,2025-08-18,210,56,360,0,0
SKU-000003,BOT-014,2025-08-18,109,63,405,0,0
SKU-000004,BOT-014,2025-08-18,90,35,225,0,0
SKU-000005,BOT-014,2025-08-18,109,42,270,0,0
SKU-000006,BOT-014,2025-08-18,349,56,360,0,0
SKU-000007,BOT-014,2025-08-18,157,49,315,0,0
SKU-000008,BOT-014,2025-08-18,250,42,270,0,0
SKU-000009,BOT-014,2025-08-18,59,28,180,0,0
SKU-000010,BOT-014,2025-08-18,60,21,135,0,0
SKU-000011,BOT-014,2025-08-18,61,28,180,0,0
SKU-000012,BOT-014,2025-08-18,321,56,360,0,0
SKU-000013,BOT-014,2025-08-18,204,35,225,0,0
SKU-000014,BOT-014,2025-08-18,153,49,315,0,0
SKU-000015,BOT-014,2025-08-18,292,70,450,0,0
SKU-000016,BOT-014,2025-08-18,184,42,270,0,0
SKU-000017,BOT-014,2025-08-18,80,49,315,0,0
SKU-000018,BOT-014,2025-08-18,341,63,405,0,0
SKU-000019,BOT-014,2025-08-18,359,56,360,0,0
SKU-000020,BOT-014,2025-08-18,236,49,315,0,0
