codigo_producto,codigo_botica,fecha_venta,cantidad,precio_unitario
SKU-004,BOT-001,2025-06-09,40,1.2
SKU-005,BOT-001,2025-06-09,23,0.6
SKU-006,BOT-001,2025-06-09,84,0.45
SKU-007,BOT-001,2025-06-09,97,1.8
SKU-008,BOT-001,2025-06-09,61,8.5
SKU-009,BOT-001,2025-06-09,55,4.5
SKU-010,BOT-001,2025-06-09,31,2.2
SKU-011,BOT-001,2025-06-09,29,1.3
SKU-012,BOT-001,2025-06-09,71,0.6
SKU-013,BOT-001,2025-06-09,63,6.0
SKU-014,BOT-001,2025-06-09,55,0.7
SKU-015,BOT-001,2025-06-09,14,0.8
SKU-016,BOT-001,2025-06-09,54,1.5
SKU-017,BOT-001,2025-06-09,63,0.9
SKU-018,BOT-001,2025-06-09,91,0.9
SKU-019,BOT-001,2025-06-09,65,0.7
SKU-020,BOT-001,2025-06-09,74,1.1
SKU-021,BOT-001,2025-06-09,60,2.5
SKU-022,BOT-001,2025-06-09,67,18.0
SKU-023,BOT-001,2025-06-09,46,3.5
SKU-024,BOT-001,2025-06-09,49,7.5
SKU-025,BOT-001,2025-06-09,133,0.4
SKU-026,BOT-001,2025-06-09,79,0.6
SKU-027,BOT-001,2025-06-09,45,1.2
SKU-028,BOT-001,2025-06-09,24,0.8
SKU-029,BOT-001,2025-06-09,14,2.8
SKU-030,BOT-001,2025-06-09,18,2.2
SKU-001,BOT-002,2025-06-09,178,0.5
SKU-002,BOT-002,2025-06-09,128,0.8
SKU-003,BOT-002,2025-06-09,76,0.7
SKU-004,BOT-002,2025-06-09,91,1.2
SKU-005,BOT-002,2025-06-09,71,0.6
SKU-006,BOT-002,2025-06-09,78,0.45
SKU-007,BOT-002,2025-06-09,97,1.8
SKU-008,BOT-002,2025-06-09,115,8.5
SKU-009,BOT-002,2025-06-09,38,4.5
SKU-010,BOT-002,2025-06-09,20,2.2
SKU-011,BOT-002,2025-06-09,28,1.3
SKU-012,BOT-002,2025-06-09,93,0.6
SKU-013,BOT-002,2025-06-09,38,6.0
SKU-014,BOT-002,2025-06-09,58,0.7
SKU-015,BOT-002,2025-06-09,102,0.8
SKU-016,BOT-002,2025-06-09,38,1.5
SKU-017,BOT-002,2025-06-09,48,0.9
SKU-018,BOT-002,2025-06-09,81,0.9
SKU-019,BOT-002,2025-06-09,61,0.7
SKU-020,BOT-002,2025-06-09,72,1.1
SKU-021,BOT-002,2025-06-09,49,2.5
SKU-022,BOT-002,2025-06-09,67,18.0
SKU-023,BOT-002,2025-06-09,40,3.5
SKU-024,BOT-002,2025-06-09,26,7.5
SKU-025,BOT-002,2025-06-09,140,0.4
SKU-026,BOT-002,2025-06-09,90,0.6
SKU-027,BOT-002,2025-06-09,59,1.2
SKU-028,BOT-002,2025-06-09,40,0.8
SKU-029,BOT-002,2025-06-09,15,2.8
SKU-030,BOT-002,2025-06-09,23,2.2
SKU-001,BOT-003,2025-06-09,206,0.5
SKU-002,BOT-003,2025-06-09,69,0.8
SKU-003,BOT-003,2025-06-09,87,0.7
SKU-004,BOT-003,2025-06-09,35,1.2
SKU-005,BOT-003,2025-06-09,58,0.6
SKU-006,BOT-003,2025-06-09,77,0.45
SKU-007,BOT-003,2025-06-09,108,1.8
SKU-008,BOT-003,2025-06-09,51,8.5
SKU-009,BOT-003,2025-06-09,59,4.5
SKU-010,BOT-003,2025-06-09,23,2.2
SKU-011,BOT-003,2025-06-09,22,1.3
SKU-012,BOT-003,2025-06-09,64,0.6
SKU-013,BOT-003,2025-06-09,36,6.0
SKU-014,BOT-003,2025-06-09,42,0.7
SKU-015,BOT-003,2025-06-09,92,0.8
SKU-016,BOT-003,2025-06-09,47,1.5
SKU-017,BOT-003,2025-06-09,51,0.9
SKU-018,BOT-003,2025-06-09,62,0.9
SKU-019,BOT-003,2025-06-09,82,0.7
SKU-020,BOT-003,2025-06-09,54,1.1
SKU-021,BOT-003,2025-06-09,48,2.5
SKU-022,BOT-003,2025-06-09,65,18.0
SKU-023,BOT-003,2025-06-09,23,3.5
SKU-024,BOT-003,2025-06-09,13,7.5
SKU-025,BOT-003,2025-06-09,100,0.4
SKU-026,BOT-003,2025-06-09,72,0.6
SKU-027,BOT-003,2025-06-09,40,1.2
SKU-028,BOT-003,2025-06-09,19,0.8
SKU-029,BOT-003,2025-06-09,12,2.8
SKU-030,BOT-003,2025-06-09,10,2.2
SKU-001,BOT-004,2025-06-09,221,0.5
SKU-002,BOT-004,2025-06-09,142,0.8
SKU-003,BOT-004,2025-06-09,126,0.7
SKU-004,BOT-004,2025-06-09,52,1.2
SKU-005,BOT-004,2025-06-09,49,0.6
SKU-006,BOT-004,2025-06-09,111,0.45
SKU-007,BOT-004,2025-06-09,73,1.8
SKU-008,BOT-004,2025-06-09,97,8.5
SKU-009,BOT-004,2025-06-09,32,4.5
SKU-010,BOT-004,2025-06-09,28,2.2
SKU-011,BOT-004,2025-06-09,38,1.3
SKU-012,BOT-004,2025-06-09,67,0.6
SKU-013,BOT-004,2025-06-09,29,6.0
SKU-014,BOT-004,2025-06-09,51,0.7
SKU-015,BOT-004,2025-06-09,36,0.8
SKU-016,BOT-004,2025-06-09,41,1.5
SKU-017,BOT-004,2025-06-09,56,0.9
SKU-018,BOT-004,2025-06-09,66,0.9
SKU-019,BOT-004,2025-06-09,73,0.7
SKU-020,BOT-004,2025-06-09,16,1.1
SKU-021,BOT-004,2025-06-09,63,2.5
SKU-022,BOT-004,2025-06-09,41,18.0
SKU-023,BOT-004,2025-06-09,23,3.5
SKU-024,BOT-004,2025-06-09,31,7.5
SKU-025,BOT-004,2025-06-09,118,0.4
SKU-026,BOT-004,2025-06-09,105,0.6
SKU-027,BOT-004,2025-06-09,57,1.2
SKU-028,BOT-004,2025-06-09,49,0.8
SKU-029,BOT-004,2025-06-09,8,2.8
SKU-030,BOT-004,2025-06-09,22,2.2
SKU-001,BOT-005,2025-06-09,160,0.5
SKU-002,BOT-005,2025-06-09,111,0.8
SKU-003,BOT-005,2025-06-09,79,0.7
SKU-004,BOT-005,2025-06-09,48,1.2
SKU-005,BOT-005,2025-06-09,45,0.6
SKU-006,BOT-005,2025-06-09,107,0.45
SKU-007,BOT-005,2025-06-09,113,1.8
SKU-008,BOT-005,2025-06-09,53,8.5
SKU-009,BOT-005,2025-06-09,28,4.5
SKU-010,BOT-005,2025-06-09,35,2.2
SKU-011,BOT-005,2025-06-09,27,1.3
SKU-012,BOT-005,2025-06-09,60,0.6
SKU-013,BOT-005,2025-06-09,26,6.0
SKU-014,BOT-005,2025-06-09,45,0.7
SKU-015,BOT-005,2025-06-09,46,0.8
SKU-016,BOT-005,2025-06-09,49,1.5
SKU-017,BOT-005,2025-06-09,62,0.9
SKU-018,BOT-005,2025-06-09,89,0.9
SKU-019,BOT-005,2025-06-09,41,0.7
SKU-020,BOT-005,2025-06-09,18,1.1
SKU-021,BOT-005,2025-06-09,51,2.5
SKU-022,BOT-005,2025-06-09,59,18.0
SKU-023,BOT-005,2025-06-09,37,3.5
SKU-024,BOT-005,2025-06-09,52,7.5
SKU-025,BOT-005,2025-06-09,183,0.4
SKU-026,BOT-005,2025-06-09,57,0.6
SKU-027,BOT-005,2025-06-09,65,1.2
SKU-028,BOT-005,2025-06-09,42,0.8
SKU-029,BOT-005,2025-06-09,18,2.8
SKU-030,BOT-005,2025-06-09,36,2.2
SKU-001,BOT-001,2025-06-16,238,0.5
SKU-002,BOT-001,2025-06-16,125,0.8
SKU-003,BOT-001,2025-06-16,135,0.7
SKU-004,BOT-001,2025-06-16,74,1.2
SKU-005,BOT-001,2025-06-16,18,0.6
SKU-006,BOT-001,2025-06-16,121,0.45
SKU-007,BOT-001,2025-06-16,100,1.8
SKU-008,BOT-001,2025-06-16,154,8.5
SKU-009,BOT-001,2025-06-16,46,4.5
SKU-010,BOT-001,2025-06-16,24,2.2
SKU-011,BOT-001,2025-06-16,29,1.3
SKU-012,BOT-001,2025-06-16,84,0.6
SKU-013,BOT-001,2025-06-16,62,6.0
SKU-014,BOT-001,2025-06-16,84,0.7
SKU-015,BOT-001,2025-06-16,47,0.8
SKU-016,BOT-001,2025-06-16,61,1.5
SKU-017,BOT-001,2025-06-16,63,0.9
SKU-018,BOT-001,2025-06-16,103,0.9
SKU-019,BOT-001,2025-06-16,37,0.7
SKU-020,BOT-001,2025-06-16,99,1.1
SKU-021,BOT-001,2025-06-16,41,2.5
SKU-022,BOT-001,2025-06-16,91,18.0
SKU-023,BOT-001,2025-06-16,41,3.5
SKU-024,BOT-001,2025-06-16,24,7.5
SKU-025,BOT-001,2025-06-16,133,0.4
SKU-026,BOT-001,2025-06-16,79,0.6
SKU-027,BOT-001,2025-06-16,70,1.2
SKU-028,BOT-001,2025-06-16,41,0.8
SKU-029,BOT-001,2025-06-16,14,2.8
SKU-030,BOT-001,2025-06-16,24,2.2
SKU-001,BOT-002,2025-06-16,210,0.5
SKU-002,BOT-002,2025-06-16,97,0.8
SKU-003,BOT-002,2025-06-16,92,0.7
SKU-004,BOT-002,2025-06-16,62,1.2
SKU-005,BOT-002,2025-06-16,57,0.6
SKU-006,BOT-002,2025-06-16,66,0.45
SKU-007,BOT-002,2025-06-16,91,1.8
SKU-008,BOT-002,2025-06-16,113,8.5
SKU-009,BOT-002,2025-06-16,51,4.5
SKU-010,BOT-002,2025-06-16,6,2.2
SKU-011,BOT-002,2025-06-16,37,1.3
SKU-012,BOT-002,2025-06-16,73,0.6
SKU-013,BOT-002,2025-06-16,42,6.0
SKU-014,BOT-002,2025-06-16,61,0.7
SKU-015,BOT-002,2025-06-16,93,0.8
SKU-016,BOT-002,2025-06-16,46,1.5
SKU-017,BOT-002,2025-06-16,76,0.9
SKU-018,BOT-002,2025-06-16,82,0.9
SKU-019,BOT-002,2025-06-16,55,0.7
SKU-020,BOT-002,2025-06-16,47,1.1
SKU-021,BOT-002,2025-06-16,43,2.5
SKU-022,BOT-002,2025-06-16,41,18.0
SKU-023,BOT-002,2025-06-16,32,3.5
