id,org_id,producto_id,botica_id,precio_venta,precio_costo,moneda_id,vigente_desde,vigente_hasta,created_at,updated_at
f612b45b-0cde-56df-ac85-6deb931c4630,e8aeb018-f679-5670-b210-de4f62ff2111,d3961f5a-3ea7-53d3-89f4-78b65b0c0c6b,,0.5,0.28,133b44d1-2b1a-5558-970e-191a0eb622ba,2024-01-01T00:00:00,,2023-01-15T10:00:00,2023-01-15T10:00:00
dc185e80-4a18-5844-acb4-f92df528e4ee,e8aeb018-f679-5670-b210-de4f62ff2111,2933d8b7-2438-521b-b38d-d3a5224f87fc,,0.8,0.44,133b44d1-2b1a-5558-970e-191a0eb622ba,2024-01-01T00:00:00,,2023-01-15T10:00:00,2023-01-15T10:00:00
afeac84e-828c-5480-ac8d-7a2899d5f69b,e8aeb018-f679-5670-b210-de4f62ff2111,6d807393-f4ab-5f76-b544-251eeda27ba3,,0.7,0.39,133b44d1-2b1a-5558-970e-191a0eb622ba,2024-01-01T00:00:00,,2023-01-15T10:00:00,2023-01-15T10:00:00
e0c54bd7-e0cc-5dcc-95e2-2618bb89b2c9,e8aeb018-f679-5670-b210-de4f62ff2111,042e2e80-f954-5df4-97be-29dd428cc598,,1.2,0.66,133b44d1-2b1a-5558-970e-191a0eb622ba,2024-01-01T00:00:00,,2023-01-15T10:00:00,2023-01-15T10:00:00
e26aff15-7dc4-5fe8-a4a5-2b4b4bd35a7b,e8aeb018-f679-5670-b210-de4f62ff2111,9928e9a1-d9fc-5fdd-86c2-8909352fd7fe,,0.6,0.33,133b44d1-2b1a-5558-970e-191a0eb622ba,2024-01-01T00:00:00,,2023-01-15T10:00:00,2023-01-15T10:00:00
72a35fce-18b0-5eb2-8148-ae7881b90248,e8aeb018-f679-5670-b210-de4f62ff2111,5bbfdec8-65ae-59e6-b211-5eccb5b765fa,,0.45,0.25,133b44d1-2b1a-5558-970e-191a0eb622ba,2024-01-01T00:00:00,,2023-01-15T10:00:00,2023-01-15T10:00:00
715fbe9d-7479-561b-bc49-79b9d7e61ec2,e8aeb018-f679-5670-b210-de4f62ff2111,82cd11ba-d1a0-58b1-b14f-edd741f36e87,,1.8,0.99,133b44d1-2b1a-5558-970e-191a0eb622ba,2024-01-01T00:00:00,,2023-01-15T10:00:00,2023-01-15T10:00:00
d1d314f6-a294-56fe-817a-3dbd810c41d5,e8aeb018-f679-5670-b210-de4f62ff2111,07371b94-955f-52a4-9bf9-f0a6ad2b4fa8,,8.5,4.68,133b44d1-2b1a-5558-970e-191a0eb622ba,2024-01-01T00:00:00,,2023-01-15T10:00:00,2023-01-15T10:00:00
0f862de3-613f-5443-88e8-903f1df5fa54,e8aeb018-f679-5670-b210-de4f62ff2111,058c6382-bde2-59d1-93ff-20c6161a4736,,4.5,2.48,133b44d1-2b1a-5558-970e-191a0eb622ba,2024-01-01T00:00:00,,2023-01-15T10:00:00,2023-01-15T10:00:00
8faa1b7c-fff2-5354-bd83-5be088b771ff,e8aeb018-f679-5670-b210-de4f62ff2111,4d9429b6-2ebf-5b5d-ac48-f779d5a1e270,,2.2,1.21,133b44d1-2b1a-5558-970e-191a0eb622ba,2024-01-01T00:00:00,,2023-01-15T10:00:00,2023-01-15T10:00:00
211b4a4b-3302-5aef-b20e-66e7c02471b9,e8aeb018-f679-5670-b210-de4f62ff2111,c0cf5e5c-b5c9-585a-8e79-d9830bc954f6,,1.3,0.72,133b44d1-2b1a-5558-970e-191a0eb622ba,2024-01-01T00:00:00,,2023-01-15T10:00:00,2023-01-15T10:00:00
01a7877f-1756-5930-ad78-b571aff74524,e8aeb018-f679-5670-b210-de4f62ff2111,38adf7ba-476e-5e6b-9163-781a13538253,,0.6,0.33,133b44d1-2b1a-5558-970e-191a0eb622ba,2024-01-01T00:00:00,,2023-01-15T10:00:00,2023-01-15T10:00:00
20509308-b5b0-512a-b75c-3fb2058e701d,e8aeb018-f679-5670-b210-de4f62ff2111,94e18241-54bd-5516-b36f-94ab6e323aca,,6.0,3.3,133b44d1-2b1a-5558-970e-191a0eb622ba,2024-01-01T00:00:00,,2023-01-15T10:00:00,2023-01-15T10:00:00
6367235e-fd8f-5121-bc21-102f06a713de,e8aeb018-f679-5670-b210-de4f62ff2111,87b859e0-789a-56e6-b1ba-4fe76221d3bf,,0.7,0.39,133b44d1-2b1a-5558-970e-191a0eb622ba,2024-01-01T00:00:00,,2023-01-15T10:00:00,2023-01-15T10:00:00
c24ee290-e0fe-5918-bf29-7499907d8a74,e8aeb018-f679-5670-b210-de4f62ff2111,983871db-adfb-543e-b438-6b00044ffb64,,0.8,0.44,133b44d1-2b1a-5558-970e-191a0eb622ba,2024-01-01T00:00:00,,2023-01-15T10:00:00,2023-01-15T10:00:00
67fe39a3-c7af-52a2-9f41-332ca617fd0f,e8aeb018-f679-5670-b210-de4f62ff2111,2082733c-4e17-51fe-bc8c-bf33d3ec5d7e,,1.5,0.83,133b44d1-2b1a-5558-970e-191a0eb622ba,2024-01-01T00:00:00,,2023-01-15T10:00:00,2023-01-15T10:00:00
64a923bf-4d0a-5ea0-8403-5e99b569b113,e8aeb018-f679-5670-b210-de4f62ff2111,d2f08f15-f9f2-5f65-a740-b05896774467,,0.9,0.5,133b44d1-2b1a-5558-970e-191a0eb622ba,2024-01-01T00:00:00,,2023-01-15T10:00:00,2023-01-15T10:00:00
0220be15-863e-50bf-9526-1b2e61ed13b1,e8aeb018-f679-5670-b210-de4f62ff2111,97d26d91-c562-5f27-9ebd-285e89c8f4bf,,0.9,0.5,133b44d1-2b1a-5558-970e-191a0eb622ba,2024-01-01T00:00:00,,2023-01-15T10:00:00,2023-01-15T10:00:00
ce745c90-e919-5e0f-ad2d-2c2bbf4e5277,e8aeb018-f679-5670-b210-de4f62ff2111,2eb3a104-e572-583a-afa0-156ee0dc4cce,,0.7,0.39,133b44d1-2b1a-5558-970e-191a0eb622ba,2024-01-01T00:00:00,,2023-01-15T10:00:00,2023-01-15T10:00:00
1912303b-d066-5f56-a069-ba84690f2737,e8aeb018-f679-5670-b210-de4f62ff2111,afe9d181-1c64-5cca-b4b7-a9fa24eceeea,,1.1,0.61,133b44d1-2b1a-5558-970e-191a0eb622ba,2024-01-01T00:00:00,,2023-01-15T10:00:00,2023-01-15T10:00:00
1a8b97db-0247-5cd7-ad4d-92487b3bbd28,e8aeb018-f679-5670-b210-de4f62ff2111,d0ae6d2d-e561-56b3-a2c1-113c1c56ae81,,2.5,1.38,133b44d1-2b1a-5558-970e-191a0eb622ba,2024-01-01T00:00:00,,2023-01-15T10:00:00,2023-01-15T10:00:00
c52cf9f3-0a4f-5b70-a413-b83c4577fbea,e8aeb018-f679-5670-b210-de4f62ff2111,2897aac2-f219-5167-b800-73fac27f6b85,,18.0,9.9,133b44d1-2b1a-5558-970e-191a0eb622ba,2024-01-01T00:00:00,,2023-01-15T10:00:00,2023-01-15T10:00:00
b5044276-f634-5c3b-a255-b52126d496aa,e8aeb018-f679-5670-b210-de4f62ff2111,22231140-3780-5fe8-a7d4-d33f61d15111,,3.5,1.93,133b44d1-2b1a-5558-970e-191a0eb622ba,2024-01-01T00:00:00,,2023-01-15T10:00:00,2023-01-15T10:00:00
42913804-6a1f-5cef-9074-e6c307a75b2c,e8aeb018-f679-5670-b210-de4f62ff2111,1ca3438e-9e23-58f0-a35f-f15f7a23beb9,,7.5,4.12,133b44d1-2b1a-5558-970e-191a0eb622ba,2024-01-01T00:00:00,,2023-01-15T10:00:00,2023-01-15T10:00:00
2816e099-6ccc-576c-9f32-2a14959888c4,e8aeb018-f679-5670-b210-de4f62ff2111,0ec23038-d3ab-588c-bbd6-1f5c744cdde1,,0.4,0.22,133b44d1-2b1a-5558-970e-191a0eb622ba,2024-01-01T00:00:00,,2023-01-15T10:00:00,2023-01-15T10:00:00
279f4a57-3f09-5a81-8ec0-9f39fdffa908,e8aeb018-f679-5670-b210-de4f62ff2111,cd81184b-b6f1-563c-b463-36a69ddfb598,,0.6,0.33,133b44d1-2b1a-5558-970e-191a0eb622ba,2024-01-01T00:00:00,,2023-01-15T10:00:00,2023-01-15T10:00:00
1108f499-ac48-5494-a15c-7c5aa5dd77f6,e8aeb018-f679-5670-b210-de4f62ff2111,6baabed2-52d7-5cb7-bf74-86c7cb3e4f07,,1.2,0.66,133b44d1-2b1a-5558-970e-191a0eb622ba,2024-01-01T00:00:00,,2023-01-15T10:00:00,2023-01-15T10:00:00
e0cfef3b-557d-556b-ae8e-71cd31513899,e8aeb018-f679-5670-b210-de4f62ff2111,012857cc-907f-5e7d-b8fb-796d2c9f1621,,0.8,0.44,133b44d1-2b1a-5558-970e-191a0eb622ba,2024-01-01T00:00:00,,2023-01-15T10:00:00,2023-01-15T10:00:00
c4c999e9-31e5-55f2-981c-e297ead7bcab,e8aeb018-f679-5670-b210-de4f62ff2111,d9506935-1215-5499-93c0-8bdd86ab9418,,2.8,1.54,133b44d1-2b1a-5558-970e-191a0eb622ba,2024-01-01T00:00:00,,2023-01-15T10:00:00,2023-01-15T10:00:00
c10105e7-508e-58db-8ce2-d61b854e27bd,e8aeb018-f679-5670-b210-de4f62ff2111,1e9605fd-5682-52b6-8f05-e8a92dd44513,,2.2,1.21,133b44d1-2b1a-5558-970e-191a0eb622ba,2024-01-01T00:00:00,,2023-01-15T10:00:00,2023-01-15T10:00:00
