id,proveedor_id,producto_id,lead_time_especifico,precio_compra_referencial,created_at,activo
f6f37222-bdf9-551d-a92f-6aa1ca7dfa81,76d6c9f4-5d7d-53c0-bb1f-2a577383765a,d3961f5a-3ea7-53d3-89f4-78b65b0c0c6b,3,0.28,2023-01-15T10:00:00,True
df55ae44-ffe4-5e22-984b-8bd286181c7d,41cb90d0-d91a-57c2-b138-831be351479f,2933d8b7-2438-521b-b38d-d3a5224f87fc,5,0.44,2023-01-15T10:00:00,True
eb403387-989b-5bdb-9d64-43f56393228e,ab4a547f-e75d-5601-8171-00da4efa4b57,6d807393-f4ab-5f76-b544-251eeda27ba3,7,0.39,2023-01-15T10:00:00,True
dcd45533-1792-5645-9cbb-fb366c698e38,c6617891-56ff-5690-89a4-1ece06685ff5,042e2e80-f954-5df4-97be-29dd428cc598,10,0.66,2023-01-15T10:00:00,True
d935cb63-079a-5495-b357-bb799082d254,a6f6d890-1609-53fc-b4a6-5733ccc9d078,9928e9a1-d9fc-5fdd-86c2-8909352fd7fe,14,0.33,2023-01-15T10:00:00,True
735d37b2-1071-55a1-b105-17269ef25d7f,76d6c9f4-5d7d-53c0-bb1f-2a577383765a,5bbfdec8-65ae-59e6-b211-5eccb5b765fa,3,0.25,2023-01-15T10:00:00,True
395ce26b-7ba6-50d6-a343-bccbadd7b7f8,41cb90d0-d91a-57c2-b138-831be351479f,82cd11ba-d1a0-58b1-b14f-edd741f36e87,5,0.99,2023-01-15T10:00:00,True
2541bbf4-109b-515d-8dd9-86fd9cf61c45,ab4a547f-e75d-5601-8171-00da4efa4b57,07371b94-955f-52a4-9bf9-f0a6ad2b4fa8,7,4.68,2023-01-15T10:00:00,True
ab93dc32-2f57-54e5-b6b2-cc69f77879be,c6617891-56ff-5690-89a4-1ece06685ff5,058c6382-bde2-59d1-93ff-20c6161a4736,10,2.48,2023-01-15T10:00:00,True
56db5cb1-323a-5ac6-b3b0-cc67eb01d651,a6f6d890-1609-53fc-b4a6-5733ccc9d078,4d9429b6-2ebf-5b5d-ac48-f779d5a1e270,14,1.21,2023-01-15T10:00:00,True
d62dac84-5b45-57f9-bcb6-a4770dafb37a,76d6c9f4-5d7d-53c0-bb1f-2a577383765a,c0cf5e5c-b5c9-585a-8e79-d9830bc954f6,3,0.72,2023-01-15T10:00:00,True
fc926e0d-19a6-5f03-90fd-2c4a670a9d61,41cb90d0-d91a-57c2-b138-831be351479f,38adf7ba-476e-5e6b-9163-781a13538253,5,0.33,2023-01-15T10:00:00,True
089b2005-9e09-507e-96ed-3b189d0455f7,ab4a547f-e75d-5601-8171-00da4efa4b57,94e18241-54bd-5516-b36f-94ab6e323aca,7,3.3,2023-01-15T10:00:00,True
c5fb9238-20c6-5255-94a6-516365b4e913,c6617891-56ff-5690-89a4-1ece06685ff5,87b859e0-789a-56e6-b1ba-4fe76221d3bf,10,0.39,2023-01-15T10:00:00,True
4352a522-0d9e-57ee-95b3-2fa1882280e5,a6f6d890-1609-53fc-b4a6-5733ccc9d078,983871db-adfb-543e-b438-6b00044ffb64,14,0.44,2023-01-15T10:00:00,True
ab250c7e-f45e-5e8d-9b50-d70481d33297,76d6c9f4-5d7d-53c0-bb1f-2a577383765a,2082733c-4e17-51fe-bc8c-bf33d3ec5d7e,3,0.83,2023-01-15T10:00:00,True
7ec7f65f-7019-5947-ac6e-536fb49f29c6,41cb90d0-d91a-57c2-b138-831be351479f,d2f08f15-f9f2-5f65-a740-b05896774467,5,0.5,2023-01-15T10:00:00,True
9779468c-ec67-5fd3-a44c-851c8bacf557,ab4a547f-e75d-5601-8171-00da4efa4b57,97d26d91-c562-5f27-9ebd-285e89c8f4bf,7,0.5,2023-01-15T10:00:00,True
86fa96e5-7a51-587b-a4ab-0547ba9d3fcb,c6617891-56ff-5690-89a4-1ece06685ff5,2eb3a104-e572-583a-afa0-156ee0dc4cce,10,0.39,2023-01-15T10:00:00,True
dfcd9287-adb7-5e7d-a1ee-b87a64884f85,a6f6d890-1609-53fc-b4a6-5733ccc9d078,afe9d181-1c64-5cca-b4b7-a9fa24eceeea,14,0.61,2023-01-15T10:00:00,True
69be58f1-4362-5164-bb9b-e83762c473b6,76d6c9f4-5d7d-53c0-bb1f-2a577383765a,d0ae6d2d-e561-56b3-a2c1-113c1c56ae81,3,1.38,2023-01-15T10:00:00,True
f2610a8d-8701-5f17-90ee-d106efe410a6,41cb90d0-d91a-57c2-b138-831be351479f,2897aac2-f219-5167-b800-73fac27f6b85,5,9.9,2023-01-15T10:00:00,True
64563084-bdaf-5d3b-a288-0d0f3a979d3e,ab4a547f-e75d-5601-8171-00da4efa4b57,22231140-3780-5fe8-a7d4-d33f61d15111,7,1.93,2023-01-15T10:00:00,True
76ef5bb7-809f-5f64-8177-167e92fefd72,c6617891-56ff-5690-89a4-1ece06685ff5,1ca3438e-9e23-58f0-a35f-f15f7a23beb9,10,4.12,2023-01-15T10:00:00,True
d946bac9-f7b1-5a91-a416-9e43d17ae993,a6f6d890-1609-53fc-b4a6-5733ccc9d078,0ec23038-d3ab-588c-bbd6-1f5c744cdde1,14,0.22,2023-01-15T10:00:00,True
1fb545ee-9157-5676-aedd-0e88d8fc7be1,76d6c9f4-5d7d-53c0-bb1f-2a577383765a,cd81184b-b6f1-563c-b463-36a69ddfb598,3,0.33,2023-01-15T10:00:00,True
169543e4-a742-5997-8522-3bac880785ee,41cb90d0-d91a-57c2-b138-831be351479f,6baabed2-52d7-5cb7-bf74-86c7cb3e4f07,5,0.66,2023-01-15T10:00:00,True
4ad8a601-f059-5ea2-9871-a1a5c0ee240a,ab4a547f-e75d-5601-8171-00da4efa4b57,012857cc-907f-5e7d-b8fb-796d2c9f1621,7,0.44,2023-01-15T10:00:00,True
a50bdd77-7c59-5aa9-bb47-035c6370585d,c6617891-56ff-5690-89a4-1ece06685ff5,d9506935-1215-5499-93c0-8bdd86ab9418,10,1.54,2023-01-15T10:00:00,True
d92b9575-0ad8-5c38-a1bb-43a22336c66f,a6f6d890-1609-53fc-b4a6-5733ccc9d078,1e9605fd-5682-52b6-8f05-e8a92dd44513,14,1.21,2023-01-15T10:00:00,True
