id,producto_id,ubicacion_tipo,ubicacion_id,cantidad_disponible,stock_minimo,updated_at
775efe0f-076d-42f7-abf1-f701991b54d9,052e72f5-2bdb-4d64-b3cc-977e3db241c9,botica,7903f667-029c-41ae-b85e-992d943325b9,98,84,2026-05-10T00:00:00
ab68cdc7-0655-4caa-b8cd-f5c30489136d,052e72f5-2bdb-4d64-b3cc-977e3db241c9,botica,3c93df29-79fe-4e7c-beeb-7246124add00,89,84,2026-05-10T00:00:00
4df86612-1301-4fa7-884f-c436bc4e6022,052e72f5-2bdb-4d64-b3cc-977e3db241c9,botica,c6a209ae-39ac-4b9d-8fe1-68708e30ccff,168,84,2026-05-10T00:00:00
10a737a8-6430-4feb-8727-047b2950e231,052e72f5-2bdb-4d64-b3cc-977e3db241c9,botica,10fc9bf3-5ea6-4927-99d1-87df7f5934df,302,84,2026-05-10T00:00:00
d05ba901-8fff-4f8e-ae84-2fa3537910dc,052e72f5-2bdb-4d64-b3cc-977e3db241c9,botica,372afa41-92c8-417d-a5a7-e6067cd1bed0,404,84,2026-05-10T00:00:00
4acdda4f-9a70-463f-a08d-af9ce5e1b291,d610d22c-8999-4740-bab7-f272260cae1f,botica,7903f667-029c-41ae-b85e-992d943325b9,314,56,2026-05-10T00:00:00
bd4e74da-5148-4efe-8499-50538f89cba2,d610d22c-8999-4740-bab7-f272260cae1f,botica,3c93df29-79fe-4e7c-beeb-7246124add00,156,56,2026-05-10T00:00:00
8e7a6762-a1fe-4929-a0f8-623f646c6cf2,d610d22c-8999-4740-bab7-f272260cae1f,botica,c6a209ae-39ac-4b9d-8fe1-68708e30ccff,166,56,2026-05-10T00:00:00
1696b59a-ee02-4fcb-88c1-22fb384e2306,d610d22c-8999-4740-bab7-f272260cae1f,botica,10fc9bf3-5ea6-4927-99d1-87df7f5934df,295,56,2026-05-10T00:00:00
eb8bc892-8266-411a-9fb5-21d199bf9db2,d610d22c-8999-4740-bab7-f272260cae1f,botica,372afa41-92c8-417d-a5a7-e6067cd1bed0,148,56,2026-05-10T00:00:00
4fe0f24d-64be-457e-905b-b99c68b73cf1,377243c7-e5da-434c-aa77-e46a5e4c4f70,botica,7903f667-029c-41ae-b85e-992d943325b9,341,63,2026-05-10T00:00:00
826db319-45d5-4541-9c2a-27ac46db3ce5,377243c7-e5da-434c-aa77-e46a5e4c4f70,botica,3c93df29-79fe-4e7c-beeb-7246124add00,547,63,2026-05-10T00:00:00
86fa617a-15eb-4b23-bf69-6690fba65fe9,377243c7-e5da-434c-aa77-e46a5e4c4f70,botica,c6a209ae-39ac-4b9d-8fe1-68708e30ccff,210,63,2026-05-10T00:00:00
cf52b21a-5e49-4998-8709-dd2ef9ff143c,377243c7-e5da-434c-aa77-e46a5e4c4f70,botica,10fc9bf3-5ea6-4927-99d1-87df7f5934df,313,63,2026-05-10T00:00:00
5e71e151-8ea4-4aaf-881c-b5846bab3b0c,377243c7-e5da-434c-aa77-e46a5e4c4f70,botica,372afa41-92c8-417d-a5a7-e6067cd1bed0,329,63,2026-05-10T00:00:00
7a14415b-9b51-4ce5-910b-a4adffce1c27,262d0c61-ea05-44ba-99b8-e6536207de1d,botica,7903f667-029c-41ae-b85e-992d943325b9,53,35,2026-05-10T00:00:00
fcdc80d0-1017-4aa5-a7b8-36e71afec93b,262d0c61-ea05-44ba-99b8-e6536207de1d,botica,3c93df29-79fe-4e7c-beeb-7246124add00,115,35,2026-05-10T00:00:00
a3096e0e-bcbb-47a5-95d0-28029526dfd3,262d0c61-ea05-44ba-99b8-e6536207de1d,botica,c6a209ae-39ac-4b9d-8fe1-68708e30ccff,94,35,2026-05-10T00:00:00
bee50147-8a06-4370-80c2-2efecf21cf29,262d0c61-ea05-44ba-99b8-e6536207de1d,botica,10fc9bf3-5ea6-4927-99d1-87df7f5934df,209,35,2026-05-10T00:00:00
4d3e695f-f168-4b2c-9cf4-e1558422ea3f,262d0c61-ea05-44ba-99b8-e6536207de1d,botica,372afa41-92c8-417d-a5a7-e6067cd1bed0,70,35,2026-05-10T00:00:00
80837ea1-9f49-4fda-8b70-28e9b31b2ff5,f1e2e2a5-68bc-4559-90fe-905395ebf20a,botica,7903f667-029c-41ae-b85e-992d943325b9,237,42,2026-05-10T00:00:00
876eee7c-9007-4d28-9bcd-a892273ae315,f1e2e2a5-68bc-4559-90fe-905395ebf20a,botica,3c93df29-79fe-4e7c-beeb-7246124add00,70,42,2026-05-10T00:00:00
c83fc30d-c03a-4ba4-abfc-c6269344c05c,f1e2e2a5-68bc-4559-90fe-905395ebf20a,botica,c6a209ae-39ac-4b9d-8fe1-68708e30ccff,254,42,2026-05-10T00:00:00
6b743157-7beb-40cb-88fb-7ef6f323fbf3,f1e2e2a5-68bc-4559-90fe-905395ebf20a,botica,10fc9bf3-5ea6-4927-99d1-87df7f5934df,119,42,2026-05-10T00:00:00
4898a147-c55c-428d-b9a1-6ff06a8b1471,f1e2e2a5-68bc-4559-90fe-905395ebf20a,botica,372afa41-92c8-417d-a5a7-e6067cd1bed0,54,42,2026-05-10T00:00:00
3eca7a1e-2948-4e7d-8dda-d6bb73db3cc0,ced00eaa-3575-4280-bb93-e84b44f60cc4,botica,7903f667-029c-41ae-b85e-992d943325b9,183,56,2026-05-10T00:00:00
675ac32b-96fa-4f59-a19d-5a409aa5e679,ced00eaa-3575-4280-bb93-e84b44f60cc4,botica,3c93df29-79fe-4e7c-beeb-7246124add00,335,56,2026-05-10T00:00:00
53f7fbc9-919b-494c-b2bc-25313d59bf34,ced00eaa-3575-4280-bb93-e84b44f60cc4,botica,c6a209ae-39ac-4b9d-8fe1-68708e30ccff,228,56,2026-05-10T00:00:00
466249de-e49b-4ad2-8aff-f1bb59413f22,ced00eaa-3575-4280-bb93-e84b44f60cc4,botica,10fc9bf3-5ea6-4927-99d1-87df7f5934df,289,56,2026-05-10T00:00:00
c1dcab64-434e-4bda-b019-284027278fc1,ced00eaa-3575-4280-bb93-e84b44f60cc4,botica,372afa41-92c8-417d-a5a7-e6067cd1bed0,62,56,2026-05-10T00:00:00
ed1b6112-1213-4fe8-988c-d3adf740df6e,3440eac0-ef56-43bf-bb77-a8c7e51f1389,botica,7903f667-029c-41ae-b85e-992d943325b9,379,49,2026-05-10T00:00:00
1c638691-5be8-4ecf-8994-79c859792847,3440eac0-ef56-43bf-bb77-a8c7e51f1389,botica,3c93df29-79fe-4e7c-beeb-7246124add00,333,49,2026-05-10T00:00:00
13ae8724-7e5a-470c-868e-349708a7092c,3440eac0-ef56-43bf-bb77-a8c7e51f1389,botica,c6a209ae-39ac-4b9d-8fe1-68708e30ccff,175,49,2026-05-10T00:00:00
9fbede1c-84c5-4b23-96f9-5eca738a669b,3440eac0-ef56-43bf-bb77-a8c7e51f1389,botica,10fc9bf3-5ea6-4927-99d1-87df7f5934df,269,49,2026-05-10T00:00:00
c2fc2863-81b5-48e7-9fb9-890070f5e463,3440eac0-ef56-43bf-bb77-a8c7e51f1389,botica,372afa41-92c8-417d-a5a7-e6067cd1bed0,245,49,2026-05-10T00:00:00
f6a68dd4-79b6-4f69-9d94-0d3a50e79846,c883f94a-b773-4d28-b0c4-88db3cdd9a23,botica,7903f667-029c-41ae-b85e-992d943325b9,205,42,2026-05-10T00:00:00
45b38b44-0f69-4154-a36c-a4f050b25078,c883f94a-b773-4d28-b0c4-88db3cdd9a23,botica,3c93df29-79fe-4e7c-beeb-7246124add00,235,42,2026-05-10T00:00:00
d0bf43c6-877d-490e-8c26-c92ee0e24094,c883f94a-b773-4d28-b0c4-88db3cdd9a23,botica,c6a209ae-39ac-4b9d-8fe1-68708e30ccff,215,42,2026-05-10T00:00:00
1f0ce7da-af57-4b1b-85ab-a6da1087f41c,c883f94a-b773-4d28-b0c4-88db3cdd9a23,botica,10fc9bf3-5ea6-4927-99d1-87df7f5934df,105,42,2026-05-10T00:00:00
64fffc92-a7de-4e2d-b24a-3ab1246f4b45,c883f94a-b773-4d28-b0c4-88db3cdd9a23,botica,372afa41-92c8-417d-a5a7-e6067cd1bed0,179,42,2026-05-10T00:00:00
d6cf5fcc-efb9-4bc1-b80c-f3e640d6eb48,a83062df-e2a8-4db3-8d31-d05302f234ed,botica,7903f667-029c-41ae-b85e-992d943325b9,122,28,2026-05-10T00:00:00
1e6c0841-70c2-4629-955e-ce7b07893391,a83062df-e2a8-4db3-8d31-d05302f234ed,botica,3c93df29-79fe-4e7c-beeb-7246124add00,109,28,2026-05-10T00:00:00
58c46733-4029-4618-9e32-f85573646776,a83062df-e2a8-4db3-8d31-d05302f234ed,botica,c6a209ae-39ac-4b9d-8fe1-68708e30ccff,156,28,2026-05-10T00:00:00
dbae037d-5aef-4c01-8e74-b4cd31aec608,a83062df-e2a8-4db3-8d31-d05302f234ed,botica,10fc9bf3-5ea6-4927-99d1-87df7f5934df,56,28,2026-05-10T00:00:00
e7d56a43-b976-4310-a6dd-07693ff04197,a83062df-e2a8-4db3-8d31-d05302f234ed,botica,372afa41-92c8-417d-a5a7-e6067cd1bed0,46,28,2026-05-10T00:00:00
8e7eb4a8-29d7-40de-b603-0d8886f3e49c,c1acb4ed-c637-40fc-86fe-12fd0eeeead3,botica,7903f667-029c-41ae-b85e-992d943325b9,98,21,2026-05-10T00:00:00
a9419a42-ab0a-419f-ad90-fba56d59358c,c1acb4ed-c637-40fc-86fe-12fd0eeeead3,botica,3c93df29-79fe-4e7c-beeb-7246124add00,56,21,2026-05-10T00:00:00
a80f20e3-6814-451b-9a37-a14b7eccbd0b,c1acb4ed-c637-40fc-86fe-12fd0eeeead3,botica,c6a209ae-39ac-4b9d-8fe1-68708e30ccff,91,21,2026-05-10T00:00:00
573efc6f-24d8-4750-8b63-5a8136868bc2,c1acb4ed-c637-40fc-86fe-12fd0eeeead3,botica,10fc9bf3-5ea6-4927-99d1-87df7f5934df,56,21,2026-05-10T00:00:00
a8f2e729-da2e-4830-9424-5ec0a5eb257b,c1acb4ed-c637-40fc-86fe-12fd0eeeead3,botica,372afa41-92c8-417d-a5a7-e6067cd1bed0,52,21,2026-05-10T00:00:00
f3c64a48-45ba-44f8-bc25-8f088190ba6f,2c7de6c8-caaa-4666-8a5e-fd192120f9e3,botica,7903f667-029c-41ae-b85e-992d943325b9,138,28,2026-05-10T00:00:00
4e0b1937-d4d4-4973-ab7d-c88212f9a52f,2c7de6c8-caaa-4666-8a5e-fd192120f9e3,botica,3c93df29-79fe-4e7c-beeb-7246124add00,67,28,2026-05-10T00:00:00
c5838c00-6811-452f-8db0-b61244670c6d,2c7de6c8-caaa-4666-8a5e-fd192120f9e3,botica,c6a209ae-39ac-4b9d-8fe1-68708e30ccff,189,28,2026-05-10T00:00:00
da008764-cda8-4e4d-b71b-33b4de5022cd,2c7de6c8-caaa-4666-8a5e-fd192120f9e3,botica,10fc9bf3-5ea6-4927-99d1-87df7f5934df,192,28,2026-05-10T00:00:00
4a148df7-6a85-4f2f-99d5-670eb4179c59,2c7de6c8-caaa-4666-8a5e-fd192120f9e3,botica,372afa41-92c8-417d-a5a7-e6067cd1bed0,59,28,2026-05-10T00:00:00
67f49ce0-d365-4cd2-a752-64eb3e875092,964a921d-246f-4fb4-a42e-77fccbff6d08,botica,7903f667-029c-41ae-b85e-992d943325b9,293,56,2026-05-10T00:00:00
c365dae3-9c6c-460b-8183-3861a49b0f17,964a921d-246f-4fb4-a42e-77fccbff6d08,botica,3c93df29-79fe-4e7c-beeb-7246124add00,269,56,2026-05-10T00:00:00
ee81a751-44fc-4202-a06e-dff8923c575b,964a921d-246f-4fb4-a42e-77fccbff6d08,botica,c6a209ae-39ac-4b9d-8fe1-68708e30ccff,273,56,2026-05-10T00:00:00
c180f29f-4658-41a4-b54d-d1996a4a0f28,964a921d-246f-4fb4-a42e-77fccbff6d08,botica,10fc9bf3-5ea6-4927-99d1-87df7f5934df,155,56,2026-05-10T00:00:00
90ed0094-462e-4845-9420-898e5c425399,964a921d-246f-4fb4-a42e-77fccbff6d08,botica,372afa41-92c8-417d-a5a7-e6067cd1bed0,380,56,2026-05-10T00:00:00
b4cef31a-37a1-41e9-b4ca-11744fff1f9a,a5a2cc30-c797-4a85-9ae4-cfbcdae7d498,botica,7903f667-029c-41ae-b85e-992d943325b9,157,35,2026-05-10T00:00:00
9e0ad95d-ecbe-4723-88e2-af75c0203de1,a5a2cc30-c797-4a85-9ae4-cfbcdae7d498,botica,3c93df29-79fe-4e7c-beeb-7246124add00,166,35,2026-05-10T00:00:00
b62a8f58-2c7b-4c3b-95a0-aed4023a145d,a5a2cc30-c797-4a85-9ae4-cfbcdae7d498,botica,c6a209ae-39ac-4b9d-8fe1-68708e30ccff,65,35,2026-05-10T00:00:00
5892f162-5458-4a65-8816-38cfaba63e7f,a5a2cc30-c797-4a85-9ae4-cfbcdae7d498,botica,10fc9bf3-5ea6-4927-99d1-87df7f5934df,140,35,2026-05-10T00:00:00
e4cab4d2-bc82-4bfa-9b5d-4584e6f70de1,a5a2cc30-c797-4a85-9ae4-cfbcdae7d498,botica,372afa41-92c8-417d-a5a7-e6067cd1bed0,124,35,2026-05-10T00:00:00
ac05f27e-dc40-446a-bcda-bccce3e396c1,12e7e3cb-6f24-4f9a-abc2-ddd1ddf20a77,botica,7903f667-029c-41ae-b85e-992d943325b9,278,49,2026-05-10T00:00:00
08380013-b434-4e1e-89e0-7c450f545fe9,12e7e3cb-6f24-4f9a-abc2-ddd1ddf20a77,botica,3c93df29-79fe-4e7c-beeb-7246124add00,60,49,2026-05-10T00:00:00
60d0bf76-99dc-4a3a-9f82-4a15c3688a60,12e7e3cb-6f24-4f9a-abc2-ddd1ddf20a77,botica,c6a209ae-39ac-4b9d-8fe1-68708e30ccff,223,49,2026-05-10T00:00:00
ba423147-66b2-4c7a-9420-0af48c5f1bce,12e7e3cb-6f24-4f9a-abc2-ddd1ddf20a77,botica,10fc9bf3-5ea6-4927-99d1-87df7f5934df,113,49,2026-05-10T00:00:00
7708082d-33e7-4384-b7b0-a04fa42d6d9e,12e7e3cb-6f24-4f9a-abc2-ddd1ddf20a77,botica,372afa41-92c8-417d-a5a7-e6067cd1bed0,176,49,2026-05-10T00:00:00
4fe4b6d4-ad8c-4ec3-b9b7-c8fa759d4991,80fa3ac8-2698-4e76-83d4-2d853c8cda93,botica,7903f667-029c-41ae-b85e-992d943325b9,117,70,2026-05-10T00:00:00
b77b7707-2990-4d68-9d51-bebd6d23fd2e,80fa3ac8-2698-4e76-83d4-2d853c8cda93,botica,3c93df29-79fe-4e7c-beeb-7246124add00,114,70,2026-05-10T00:00:00
9a430ab2-9341-4749-8be7-44bc1971a109,80fa3ac8-2698-4e76-83d4-2d853c8cda93,botica,c6a209ae-39ac-4b9d-8fe1-68708e30ccff,417,70,2026-05-10T00:00:00
72fbb393-22d1-4c0d-bff9-01b5b03f932c,80fa3ac8-2698-4e76-83d4-2d853c8cda93,botica,10fc9bf3-5ea6-4927-99d1-87df7f5934df,192,70,2026-05-10T00:00:00
9932140c-693d-4f04-b1df-8e86bf2cb695,80fa3ac8-2698-4e76-83d4-2d853c8cda93,botica,372afa41-92c8-417d-a5a7-e6067cd1bed0,489,70,2026-05-10T00:00:00
66046946-d8e9-4f6f-ac2a-97ea61a12f2f,7164d5f9-3626-47db-8b49-6ea56dd42272,botica,7903f667-029c-41ae-b85e-992d943325b9,63,42,2026-05-10T00:00:00
d2f75f33-6bce-40b8-a95e-e63100e315f1,7164d5f9-3626-47db-8b49-6ea56dd42272,botica,3c93df29-79fe-4e7c-beeb-7246124add00,164,42,2026-05-10T00:00:00
d7a213ae-69d9-4fde-8e15-11422e114a13,7164d5f9-3626-47db-8b49-6ea56dd42272,botica,c6a209ae-39ac-4b9d-8fe1-68708e30ccff,305,42,2026-05-10T00:00:00
07cceb87-1841-4077-be5f-c9059417d22b,7164d5f9-3626-47db-8b49-6ea56dd42272,botica,10fc9bf3-5ea6-4927-99d1-87df7f5934df,105,42,2026-05-10T00:00:00
aa52532d-bbf2-4c6c-bac9-d174a91a923d,7164d5f9-3626-47db-8b49-6ea56dd42272,botica,372afa41-92c8-417d-a5a7-e6067cd1bed0,218,42,2026-05-10T00:00:00
c6e61e56-071c-4a32-9092-b9b58b03bedf,1f613c8d-46da-474e-8233-1817e5dd9037,botica,7903f667-029c-41ae-b85e-992d943325b9,152,49,2026-05-10T00:00:00
4f500024-239b-4d17-adf8-0fbcaafe2b8a,1f613c8d-46da-474e-8233-1817e5dd9037,botica,3c93df29-79fe-4e7c-beeb-7246124add00,106,49,2026-05-10T00:00:00
bee095f1-ad7d-4bf3-9cf7-0810ed31d979,1f613c8d-46da-474e-8233-1817e5dd9037,botica,c6a209ae-39ac-4b9d-8fe1-68708e30ccff,252,49,2026-05-10T00:00:00
40426a1b-caa3-46e2-857b-e4d957aa4b90,1f613c8d-46da-474e-8233-1817e5dd9037,botica,10fc9bf3-5ea6-4927-99d1-87df7f5934df,346,49,2026-05-10T00:00:00
fe4b9e46-6a4a-49aa-84f2-3302d7449622,1f613c8d-46da-474e-8233-1817e5dd9037,botica,372afa41-92c8-417d-a5a7-e6067cd1bed0,253,49,2026-05-10T00:00:00
249e1eee-6a59-43f5-8514-7411f7d5445c,493c838e-65a2-4aee-98ca-e1dad26b391a,botica,7903f667-029c-41ae-b85e-992d943325b9,202,63,2026-05-10T00:00:00
1f8fc20c-5143-4666-9c03-940c7148b488,493c838e-65a2-4aee-98ca-e1dad26b391a,botica,3c93df29-79fe-4e7c-beeb-7246124add00,251,63,2026-05-10T00:00:00
23f62a20-8f18-43c3-8e91-54bb048479d3,493c838e-65a2-4aee-98ca-e1dad26b391a,botica,c6a209ae-39ac-4b9d-8fe1-68708e30ccff,382,63,2026-05-10T00:00:00
798d71bc-a055-4415-9f31-c56ef61275f8,493c838e-65a2-4aee-98ca-e1dad26b391a,botica,10fc9bf3-5ea6-4927-99d1-87df7f5934df,354,63,2026-05-10T00:00:00
b55708c9-070f-45d3-8f97-bc90bbefc9ac,493c838e-65a2-4aee-98ca-e1dad26b391a,botica,372afa41-92c8-417d-a5a7-e6067cd1bed0,360,63,2026-05-10T00:00:00
6f6c193d-a6e6-46f1-aeae-1ce3f43ef84f,d0aec182-389e-418d-a0b3-e5493c8b8267,botica,7903f667-029c-41ae-b85e-992d943325b9,285,56,2026-05-10T00:00:00
b0b1d022-e6f0-4b8d-bd77-98776532f419,d0aec182-389e-418d-a0b3-e5493c8b8267,botica,3c93df29-79fe-4e7c-beeb-7246124add00,93,56,2026-05-10T00:00:00
4b9af504-073c-4e5b-a9fc-dacd56dea3fc,d0aec182-389e-418d-a0b3-e5493c8b8267,botica,c6a209ae-39ac-4b9d-8fe1-68708e30ccff,240,56,2026-05-10T00:00:00
c3b236e6-d190-4dcb-a661-1473a1d04bae,d0aec182-389e-418d-a0b3-e5493c8b8267,botica,10fc9bf3-5ea6-4927-99d1-87df7f5934df,91,56,2026-05-10T00:00:00
4baaffa2-412d-4aa3-8bc1-8160959e83f7,d0aec182-389e-418d-a0b3-e5493c8b8267,botica,372afa41-92c8-417d-a5a7-e6067cd1bed0,161,56,2026-05-10T00:00:00
a10edab4-9c69-407e-b61a-4065f868e6a6,bbb6a6b5-2862-4641-8400-991c7d63fe9b,botica,7903f667-029c-41ae-b85e-992d943325b9,184,49,2026-05-10T00:00:00
0777ff3c-8862-4524-9353-b101e1b863a4,bbb6a6b5-2862-4641-8400-991c7d63fe9b,botica,3c93df29-79fe-4e7c-beeb-7246124add00,429,49,2026-05-10T00:00:00
f1537c61-63e3-4354-9870-76c85131e2d4,bbb6a6b5-2862-4641-8400-991c7d63fe9b,botica,c6a209ae-39ac-4b9d-8fe1-68708e30ccff,146,49,2026-05-10T00:00:00
bcb87047-39b5-4f50-8302-4ad948fef214,bbb6a6b5-2862-4641-8400-991c7d63fe9b,botica,10fc9bf3-5ea6-4927-99d1-87df7f5934df,167,49,2026-05-10T00:00:00
7673401a-8e75-4e5c-a22a-1572afa2852f,bbb6a6b5-2862-4641-8400-991c7d63fe9b,botica,372afa41-92c8-417d-a5a7-e6067cd1bed0,151,49,2026-05-10T00:00:00
767953c2-2500-4106-8260-0db889f6032e,fd32e855-7a53-46d8-b6b0-b248bf882c34,botica,7903f667-029c-41ae-b85e-992d943325b9,259,42,2026-05-10T00:00:00
a946c67f-36fa-4169-b123-40480362758d,fd32e855-7a53-46d8-b6b0-b248bf882c34,botica,3c93df29-79fe-4e7c-beeb-7246124add00,273,42,2026-05-10T00:00:00
5c055ec5-f371-48ce-aecf-65b7598eabef,fd32e855-7a53-46d8-b6b0-b248bf882c34,botica,c6a209ae-39ac-4b9d-8fe1-68708e30ccff,149,42,2026-05-10T00:00:00
67259518-ec87-46ab-9890-39775299e939,fd32e855-7a53-46d8-b6b0-b248bf882c34,botica,10fc9bf3-5ea6-4927-99d1-87df7f5934df,193,42,2026-05-10T00:00:00
ec2ed196-e8ea-43f3-92b5-6b38d86d22ad,fd32e855-7a53-46d8-b6b0-b248bf882c34,botica,372afa41-92c8-417d-a5a7-e6067cd1bed0,126,42,2026-05-10T00:00:00
1d71cff2-2d80-4f90-9e49-000c862fe78b,b6b6a283-c34c-4221-a242-b5d50e7afbfe,botica,7903f667-029c-41ae-b85e-992d943325b9,176,28,2026-05-10T00:00:00
aa5b0a8d-83be-4cd6-93d4-8e7adcb9ce84,b6b6a283-c34c-4221-a242-b5d50e7afbfe,botica,3c93df29-79fe-4e7c-beeb-7246124add00,163,28,2026-05-10T00:00:00
1d5b6a84-de1f-4c9b-bfaf-f3a8f9b4219e,b6b6a283-c34c-4221-a242-b5d50e7afbfe,botica,c6a209ae-39ac-4b9d-8fe1-68708e30ccff,155,28,2026-05-10T00:00:00
6aafa26b-9328-4635-a228-8ef53d2c38f2,b6b6a283-c34c-4221-a242-b5d50e7afbfe,botica,10fc9bf3-5ea6-4927-99d1-87df7f5934df,227,28,2026-05-10T00:00:00
f6944159-a740-4c92-97da-9e4728185de4,b6b6a283-c34c-4221-a242-b5d50e7afbfe,botica,372afa41-92c8-417d-a5a7-e6067cd1bed0,68,28,2026-05-10T00:00:00
7269acae-a4be-4012-ad6a-277decb3ccb5,b042f881-9c02-46f1-8c5b-c7da463d2406,botica,7903f667-029c-41ae-b85e-992d943325b9,79,21,2026-05-10T00:00:00
771fd722-0680-4786-9bc4-5c86a5ab9eed,b042f881-9c02-46f1-8c5b-c7da463d2406,botica,3c93df29-79fe-4e7c-beeb-7246124add00,138,21,2026-05-10T00:00:00
998da79c-9b72-488d-9e3e-b0681fb1d012,b042f881-9c02-46f1-8c5b-c7da463d2406,botica,c6a209ae-39ac-4b9d-8fe1-68708e30ccff,92,21,2026-05-10T00:00:00
66813b28-40fe-44d5-bd89-e2be952a6878,b042f881-9c02-46f1-8c5b-c7da463d2406,botica,10fc9bf3-5ea6-4927-99d1-87df7f5934df,89,21,2026-05-10T00:00:00
9ffb0397-9084-4453-a09c-0ab0ff489c89,b042f881-9c02-46f1-8c5b-c7da463d2406,botica,372afa41-92c8-417d-a5a7-e6067cd1bed0,22,21,2026-05-10T00:00:00
a53b91b9-181e-4540-8510-d47d32a47202,f435da16-45f9-465a-850a-2210de90b9be,botica,7903f667-029c-41ae-b85e-992d943325b9,116,35,2026-05-10T00:00:00
30066057-af4d-4f6c-ae1d-1fae2e9d732d,f435da16-45f9-465a-850a-2210de90b9be,botica,3c93df29-79fe-4e7c-beeb-7246124add00,192,35,2026-05-10T00:00:00
bef8d035-01c7-4f92-b8c5-60f97ec0c16c,f435da16-45f9-465a-850a-2210de90b9be,botica,c6a209ae-39ac-4b9d-8fe1-68708e30ccff,67,35,2026-05-10T00:00:00
428dbd11-23dd-4054-baff-eb7f9021a2e6,f435da16-45f9-465a-850a-2210de90b9be,botica,10fc9bf3-5ea6-4927-99d1-87df7f5934df,77,35,2026-05-10T00:00:00
7f08a028-9af5-45ea-b6ed-e2eb8f235ce1,f435da16-45f9-465a-850a-2210de90b9be,botica,372afa41-92c8-417d-a5a7-e6067cd1bed0,98,35,2026-05-10T00:00:00
d8464c0c-3d89-44bb-b013-e5351c8b6db6,d0f34ca8-a65a-4d11-8b66-8424bca08961,botica,7903f667-029c-41ae-b85e-992d943325b9,408,77,2026-05-10T00:00:00
a04ee403-b9a6-499e-8932-ca11025210fd,d0f34ca8-a65a-4d11-8b66-8424bca08961,botica,3c93df29-79fe-4e7c-beeb-7246124add00,392,77,2026-05-10T00:00:00
b0f91530-3ade-4d74-9b9f-787f67c0ac37,d0f34ca8-a65a-4d11-8b66-8424bca08961,botica,c6a209ae-39ac-4b9d-8fe1-68708e30ccff,218,77,2026-05-10T00:00:00
b32ad254-d2e4-4e4e-bfe7-a152cd7cad34,d0f34ca8-a65a-4d11-8b66-8424bca08961,botica,10fc9bf3-5ea6-4927-99d1-87df7f5934df,297,77,2026-05-10T00:00:00
ac074720-4057-4b41-b748-cec213270439,d0f34ca8-a65a-4d11-8b66-8424bca08961,botica,372afa41-92c8-417d-a5a7-e6067cd1bed0,108,77,2026-05-10T00:00:00
e91efd3e-0943-4926-923f-7548c0a2fd2d,1e77fa2c-0209-4767-ae31-fb54cb12f50e,botica,7903f667-029c-41ae-b85e-992d943325b9,154,56,2026-05-10T00:00:00
21d7250b-6c30-4f60-b65e-b30bcc3ba0a9,1e77fa2c-0209-4767-ae31-fb54cb12f50e,botica,3c93df29-79fe-4e7c-beeb-7246124add00,146,56,2026-05-10T00:00:00
a7e0fd2f-1702-4df5-80da-f116b6324710,1e77fa2c-0209-4767-ae31-fb54cb12f50e,botica,c6a209ae-39ac-4b9d-8fe1-68708e30ccff,377,56,2026-05-10T00:00:00
0f82b015-6d9d-4f73-859b-63a58b270b41,1e77fa2c-0209-4767-ae31-fb54cb12f50e,botica,10fc9bf3-5ea6-4927-99d1-87df7f5934df,322,56,2026-05-10T00:00:00
c834a494-b4aa-4c43-83cf-d1b97f3bdbee,1e77fa2c-0209-4767-ae31-fb54cb12f50e,botica,372afa41-92c8-417d-a5a7-e6067cd1bed0,75,56,2026-05-10T00:00:00
8175fa05-3f3d-4a8b-9f40-79c69fc13ead,ce9769c5-5763-474c-aaed-4d172d30fd10,botica,7903f667-029c-41ae-b85e-992d943325b9,223,42,2026-05-10T00:00:00
af5a1d7c-0db9-4aa0-b0e0-bcec8850c3b8,ce9769c5-5763-474c-aaed-4d172d30fd10,botica,3c93df29-79fe-4e7c-beeb-7246124add00,82,42,2026-05-10T00:00:00
2950837b-f3eb-4d62-911a-4513a1d125fc,ce9769c5-5763-474c-aaed-4d172d30fd10,botica,c6a209ae-39ac-4b9d-8fe1-68708e30ccff,154,42,2026-05-10T00:00:00
aa0cd5e1-a807-4858-8f9b-e595e43a60f4,ce9769c5-5763-474c-aaed-4d172d30fd10,botica,10fc9bf3-5ea6-4927-99d1-87df7f5934df,79,42,2026-05-10T00:00:00
2b375db1-a626-40c6-aaa2-886f0c51e647,ce9769c5-5763-474c-aaed-4d172d30fd10,botica,372afa41-92c8-417d-a5a7-e6067cd1bed0,132,42,2026-05-10T00:00:00
d54ef09b-cb00-4f91-abda-786b33d8f9f5,93098570-745e-478e-8730-6e1ad2021194,botica,7903f667-029c-41ae-b85e-992d943325b9,53,35,2026-05-10T00:00:00
2a05182b-9677-4da2-9cab-88469e4e4839,93098570-745e-478e-8730-6e1ad2021194,botica,3c93df29-79fe-4e7c-beeb-7246124add00,52,35,2026-05-10T00:00:00
d3815096-41ea-40df-a2b6-5f134d2dca60,93098570-745e-478e-8730-6e1ad2021194,botica,c6a209ae-39ac-4b9d-8fe1-68708e30ccff,165,35,2026-05-10T00:00:00
8e19b73c-4e88-40d1-9f2c-add26d59117b,93098570-745e-478e-8730-6e1ad2021194,botica,10fc9bf3-5ea6-4927-99d1-87df7f5934df,156,35,2026-05-10T00:00:00
7b533788-45eb-4802-831c-6772be65b7c0,93098570-745e-478e-8730-6e1ad2021194,botica,372afa41-92c8-417d-a5a7-e6067cd1bed0,61,35,2026-05-10T00:00:00
fa1edbd4-36f3-4952-9d9b-add620964a73,f0bdcc6f-9864-47e0-8924-5327ae436c53,botica,7903f667-029c-41ae-b85e-992d943325b9,21,15,2026-05-10T00:00:00
fb141a28-c9b5-44bb-bf80-517212a1c399,f0bdcc6f-9864-47e0-8924-5327ae436c53,botica,3c93df29-79fe-4e7c-beeb-7246124add00,71,15,2026-05-10T00:00:00
794f2b33-3ba5-44c0-b433-3f37363fce87,f0bdcc6f-9864-47e0-8924-5327ae436c53,botica,c6a209ae-39ac-4b9d-8fe1-68708e30ccff,17,15,2026-05-10T00:00:00
f2f6da01-a0ef-43bd-865a-3343a656f5f7,f0bdcc6f-9864-47e0-8924-5327ae436c53,botica,10fc9bf3-5ea6-4927-99d1-87df7f5934df,86,15,2026-05-10T00:00:00
341b53fb-a640-48a4-8ff3-001d9044993d,f0bdcc6f-9864-47e0-8924-5327ae436c53,botica,372afa41-92c8-417d-a5a7-e6067cd1bed0,71,15,2026-05-10T00:00:00
f7ba4e4f-c6b0-4539-984d-05f9a9e4545e,67779ad5-19b9-49da-ab6b-7f4669e0ba01,botica,7903f667-029c-41ae-b85e-992d943325b9,129,21,2026-05-10T00:00:00
7b23e2df-f492-427f-9198-1bcbb404c74c,67779ad5-19b9-49da-ab6b-7f4669e0ba01,botica,3c93df29-79fe-4e7c-beeb-7246124add00,68,21,2026-05-10T00:00:00
ebe834d6-afd3-423e-902c-41c5b9a72f43,67779ad5-19b9-49da-ab6b-7f4669e0ba01,botica,c6a209ae-39ac-4b9d-8fe1-68708e30ccff,161,21,2026-05-10T00:00:00
4e13d2d6-ea88-4941-83b6-d193e01c0842,67779ad5-19b9-49da-ab6b-7f4669e0ba01,botica,10fc9bf3-5ea6-4927-99d1-87df7f5934df,143,21,2026-05-10T00:00:00
1dbb42ec-2953-4f23-ab49-f9455fb9bebf,67779ad5-19b9-49da-ab6b-7f4669e0ba01,botica,372afa41-92c8-417d-a5a7-e6067cd1bed0,26,21,2026-05-10T00:00:00
