codigo_interno,nombre,tipo,ubigeo,direccion,telefono
BOT-006,Botica D&R Jesús María,botica,150113,Av. Brasil 1250,014201007
BOT-007,Botica D&R Pueblo Libre,botica,150121,Av. Bolívar 940,014201008
BOT-008,Botica D&R Magdalena,botica,150120,Av. Javier Prado Oeste 610,014201009
BOT-009,Botica D&R Lince,botica,150116,Av. Arenales 1800,014201010
BOT-010,Botica D&R Barranco,botica,150104,Av. Grau 310,014201011
BOT-011,Botica D&R Chorrillos,botica,150108,Av. Defensores del Morro 860,014201012
BOT-012,Botica D&R San Isidro,botica,150131,Av. Conquistadores 420,014201013
BOT-013,Botica D&R Breña,botica,150105,Av. Venezuela 1320,014201014
BOT-014,Botica D&R Cercado,botica,150101,Jr. De la Unión 780,014201015
BOT-015,Botica D&R Ate,botica,150103,Av. Nicolás Ayllón 4200,014201016
BOT-016,Botica D&R Santa Anita,botica,150137,Av. Los Ruiseñores 710,014201017
BOT-017,Botica D&R Los Olivos,botica,150117,Av. Carlos Izaguirre 980,014201018
BOT-018,Botica D&R Comas,botica,150110,Av. Túpac Amaru 2450,014201019
BOT-019,Botica D&R San Juan de Lurigancho,botica,150132,Av. Próceres 1800,014201020
BOT-020,Botica D&R Villa El Salvador,botica,150142,Av. Revolución 990,014201021
BOT-021,Botica D&R Villa María,botica,150143,Av. Pachacútec 1450,014201022
BOT-022,Botica D&R Rímac,botica,150128,Av. Alcázar 560,014201023
