codigo_producto,codigo_botica,cantidad,numero_lote,fecha_vencimiento,codigo_proveedor,estrategia,stock_minimo,stock_maximo
SKU-000001,BOT-006,456,INC-SKU-000001-BOT-006,2028-12-31,PROV-002,reemplazar,84,540
SKU-000002,BOT-006,184,INC-SKU-000002-BOT-006,2028-12-31,PROV-005,reemplazar,56,360
SKU-000003,BOT-006,349,INC-SKU-000003-BOT-006,2028-12-31,PROV-001,reemplazar,63,405
SKU-000004,BOT-006,216,INC-SKU-000004-BOT-006,2028-12-31,PROV-003,reemplazar,35,225
SKU-000005,BOT-006,170,INC-SKU-000005-BOT-006,2028-12-31,PROV-004,reemplazar,42,270
SKU-000006,BOT-006,209,INC-SKU-000006-BOT-006,2028-12-31,PROV-002,reemplazar,56,360
SKU-000007,BOT-006,266,INC-SKU-000007-BOT-006,2028-12-31,PROV-005,reemplazar,49,315
SKU-000008,BOT-006,86,INC-SKU-000008-BOT-006,2028-12-31,PROV-001,reemplazar,42,270
SKU-000009,BOT-006,44,INC-SKU-000009-BOT-006,2028-12-31,PROV-003,reemplazar,28,180
SKU-000010,BOT-006,48,INC-SKU-000010-BOT-006,2028-12-31,PROV-004,reemplazar,21,135
SKU-000011,BOT-006,172,INC-SKU-000011-BOT-006,2028-12-31,PROV-002,reemplazar,28,180
SKU-000012,BOT-006,197,INC-SKU-000012-BOT-006,2028-12-31,PROV-005,reemplazar,56,360
SKU-000013,BOT-006,121,INC-SKU-000013-BOT-006,2028-12-31,PROV-001,reemplazar,35,225
SKU-000014,BOT-006,288,INC-SKU-000014-BOT-006,2028-12-31,PROV-003,reemplazar,49,315
SKU-000015,BOT-006,71,INC-SKU-000015-BOT-006,2028-12-31,PROV-004,reemplazar,70,450
SKU-000016,BOT-006,181,INC-SKU-000016-BOT-006,2028-12-31,PROV-002,reemplazar,42,270
SKU-000017,BOT-006,269,INC-SKU-000017-BOT-006,2028-12-31,PROV-005,reemplazar,49,315
SKU-000018,BOT-006,100,INC-SKU-000018-BOT-006,2028-12-31,PROV-001,reemplazar,63,405
SKU-000019,BOT-006,78,INC-SKU-000019-BOT-006,2028-12-31,PROV-003,reemplazar,56,360
SKU-000020,BOT-006,129,INC-SKU-000020-BOT-006,2028-12-31,PROV-004,reemplazar,49,315
SKU-000021,BOT-006,252,INC-SKU-000021-BOT-006,2028-12-31,PROV-002,reemplazar,42,270
SKU-000022,BOT-006,96,INC-SKU-000022-BOT-006,2028-12-31,PROV-005,reemplazar,28,180
SKU-000023,BOT-006,63,INC-SKU-000023-BOT-006,2028-12-31,PROV-001,reemplazar,21,135
SKU-000024,BOT-006,204,INC-SKU-000024-BOT-006,2028-12-31,PROV-003,reemplazar,35,225
SKU-000025,BOT-006,152,INC-SKU-000025-BOT-006,2028-12-31,PROV-004,reemplazar,77,495
SKU-000026,BOT-006,304,INC-SKU-000026-BOT-006,2028-12-31,PROV-002,reemplazar,56,360
SKU-000027,BOT-006,81,INC-SKU-000027-BOT-006,2028-12-31,PROV-005,reemplazar,42,270
SKU-000028,BOT-006,51,INC-SKU-000028-BOT-006,2028-12-31,PROV-001,reemplazar,35,225
SKU-000029,BOT-006,20,INC-SKU-000029-BOT-006,2028-12-31,PROV-003,reemplazar,15,90
SKU-000030,BOT-006,114,INC-SKU-000030-BOT-006,2028-12-31,PROV-004,reemplazar,21,135
SKU-000001,BOT-007,281,INC-SKU-000001-BOT-007,2028-12-31,PROV-002,reemplazar,84,540
SKU-000002,BOT-007,71,INC-SKU-000002-BOT-007,2028-12-31,PROV-005,reemplazar,56,360
SKU-000003,BOT-007,327,INC-SKU-000003-BOT-007,2028-12-31,PROV-001,reemplazar,63,405
SKU-000004,BOT-007,206,INC-SKU-000004-BOT-007,2028-12-31,PROV-003,reemplazar,35,225
SKU-000005,BOT-007,117,INC-SKU-000005-BOT-007,2028-12-31,PROV-004,reemplazar,42,270
SKU-000006,BOT-007,330,INC-SKU-000006-BOT-007,2028-12-31,PROV-002,reemplazar,56,360
SKU-000007,BOT-007,267,INC-SKU-000007-BOT-007,2028-12-31,PROV-005,reemplazar,49,315
SKU-000008,BOT-007,252,INC-SKU-000008-BOT-007,2028-12-31,PROV-001,reemplazar,42,270
SKU-000009,BOT-007,71,INC-SKU-000009-BOT-007,2028-12-31,PROV-003,reemplazar,28,180
SKU-000010,BOT-007,31,INC-SKU-000010-BOT-007,2028-12-31,PROV-004,reemplazar,21,135
SKU-000011,BOT-007,117,INC-SKU-000011-BOT-007,2028-12-31,PROV-002,reemplazar,28,180
SKU-000012,BOT-007,315,INC-SKU-000012-BOT-007,2028-12-31,PROV-005,reemplazar,56,360
SKU-000013,BOT-007,125,INC-SKU-000013-BOT-007,2028-12-31,PROV-001,reemplazar,35,225
SKU-000014,BOT-007,184,INC-SKU-000014-BOT-007,2028-12-31,PROV-003,reemplazar,49,315
SKU-000015,BOT-007,385,INC-SKU-000015-BOT-007,2028-12-31,PROV-004,reemplazar,70,450
SKU-000016,BOT-007,203,INC-SKU-000016-BOT-007,2028-12-31,PROV-002,reemplazar,42,270
SKU-000017,BOT-007,201,INC-SKU-000017-BOT-007,2028-12-31,PROV-005,reemplazar,49,315
SKU-000018,BOT-007,117,INC-SKU-000018-BOT-007,2028-12-31,PROV-001,reemplazar,63,405
SKU-000019,BOT-007,314,INC-SKU-000019-BOT-007,2028-12-31,PROV-003,reemplazar,56,360
SKU-000020,BOT-007,298,INC-SKU-000020-BOT-007,2028-12-31,PROV-004,reemplazar,49,315
SKU-000021,BOT-007,46,INC-SKU-000021-BOT-007,2028-12-31,PROV-002,reemplazar,42,270
SKU-000022,BOT-007,157,INC-SKU-000022-BOT-007,2028-12-31,PROV-005,reemplazar,28,180
SKU-000023,BOT-007,117,INC-SKU-000023-BOT-007,2028-12-31,PROV-001,reemplazar,21,135
SKU-000024,BOT-007,170,INC-SKU-000024-BOT-007,2028-12-31,PROV-003,reemplazar,35,225
SKU-000025,BOT-007,399,INC-SKU-000025-BOT-007,2028-12-31,PROV-004,reemplazar,77,495
SKU-000026,BOT-007,63,INC-SKU-000026-BOT-007,2028-12-31,PROV-002,reemplazar,56,360
SKU-000027,BOT-007,128,INC-SKU-000027-BOT-007,2028-12-31,PROV-005,reemplazar,42,270
SKU-000028,BOT-007,58,INC-SKU-000028-BOT-007,2028-12-31,PROV-001,reemplazar,35,225
SKU-000029,BOT-007,84,INC-SKU-000029-BOT-007,2028-12-31,PROV-003,reemplazar,15,90
SKU-000030,BOT-007,81,INC-SKU-000030-BOT-007,2028-12-31,PROV-004,reemplazar,21,135
SKU-000001,BOT-008,234,INC-SKU-000001-BOT-008,2028-12-31,PROV-002,reemplazar,84,540
SKU-000002,BOT-008,136,INC-SKU-000002-BOT-008,2028-12-31,PROV-005,reemplazar,56,360
SKU-000003,BOT-008,388,INC-SKU-000003-BOT-008,2028-12-31,PROV-001,reemplazar,63,405
SKU-000004,BOT-008,211,INC-SKU-000004-BOT-008,2028-12-31,PROV-003,reemplazar,35,225
SKU-000005,BOT-008,166,INC-SKU-000005-BOT-008,2028-12-31,PROV-004,reemplazar,42,270
SKU-000006,BOT-008,346,INC-SKU-000006-BOT-008,2028-12-31,PROV-002,reemplazar,56,360
SKU-000007,BOT-008,266,INC-SKU-000007-BOT-008,2028-12-31,PROV-005,reemplazar,49,315
SKU-000008,BOT-008,234,INC-SKU-000008-BOT-008,2028-12-31,PROV-001,reemplazar,42,270
SKU-000009,BOT-008,111,INC-SKU-000009-BOT-008,2028-12-31,PROV-003,reemplazar,28,180
SKU-000010,BOT-008,68,INC-SKU-000010-BOT-008,2028-12-31,PROV-004,reemplazar,21,135
SKU-000011,BOT-008,152,INC-SKU-000011-BOT-008,2028-12-31,PROV-002,reemplazar,28,180
SKU-000012,BOT-008,338,INC-SKU-000012-BOT-008,2028-12-31,PROV-005,reemplazar,56,360
SKU-000013,BOT-008,190,INC-SKU-000013-BOT-008,2028-12-31,PROV-001,reemplazar,35,225
SKU-000014,BOT-008,230,INC-SKU-000014-BOT-008,2028-12-31,PROV-003,reemplazar,49,315
SKU-000015,BOT-008,127,INC-SKU-000015-BOT-008,2028-12-31,PROV-004,reemplazar,70,450
SKU-000016,BOT-008,250,INC-SKU-000016-BOT-008,2028-12-31,PROV-002,reemplazar,42,270
SKU-000017,BOT-008,215,INC-SKU-000017-BOT-008,2028-12-31,PROV-005,reemplazar,49,315
SKU-000018,BOT-008,208,INC-SKU-000018-BOT-008,2028-12-31,PROV-001,reemplazar,63,405
SKU-000019,BOT-008,97,INC-SKU-000019-BOT-008,2028-12-31,PROV-003,reemplazar,56,360
SKU-000020,BOT-008,113,INC-SKU-000020-BOT-008,2028-12-31,PROV-004,reemplazar,49,315
SKU-000021,BOT-008,96,INC-SKU-000021-BOT-008,2028-12-31,PROV-002,reemplazar,42,270
SKU-000022,BOT-008,160,INC-SKU-000022-BOT-008,2028-12-31,PROV-005,reemplazar,28,180
SKU-000023,BOT-008,114,INC-SKU-000023-BOT-008,2028-12-31,PROV-001,reemplazar,21,135
SKU-000024,BOT-008,217,INC-SKU-000024-BOT-008,2028-12-31,PROV-003,reemplazar,35,225
SKU-000025,BOT-008,488,INC-SKU-000025-BOT-008,2028-12-31,PROV-004,reemplazar,77,495
SKU-000026,BOT-008,125,INC-SKU-000026-BOT-008,2028-12-31,PROV-002,reemplazar,56,360
SKU-000027,BOT-008,174,INC-SKU-000027-BOT-008,2028-12-31,PROV-005,reemplazar,42,270
SKU-000028,BOT-008,101,INC-SKU-000028-BOT-008,2028-12-31,PROV-001,reemplazar,35,225
SKU-000029,BOT-008,45,INC-SKU-000029-BOT-008,2028-12-31,PROV-003,reemplazar,15,90
SKU-000030,BOT-008,122,INC-SKU-000030-BOT-008,2028-12-31,PROV-004,reemplazar,21,135
SKU-000001,BOT-009,529,INC-SKU-000001-BOT-009,2028-12-31,PROV-002,reemplazar,84,540
SKU-000002,BOT-009,130,INC-SKU-000002-BOT-009,2028-12-31,PROV-005,reemplazar,56,360
SKU-000003,BOT-009,72,INC-SKU-000003-BOT-009,2028-12-31,PROV-001,reemplazar,63,405
SKU-000004,BOT-009,62,INC-SKU-000004-BOT-009,2028-12-31,PROV-003,reemplazar,35,225
SKU-000005,BOT-009,250,INC-SKU-000005-BOT-009,2028-12-31,PROV-004,reemplazar,42,270
SKU-000006,BOT-009,68,INC-SKU-000006-BOT-009,2028-12-31,PROV-002,reemplazar,56,360
SKU-000007,BOT-009,266,INC-SKU-000007-BOT-009,2028-12-31,PROV-005,reemplazar,49,315
SKU-000008,BOT-009,49,INC-SKU-000008-BOT-009,2028-12-31,PROV-001,reemplazar,42,270
SKU-000009,BOT-009,132,INC-SKU-000009-BOT-009,2028-12-31,PROV-003,reemplazar,28,180
SKU-000010,BOT-009,88,INC-SKU-000010-BOT-009,2028-12-31,PROV-004,reemplazar,21,135
SKU-000011,BOT-009,156,INC-SKU-000011-BOT-009,2028-12-31,PROV-002,reemplazar,28,180
SKU-000012,BOT-009,304,INC-SKU-000012-BOT-009,2028-12-31,PROV-005,reemplazar,56,360
SKU-000013,BOT-009,166,INC-SKU-000013-BOT-009,2028-12-31,PROV-001,reemplazar,35,225
SKU-000014,BOT-009,289,INC-SKU-000014-BOT-009,2028-12-31,PROV-003,reemplazar,49,315
SKU-000015,BOT-009,252,INC-SKU-000015-BOT-009,2028-12-31,PROV-004,reemplazar,70,450
SKU-000016,BOT-009,86,INC-SKU-000016-BOT-009,2028-12-31,PROV-002,reemplazar,42,270
SKU-000017,BOT-009,266,INC-SKU-000017-BOT-009,2028-12-31,PROV-005,reemplazar,49,315
SKU-000018,BOT-009,307,INC-SKU-000018-BOT-009,2028-12-31,PROV-001,reemplazar,63,405
SKU-000019,BOT-009,199,INC-SKU-000019-BOT-009,2028-12-31,PROV-003,reemplazar,56,360
SKU-000020,BOT-009,214,INC-SKU-000020-BOT-009,2028-12-31,PROV-004,reemplazar,49,315
SKU-000021,BOT-009,158,INC-SKU-000021-BOT-009,2028-12-31,PROV-002,reemplazar,42,270
SKU-000022,BOT-009,124,INC-SKU-000022-BOT-009,2028-12-31,PROV-005,reemplazar,28,180
SKU-000023,BOT-009,130,INC-SKU-000023-BOT-009,2028-12-31,PROV-001,reemplazar,21,135
SKU-000024,BOT-009,86,INC-SKU-000024-BOT-009,2028-12-31,PROV-003,reemplazar,35,225
SKU-000025,BOT-009,116,INC-SKU-000025-BOT-009,2028-12-31,PROV-004,reemplazar,77,495
SKU-000026,BOT-009,194,INC-SKU-000026-BOT-009,2028-12-31,PROV-002,reemplazar,56,360
SKU-000027,BOT-009,246,INC-SKU-000027-BOT-009,2028-12-31,PROV-005,reemplazar,42,270
SKU-000028,BOT-009,190,INC-SKU-000028-BOT-009,2028-12-31,PROV-001,reemplazar,35,225
SKU-000029,BOT-009,75,INC-SKU-000029-BOT-009,2028-12-31,PROV-003,reemplazar,15,90
SKU-000030,BOT-009,52,INC-SKU-000030-BOT-009,2028-12-31,PROV-004,reemplazar,21,135
SKU-000001,BOT-010,462,INC-SKU-000001-BOT-010,2028-12-31,PROV-002,reemplazar,84,540
SKU-000002,BOT-010,89,INC-SKU-000002-BOT-010,2028-12-31,PROV-005,reemplazar,56,360
SKU-000003,BOT-010,103,INC-SKU-000003-BOT-010,2028-12-31,PROV-001,reemplazar,63,405
SKU-000004,BOT-010,101,INC-SKU-000004-BOT-010,2028-12-31,PROV-003,reemplazar,35,225
SKU-000005,BOT-010,68,INC-SKU-000005-BOT-010,2028-12-31,PROV-004,reemplazar,42,270
SKU-000006,BOT-010,69,INC-SKU-000006-BOT-010,2028-12-31,PROV-002,reemplazar,56,360
SKU-000007,BOT-010,275,INC-SKU-000007-BOT-010,2028-12-31,PROV-005,reemplazar,49,315
SKU-000008,BOT-010,62,INC-SKU-000008-BOT-010,2028-12-31,PROV-001,reemplazar,42,270
SKU-000009,BOT-010,46,INC-SKU-000009-BOT-010,2028-12-31,PROV-003,reemplazar,28,180
SKU-000010,BOT-010,129,INC-SKU-000010-BOT-010,2028-12-31,PROV-004,reemplazar,21,135
SKU-000011,BOT-010,32,INC-SKU-000011-BOT-010,2028-12-31,PROV-002,reemplazar,28,180
SKU-000012,BOT-010,178,INC-SKU-000012-BOT-010,2028-12-31,PROV-005,reemplazar,56,360
SKU-000013,BOT-010,190,INC-SKU-000013-BOT-010,2028-12-31,PROV-001,reemplazar,35,225
SKU-000014,BOT-010,86,INC-SKU-000014-BOT-010,2028-12-31,PROV-003,reemplazar,49,315
SKU-000015,BOT-010,348,INC-SKU-000015-BOT-010,2028-12-31,PROV-004,reemplazar,70,450
SKU-000016,BOT-010,176,INC-SKU-000016-BOT-010,2028-12-31,PROV-002,reemplazar,42,270
SKU-000017,BOT-010,296,INC-SKU-000017-BOT-010,2028-12-31,PROV-005,reemplazar,49,315
SKU-000018,BOT-010,369,INC-SKU-000018-BOT-010,2028-12-31,PROV-001,reemplazar,63,405
SKU-000019,BOT-010,304,INC-SKU-000019-BOT-010,2028-12-31,PROV-003,reemplazar,56,360
SKU-000020,BOT-010,287,INC-SKU-000020-BOT-010,2028-12-31,PROV-004,reemplazar,49,315
SKU-000021,BOT-010,179,INC-SKU-000021-BOT-010,2028-12-31,PROV-002,reemplazar,42,270
SKU-000022,BOT-010,112,INC-SKU-000022-BOT-010,2028-12-31,PROV-005,reemplazar,28,180
SKU-000023,BOT-010,58,INC-SKU-000023-BOT-010,2028-12-31,PROV-001,reemplazar,21,135
SKU-000024,BOT-010,132,INC-SKU-000024-BOT-010,2028-12-31,PROV-003,reemplazar,35,225
SKU-000025,BOT-010,206,INC-SKU-000025-BOT-010,2028-12-31,PROV-004,reemplazar,77,495
SKU-000026,BOT-010,304,INC-SKU-000026-BOT-010,2028-12-31,PROV-002,reemplazar,56,360
SKU-000027,BOT-010,109,INC-SKU-000027-BOT-010,2028-12-31,PROV-005,reemplazar,42,270
SKU-000028,BOT-010,54,INC-SKU-000028-BOT-010,2028-12-31,PROV-001,reemplazar,35,225
SKU-000029,BOT-010,28,INC-SKU-000029-BOT-010,2028-12-31,PROV-003,reemplazar,15,90
SKU-000030,BOT-010,83,INC-SKU-000030-BOT-010,2028-12-31,PROV-004,reemplazar,21,135
SKU-000001,BOT-011,456,INC-SKU-000001-BOT-011,2028-12-31,PROV-002,reemplazar,84,540
SKU-000002,BOT-011,191,INC-SKU-000002-BOT-011,2028-12-31,PROV-005,reemplazar,56,360
SKU-000003,BOT-011,163,INC-SKU-000003-BOT-011,2028-12-31,PROV-001,reemplazar,63,405
SKU-000004,BOT-011,145,INC-SKU-000004-BOT-011,2028-12-31,PROV-003,reemplazar,35,225
SKU-000005,BOT-011,121,INC-SKU-000005-BOT-011,2028-12-31,PROV-004,reemplazar,42,270
SKU-000006,BOT-011,140,INC-SKU-000006-BOT-011,2028-12-31,PROV-002,reemplazar,56,360
SKU-000007,BOT-011,86,INC-SKU-000007-BOT-011,2028-12-31,PROV-005,reemplazar,49,315
SKU-000008,BOT-011,114,INC-SKU-000008-BOT-011,2028-12-31,PROV-001,reemplazar,42,270
SKU-000009,BOT-011,36,INC-SKU-000009-BOT-011,2028-12-31,PROV-003,reemplazar,28,180
SKU-000010,BOT-011,46,INC-SKU-000010-BOT-011,2028-12-31,PROV-004,reemplazar,21,135
SKU-000011,BOT-011,65,INC-SKU-000011-BOT-011,2028-12-31,PROV-002,reemplazar,28,180
SKU-000012,BOT-011,173,INC-SKU-000012-BOT-011,2028-12-31,PROV-005,reemplazar,56,360
SKU-000013,BOT-011,207,INC-SKU-000013-BOT-011,2028-12-31,PROV-001,reemplazar,35,225
SKU-000014,BOT-011,105,INC-SKU-000014-BOT-011,2028-12-31,PROV-003,reemplazar,49,315
SKU-000015,BOT-011,96,INC-SKU-000015-BOT-011,2028-12-31,PROV-004,reemplazar,70,450
SKU-000016,BOT-011,206,INC-SKU-000016-BOT-011,2028-12-31,PROV-002,reemplazar,42,270
SKU-000017,BOT-011,97,INC-SKU-000017-BOT-011,2028-12-31,PROV-005,reemplazar,49,315
SKU-000018,BOT-011,181,INC-SKU-000018-BOT-011,2028-12-31,PROV-001,reemplazar,63,405
SKU-000019,BOT-011,100,INC-SKU-000019-BOT-011,2028-12-31,PROV-003,reemplazar,56,360
SKU-000020,BOT-011,56,INC-SKU-000020-BOT-011,2028-12-31,PROV-004,reemplazar,49,315
SKU-000021,BOT-011,245,INC-SKU-000021-BOT-011,2028-12-31,PROV-002,reemplazar,42,270
SKU-000022,BOT-011,152,INC-SKU-000022-BOT-011,2028-12-31,PROV-005,reemplazar,28,180
SKU-000023,BOT-011,89,INC-SKU-000023-BOT-011,2028-12-31,PROV-001,reemplazar,21,135
SKU-000024,BOT-011,193,INC-SKU-000024-BOT-011,2028-12-31,PROV-003,reemplazar,35,225
SKU-000025,BOT-011,357,INC-SKU-000025-BOT-011,2028-12-31,PROV-004,reemplazar,77,495
SKU-000026,BOT-011,135,INC-SKU-000026-BOT-011,2028-12-31,PROV-002,reemplazar,56,360
SKU-000027,BOT-011,203,INC-SKU-000027-BOT-011,2028-12-31,PROV-005,reemplazar,42,270
SKU-000028,BOT-011,141,INC-SKU-000028-BOT-011,2028-12-31,PROV-001,reemplazar,35,225
SKU-000029,BOT-011,48,INC-SKU-000029-BOT-011,2028-12-31,PROV-003,reemplazar,15,90
SKU-000030,BOT-011,39,INC-SKU-000030-BOT-011,2028-12-31,PROV-004,reemplazar,21,135
SKU-000001,BOT-012,292,INC-SKU-000001-BOT-012,2028-12-31,PROV-002,reemplazar,84,540
SKU-000002,BOT-012,71,INC-SKU-000002-BOT-012,2028-12-31,PROV-005,reemplazar,56,360
SKU-000003,BOT-012,146,INC-SKU-000003-BOT-012,2028-12-31,PROV-001,reemplazar,63,405
SKU-000004,BOT-012,190,INC-SKU-000004-BOT-012,2028-12-31,PROV-003,reemplazar,35,225
SKU-000005,BOT-012,205,INC-SKU-000005-BOT-012,2028-12-31,PROV-004,reemplazar,42,270
SKU-000006,BOT-012,213,INC-SKU-000006-BOT-012,2028-12-31,PROV-002,reemplazar,56,360
SKU-000007,BOT-012,266,INC-SKU-000007-BOT-012,2028-12-31,PROV-005,reemplazar,49,315
SKU-000008,BOT-012,173,INC-SKU-000008-BOT-012,2028-12-31,PROV-001,reemplazar,42,270
SKU-000009,BOT-012,77,INC-SKU-000009-BOT-012,2028-12-31,PROV-003,reemplazar,28,180
SKU-000010,BOT-012,81,INC-SKU-000010-BOT-012,2028-12-31,PROV-004,reemplazar,21,135
SKU-000011,BOT-012,82,INC-SKU-000011-BOT-012,2028-12-31,PROV-002,reemplazar,28,180
SKU-000012,BOT-012,207,INC-SKU-000012-BOT-012,2028-12-31,PROV-005,reemplazar,56,360
SKU-000013,BOT-012,61,INC-SKU-000013-BOT-012,2028-12-31,PROV-001,reemplazar,35,225
SKU-000014,BOT-012,135,INC-SKU-000014-BOT-012,2028-12-31,PROV-003,reemplazar,49,315
SKU-000015,BOT-012,209,INC-SKU-000015-BOT-012,2028-12-31,PROV-004,reemplazar,70,450
SKU-000016,BOT-012,256,INC-SKU-000016-BOT-012,2028-12-31,PROV-002,reemplazar,42,270
SKU-000017,BOT-012,135,INC-SKU-000017-BOT-012,2028-12-31,PROV-005,reemplazar,49,315
SKU-000018,BOT-012,224,INC-SKU-000018-BOT-012,2028-12-31,PROV-001,reemplazar,63,405
SKU-000019,BOT-012,164,INC-SKU-000019-BOT-012,2028-12-31,PROV-003,reemplazar,56,360
SKU-000020,BOT-012,135,INC-SKU-000020-BOT-012,2028-12-31,PROV-004,reemplazar,49,315
SKU-000021,BOT-012,96,INC-SKU-000021-BOT-012,2028-12-31,PROV-002,reemplazar,42,270
SKU-000022,BOT-012,97,INC-SKU-000022-BOT-012,2028-12-31,PROV-005,reemplazar,28,180
SKU-000023,BOT-012,80,INC-SKU-000023-BOT-012,2028-12-31,PROV-001,reemplazar,21,135
SKU-000024,BOT-012,48,INC-SKU-000024-BOT-012,2028-12-31,PROV-003,reemplazar,35,225
SKU-000025,BOT-012,110,INC-SKU-000025-BOT-012,2028-12-31,PROV-004,reemplazar,77,495
SKU-000026,BOT-012,209,INC-SKU-000026-BOT-012,2028-12-31,PROV-002,reemplazar,56,360
SKU-000027,BOT-012,245,INC-SKU-000027-BOT-012,2028-12-31,PROV-005,reemplazar,42,270
SKU-000028,BOT-012,190,INC-SKU-000028-BOT-012,2028-12-31,PROV-001,reemplazar,35,225
SKU-000029,BOT-012,17,INC-SKU-000029-BOT-012,2028-12-31,PROV-003,reemplazar,15,90
SKU-000030,BOT-012,89,INC-SKU-000030-BOT-012,2028-12-31,PROV-004,reemplazar,21,135
SKU-000001,BOT-013,456,INC-SKU-000001-BOT-013,2028-12-31,PROV-002,reemplazar,84,540
SKU-000002,BOT-013,182,INC-SKU-000002-BOT-013,2028-12-31,PROV-005,reemplazar,56,360
SKU-000003,BOT-013,342,INC-SKU-000003-BOT-013,2028-12-31,PROV-001,reemplazar,63,405
SKU-000004,BOT-013,93,INC-SKU-000004-BOT-013,2028-12-31,PROV-003,reemplazar,35,225
SKU-000005,BOT-013,265,INC-SKU-000005-BOT-013,2028-12-31,PROV-004,reemplazar,42,270
SKU-000006,BOT-013,112,INC-SKU-000006-BOT-013,2028-12-31,PROV-002,reemplazar,56,360
SKU-000007,BOT-013,266,INC-SKU-000007-BOT-013,2028-12-31,PROV-005,reemplazar,49,315
SKU-000008,BOT-013,85,INC-SKU-000008-BOT-013,2028-12-31,PROV-001,reemplazar,42,270
SKU-000009,BOT-013,111,INC-SKU-000009-BOT-013,2028-12-31,PROV-003,reemplazar,28,180
SKU-000010,BOT-013,114,INC-SKU-000010-BOT-013,2028-12-31,PROV-004,reemplazar,21,135
SKU-000011,BOT-013,168,INC-SKU-000011-BOT-013,2028-12-31,PROV-002,reemplazar,28,180
SKU-000012,BOT-013,56,INC-SKU-000012-BOT-013,2028-12-31,PROV-005,reemplazar,56,360
SKU-000013,BOT-013,120,INC-SKU-000013-BOT-013,2028-12-31,PROV-001,reemplazar,35,225
SKU-000014,BOT-013,177,INC-SKU-000014-BOT-013,2028-12-31,PROV-003,reemplazar,49,315
SKU-000015,BOT-013,380,INC-SKU-000015-BOT-013,2028-12-31,PROV-004,reemplazar,70,450
SKU-000016,BOT-013,111,INC-SKU-000016-BOT-013,2028-12-31,PROV-002,reemplazar,42,270
SKU-000017,BOT-013,266,INC-SKU-000017-BOT-013,2028-12-31,PROV-005,reemplazar,49,315
SKU-000018,BOT-013,342,INC-SKU-000018-BOT-013,2028-12-31,PROV-001,reemplazar,63,405
SKU-000019,BOT-013,238,INC-SKU-000019-BOT-013,2028-12-31,PROV-003,reemplazar,56,360
SKU-000020,BOT-013,266,INC-SKU-000020-BOT-013,2028-12-31,PROV-004,reemplazar,49,315
SKU-000021,BOT-013,112,INC-SKU-000021-BOT-013,2028-12-31,PROV-002,reemplazar,42,270
SKU-000022,BOT-013,41,INC-SKU-000022-BOT-013,2028-12-31,PROV-005,reemplazar,28,180
SKU-000023,BOT-013,130,INC-SKU-000023-BOT-013,2028-12-31,PROV-001,reemplazar,21,135
SKU-000024,BOT-013,138,INC-SKU-000024-BOT-013,2028-12-31,PROV-003,reemplazar,35,225
SKU-000025,BOT-013,280,INC-SKU-000025-BOT-013,2028-12-31,PROV-004,reemplazar,77,495
SKU-000026,BOT-013,246,INC-SKU-000026-BOT-013,2028-12-31,PROV-002,reemplazar,56,360
SKU-000027,BOT-013,69,INC-SKU-000027-BOT-013,2028-12-31,PROV-005,reemplazar,42,270
SKU-000028,BOT-013,137,INC-SKU-000028-BOT-013,2028-12-31,PROV-001,reemplazar,35,225
SKU-000029,BOT-013,56,INC-SKU-000029-BOT-013,2028-12-31,PROV-003,reemplazar,15,90
SKU-000030,BOT-013,116,INC-SKU-000030-BOT-013,2028-12-31,PROV-004,reemplazar,21,135
SKU-000001,BOT-014,89,INC-SKU-000001-BOT-014,2028-12-31,PROV-002,reemplazar,84,540
SKU-000002,BOT-014,223,INC-SKU-000002-BOT-014,2028-12-31,PROV-005,reemplazar,56,360
SKU-000003,BOT-014,128,INC-SKU-000003-BOT-014,2028-12-31,PROV-001,reemplazar,63,405
SKU-000004,BOT-014,94,INC-SKU-000004-BOT-014,2028-12-31,PROV-003,reemplazar,35,225
SKU-000005,BOT-014,43,INC-SKU-000005-BOT-014,2028-12-31,PROV-004,reemplazar,42,270
SKU-000006,BOT-014,238,INC-SKU-000006-BOT-014,2028-12-31,PROV-002,reemplazar,56,360
SKU-000007,BOT-014,124,INC-SKU-000007-BOT-014,2028-12-31,PROV-005,reemplazar,49,315
SKU-000008,BOT-014,125,INC-SKU-000008-BOT-014,2028-12-31,PROV-001,reemplazar,42,270
SKU-000009,BOT-014,172,INC-SKU-000009-BOT-014,2028-12-31,PROV-003,reemplazar,28,180
SKU-000010,BOT-014,114,INC-SKU-000010-BOT-014,2028-12-31,PROV-004,reemplazar,21,135
SKU-000011,BOT-014,59,INC-SKU-000011-BOT-014,2028-12-31,PROV-002,reemplazar,28,180
SKU-000012,BOT-014,207,INC-SKU-000012-BOT-014,2028-12-31,PROV-005,reemplazar,56,360
SKU-000013,BOT-014,54,INC-SKU-000013-BOT-014,2028-12-31,PROV-001,reemplazar,35,225
SKU-000014,BOT-014,102,INC-SKU-000014-BOT-014,2028-12-31,PROV-003,reemplazar,49,315
SKU-000015,BOT-014,278,INC-SKU-000015-BOT-014,2028-12-31,PROV-004,reemplazar,70,450
SKU-000016,BOT-014,122,INC-SKU-000016-BOT-014,2028-12-31,PROV-002,reemplazar,42,270
SKU-000017,BOT-014,299,INC-SKU-000017-BOT-014,2028-12-31,PROV-005,reemplazar,49,315
SKU-000018,BOT-014,299,INC-SKU-000018-BOT-014,2028-12-31,PROV-001,reemplazar,63,405
SKU-000019,BOT-014,172,INC-SKU-000019-BOT-014,2028-12-31,PROV-003,reemplazar,56,360
SKU-000020,BOT-014,184,INC-SKU-000020-BOT-014,2028-12-31,PROV-004,reemplazar,49,315
SKU-000021,BOT-014,173,INC-SKU-000021-BOT-014,2028-12-31,PROV-002,reemplazar,42,270
SKU-000022,BOT-014,80,INC-SKU-000022-BOT-014,2028-12-31,PROV-005,reemplazar,28,180
SKU-000023,BOT-014,81,INC-SKU-000023-BOT-014,2028-12-31,PROV-001,reemplazar,21,135
SKU-000024,BOT-014,154,INC-SKU-000024-BOT-014,2028-12-31,PROV-003,reemplazar,35,225
SKU-000025,BOT-014,388,INC-SKU-000025-BOT-014,2028-12-31,PROV-004,reemplazar,77,495
SKU-000026,BOT-014,345,INC-SKU-000026-BOT-014,2028-12-31,PROV-002,reemplazar,56,360
SKU-000027,BOT-014,153,INC-SKU-000027-BOT-014,2028-12-31,PROV-005,reemplazar,42,270
SKU-000028,BOT-014,75,INC-SKU-000028-BOT-014,2028-12-31,PROV-001,reemplazar,35,225
SKU-000029,BOT-014,77,INC-SKU-000029-BOT-014,2028-12-31,PROV-003,reemplazar,15,90
SKU-000030,BOT-014,45,INC-SKU-000030-BOT-014,2028-12-31,PROV-004,reemplazar,21,135
SKU-000001,BOT-015,490,INC-SKU-000001-BOT-015,2028-12-31,PROV-002,reemplazar,84,540
SKU-000002,BOT-015,245,INC-SKU-000002-BOT-015,2028-12-31,PROV-005,reemplazar,56,360
SKU-000003,BOT-015,179,INC-SKU-000003-BOT-015,2028-12-31,PROV-001,reemplazar,63,405
SKU-000004,BOT-015,150,INC-SKU-000004-BOT-015,2028-12-31,PROV-003,reemplazar,35,225
SKU-000005,BOT-015,98,INC-SKU-000005-BOT-015,2028-12-31,PROV-004,reemplazar,42,270
SKU-000006,BOT-015,234,INC-SKU-000006-BOT-015,2028-12-31,PROV-002,reemplazar,56,360
SKU-000007,BOT-015,156,INC-SKU-000007-BOT-015,2028-12-31,PROV-005,reemplazar,49,315
SKU-000008,BOT-015,124,INC-SKU-000008-BOT-015,2028-12-31,PROV-001,reemplazar,42,270
SKU-000009,BOT-015,42,INC-SKU-000009-BOT-015,2028-12-31,PROV-003,reemplazar,28,180
SKU-000010,BOT-015,34,INC-SKU-000010-BOT-015,2028-12-31,PROV-004,reemplazar,21,135
SKU-000011,BOT-015,89,INC-SKU-000011-BOT-015,2028-12-31,PROV-002,reemplazar,28,180
SKU-000012,BOT-015,217,INC-SKU-000012-BOT-015,2028-12-31,PROV-005,reemplazar,56,360
SKU-000013,BOT-015,84,INC-SKU-000013-BOT-015,2028-12-31,PROV-001,reemplazar,35,225
SKU-000014,BOT-015,166,INC-SKU-000014-BOT-015,2028-12-31,PROV-003,reemplazar,49,315
SKU-000015,BOT-015,396,INC-SKU-000015-BOT-015,2028-12-31,PROV-004,reemplazar,70,450
SKU-000016,BOT-015,139,INC-SKU-000016-BOT-015,2028-12-31,PROV-002,reemplazar,42,270
SKU-000017,BOT-015,126,INC-SKU-000017-BOT-015,2028-12-31,PROV-005,reemplazar,49,315
SKU-000018,BOT-015,388,INC-SKU-000018-BOT-015,2028-12-31,PROV-001,reemplazar,63,405
SKU-000019,BOT-015,266,INC-SKU-000019-BOT-015,2028-12-31,PROV-003,reemplazar,56,360
SKU-000020,BOT-015,268,INC-SKU-000020-BOT-015,2028-12-31,PROV-004,reemplazar,49,315
SKU-000021,BOT-015,222,INC-SKU-000021-BOT-015,2028-12-31,PROV-002,reemplazar,42,270
SKU-000022,BOT-015,107,INC-SKU-000022-BOT-015,2028-12-31,PROV-005,reemplazar,28,180
SKU-000023,BOT-015,106,INC-SKU-000023-BOT-015,2028-12-31,PROV-001,reemplazar,21,135
SKU-000024,BOT-015,209,INC-SKU-000024-BOT-015,2028-12-31,PROV-003,reemplazar,35,225
SKU-000025,BOT-015,462,INC-SKU-000025-BOT-015,2028-12-31,PROV-004,reemplazar,77,495
SKU-000026,BOT-015,182,INC-SKU-000026-BOT-015,2028-12-31,PROV-002,reemplazar,56,360
SKU-000027,BOT-015,207,INC-SKU-000027-BOT-015,2028-12-31,PROV-005,reemplazar,42,270
SKU-000028,BOT-015,88,INC-SKU-000028-BOT-015,2028-12-31,PROV-001,reemplazar,35,225
SKU-000029,BOT-015,29,INC-SKU-000029-BOT-015,2028-12-31,PROV-003,reemplazar,15,90
SKU-000030,BOT-015,90,INC-SKU-000030-BOT-015,2028-12-31,PROV-004,reemplazar,21,135
SKU-000001,BOT-016,497,INC-SKU-000001-BOT-016,2028-12-31,PROV-002,reemplazar,84,540
SKU-000002,BOT-016,304,INC-SKU-000002-BOT-016,2028-12-31,PROV-005,reemplazar,56,360
SKU-000003,BOT-016,257,INC-SKU-000003-BOT-016,2028-12-31,PROV-001,reemplazar,63,405
SKU-000004,BOT-016,205,INC-SKU-000004-BOT-016,2028-12-31,PROV-003,reemplazar,35,225
SKU-000005,BOT-016,158,INC-SKU-000005-BOT-016,2028-12-31,PROV-004,reemplazar,42,270
SKU-000006,BOT-016,304,INC-SKU-000006-BOT-016,2028-12-31,PROV-002,reemplazar,56,360
SKU-000007,BOT-016,146,INC-SKU-000007-BOT-016,2028-12-31,PROV-005,reemplazar,49,315
SKU-000008,BOT-016,169,INC-SKU-000008-BOT-016,2028-12-31,PROV-001,reemplazar,42,270
SKU-000009,BOT-016,116,INC-SKU-000009-BOT-016,2028-12-31,PROV-003,reemplazar,28,180
SKU-000010,BOT-016,61,INC-SKU-000010-BOT-016,2028-12-31,PROV-004,reemplazar,21,135
SKU-000011,BOT-016,136,INC-SKU-000011-BOT-016,2028-12-31,PROV-002,reemplazar,28,180
SKU-000012,BOT-016,182,INC-SKU-000012-BOT-016,2028-12-31,PROV-005,reemplazar,56,360
SKU-000013,BOT-016,79,INC-SKU-000013-BOT-016,2028-12-31,PROV-001,reemplazar,35,225
SKU-000014,BOT-016,194,INC-SKU-000014-BOT-016,2028-12-31,PROV-003,reemplazar,49,315
SKU-000015,BOT-016,79,INC-SKU-000015-BOT-016,2028-12-31,PROV-004,reemplazar,70,450
SKU-000016,BOT-016,181,INC-SKU-000016-BOT-016,2028-12-31,PROV-002,reemplazar,42,270
SKU-000017,BOT-016,155,INC-SKU-000017-BOT-016,2028-12-31,PROV-005,reemplazar,49,315
SKU-000018,BOT-016,134,INC-SKU-000018-BOT-016,2028-12-31,PROV-001,reemplazar,63,405
SKU-000019,BOT-016,69,INC-SKU-000019-BOT-016,2028-12-31,PROV-003,reemplazar,56,360
SKU-000020,BOT-016,93,INC-SKU-000020-BOT-016,2028-12-31,PROV-004,reemplazar,49,315
SKU-000021,BOT-016,83,INC-SKU-000021-BOT-016,2028-12-31,PROV-002,reemplazar,42,270
SKU-000022,BOT-016,103,INC-SKU-000022-BOT-016,2028-12-31,PROV-005,reemplazar,28,180
SKU-000023,BOT-016,21,INC-SKU-000023-BOT-016,2028-12-31,PROV-001,reemplazar,21,135
SKU-000024,BOT-016,75,INC-SKU-000024-BOT-016,2028-12-31,PROV-003,reemplazar,35,225
SKU-000025,BOT-016,189,INC-SKU-000025-BOT-016,2028-12-31,PROV-004,reemplazar,77,495
SKU-000026,BOT-016,238,INC-SKU-000026-BOT-016,2028-12-31,PROV-002,reemplazar,56,360
SKU-000027,BOT-016,188,INC-SKU-000027-BOT-016,2028-12-31,PROV-005,reemplazar,42,270
SKU-000028,BOT-016,131,INC-SKU-000028-BOT-016,2028-12-31,PROV-001,reemplazar,35,225
SKU-000029,BOT-016,47,INC-SKU-000029-BOT-016,2028-12-31,PROV-003,reemplazar,15,90
SKU-000030,BOT-016,23,INC-SKU-000030-BOT-016,2028-12-31,PROV-004,reemplazar,21,135
SKU-000001,BOT-017,133,INC-SKU-000001-BOT-017,2028-12-31,PROV-002,reemplazar,84,540
SKU-000002,BOT-017,304,INC-SKU-000002-BOT-017,2028-12-31,PROV-005,reemplazar,56,360
SKU-000003,BOT-017,284,INC-SKU-000003-BOT-017,2028-12-31,PROV-001,reemplazar,63,405
SKU-000004,BOT-017,46,INC-SKU-000004-BOT-017,2028-12-31,PROV-003,reemplazar,35,225
SKU-000005,BOT-017,233,INC-SKU-000005-BOT-017,2028-12-31,PROV-004,reemplazar,42,270
SKU-000006,BOT-017,304,INC-SKU-000006-BOT-017,2028-12-31,PROV-002,reemplazar,56,360
SKU-000007,BOT-017,184,INC-SKU-000007-BOT-017,2028-12-31,PROV-005,reemplazar,49,315
SKU-000008,BOT-017,166,INC-SKU-000008-BOT-017,2028-12-31,PROV-001,reemplazar,42,270
SKU-000009,BOT-017,118,INC-SKU-000009-BOT-017,2028-12-31,PROV-003,reemplazar,28,180
SKU-000010,BOT-017,90,INC-SKU-000010-BOT-017,2028-12-31,PROV-004,reemplazar,21,135
SKU-000011,BOT-017,152,INC-SKU-000011-BOT-017,2028-12-31,PROV-002,reemplazar,28,180
SKU-000012,BOT-017,231,INC-SKU-000012-BOT-017,2028-12-31,PROV-005,reemplazar,56,360
SKU-000013,BOT-017,105,INC-SKU-000013-BOT-017,2028-12-31,PROV-001,reemplazar,35,225
SKU-000014,BOT-017,191,INC-SKU-000014-BOT-017,2028-12-31,PROV-003,reemplazar,49,315
SKU-000015,BOT-017,193,INC-SKU-000015-BOT-017,2028-12-31,PROV-004,reemplazar,70,450
SKU-000016,BOT-017,228,INC-SKU-000016-BOT-017,2028-12-31,PROV-002,reemplazar,42,270
SKU-000017,BOT-017,189,INC-SKU-000017-BOT-017,2028-12-31,PROV-005,reemplazar,49,315
SKU-000018,BOT-017,265,INC-SKU-000018-BOT-017,2028-12-31,PROV-001,reemplazar,63,405
SKU-000019,BOT-017,139,INC-SKU-000019-BOT-017,2028-12-31,PROV-003,reemplazar,56,360
SKU-000020,BOT-017,231,INC-SKU-000020-BOT-017,2028-12-31,PROV-004,reemplazar,49,315
SKU-000021,BOT-017,152,INC-SKU-000021-BOT-017,2028-12-31,PROV-002,reemplazar,42,270
SKU-000022,BOT-017,109,INC-SKU-000022-BOT-017,2028-12-31,PROV-005,reemplazar,28,180
SKU-000023,BOT-017,45,INC-SKU-000023-BOT-017,2028-12-31,PROV-001,reemplazar,21,135
SKU-000024,BOT-017,168,INC-SKU-000024-BOT-017,2028-12-31,PROV-003,reemplazar,35,225
SKU-000025,BOT-017,293,INC-SKU-000025-BOT-017,2028-12-31,PROV-004,reemplazar,77,495
SKU-000026,BOT-017,280,INC-SKU-000026-BOT-017,2028-12-31,PROV-002,reemplazar,56,360
SKU-000027,BOT-017,269,INC-SKU-000027-BOT-017,2028-12-31,PROV-005,reemplazar,42,270
SKU-000028,BOT-017,190,INC-SKU-000028-BOT-017,2028-12-31,PROV-001,reemplazar,35,225
SKU-000029,BOT-017,75,INC-SKU-000029-BOT-017,2028-12-31,PROV-003,reemplazar,15,90
SKU-000030,BOT-017,63,INC-SKU-000030-BOT-017,2028-12-31,PROV-004,reemplazar,21,135
SKU-000001,BOT-018,296,INC-SKU-000001-BOT-018,2028-12-31,PROV-002,reemplazar,84,540
SKU-000002,BOT-018,77,INC-SKU-000002-BOT-018,2028-12-31,PROV-005,reemplazar,56,360
SKU-000003,BOT-018,373,INC-SKU-000003-BOT-018,2028-12-31,PROV-001,reemplazar,63,405
SKU-000004,BOT-018,99,INC-SKU-000004-BOT-018,2028-12-31,PROV-003,reemplazar,35,225
SKU-000005,BOT-018,114,INC-SKU-000005-BOT-018,2028-12-31,PROV-004,reemplazar,42,270
SKU-000006,BOT-018,124,INC-SKU-000006-BOT-018,2028-12-31,PROV-002,reemplazar,56,360
SKU-000007,BOT-018,266,INC-SKU-000007-BOT-018,2028-12-31,PROV-005,reemplazar,49,315
SKU-000008,BOT-018,251,INC-SKU-000008-BOT-018,2028-12-31,PROV-001,reemplazar,42,270
SKU-000009,BOT-018,152,INC-SKU-000009-BOT-018,2028-12-31,PROV-003,reemplazar,28,180
SKU-000010,BOT-018,122,INC-SKU-000010-BOT-018,2028-12-31,PROV-004,reemplazar,21,135
SKU-000011,BOT-018,155,INC-SKU-000011-BOT-018,2028-12-31,PROV-002,reemplazar,28,180
SKU-000012,BOT-018,216,INC-SKU-000012-BOT-018,2028-12-31,PROV-005,reemplazar,56,360
SKU-000013,BOT-018,70,INC-SKU-000013-BOT-018,2028-12-31,PROV-001,reemplazar,35,225
SKU-000014,BOT-018,266,INC-SKU-000014-BOT-018,2028-12-31,PROV-003,reemplazar,49,315
SKU-000015,BOT-018,284,INC-SKU-000015-BOT-018,2028-12-31,PROV-004,reemplazar,70,450
SKU-000016,BOT-018,80,INC-SKU-000016-BOT-018,2028-12-31,PROV-002,reemplazar,42,270
SKU-000017,BOT-018,202,INC-SKU-000017-BOT-018,2028-12-31,PROV-005,reemplazar,49,315
SKU-000018,BOT-018,342,INC-SKU-000018-BOT-018,2028-12-31,PROV-001,reemplazar,63,405
SKU-000019,BOT-018,306,INC-SKU-000019-BOT-018,2028-12-31,PROV-003,reemplazar,56,360
SKU-000020,BOT-018,314,INC-SKU-000020-BOT-018,2028-12-31,PROV-004,reemplazar,49,315
SKU-000021,BOT-018,228,INC-SKU-000021-BOT-018,2028-12-31,PROV-002,reemplazar,42,270
SKU-000022,BOT-018,47,INC-SKU-000022-BOT-018,2028-12-31,PROV-005,reemplazar,28,180
SKU-000023,BOT-018,114,INC-SKU-000023-BOT-018,2028-12-31,PROV-001,reemplazar,21,135
SKU-000024,BOT-018,221,INC-SKU-000024-BOT-018,2028-12-31,PROV-003,reemplazar,35,225
SKU-000025,BOT-018,293,INC-SKU-000025-BOT-018,2028-12-31,PROV-004,reemplazar,77,495
SKU-000026,BOT-018,345,INC-SKU-000026-BOT-018,2028-12-31,PROV-002,reemplazar,56,360
SKU-000027,BOT-018,106,INC-SKU-000027-BOT-018,2028-12-31,PROV-005,reemplazar,42,270
SKU-000028,BOT-018,59,INC-SKU-000028-BOT-018,2028-12-31,PROV-001,reemplazar,35,225
SKU-000029,BOT-018,27,INC-SKU-000029-BOT-018,2028-12-31,PROV-003,reemplazar,15,90
SKU-000030,BOT-018,100,INC-SKU-000030-BOT-018,2028-12-31,PROV-004,reemplazar,21,135
SKU-000001,BOT-019,108,INC-SKU-000001-BOT-019,2028-12-31,PROV-002,reemplazar,84,540
SKU-000002,BOT-019,185,INC-SKU-000002-BOT-019,2028-12-31,PROV-005,reemplazar,56,360
SKU-000003,BOT-019,355,INC-SKU-000003-BOT-019,2028-12-31,PROV-001,reemplazar,63,405
SKU-000004,BOT-019,190,INC-SKU-000004-BOT-019,2028-12-31,PROV-003,reemplazar,35,225
SKU-000005,BOT-019,114,INC-SKU-000005-BOT-019,2028-12-31,PROV-004,reemplazar,42,270
SKU-000006,BOT-019,210,INC-SKU-000006-BOT-019,2028-12-31,PROV-002,reemplazar,56,360
SKU-000007,BOT-019,266,INC-SKU-000007-BOT-019,2028-12-31,PROV-005,reemplazar,49,315
SKU-000008,BOT-019,88,INC-SKU-000008-BOT-019,2028-12-31,PROV-001,reemplazar,42,270
SKU-000009,BOT-019,52,INC-SKU-000009-BOT-019,2028-12-31,PROV-003,reemplazar,28,180
SKU-000010,BOT-019,50,INC-SKU-000010-BOT-019,2028-12-31,PROV-004,reemplazar,21,135
SKU-000011,BOT-019,69,INC-SKU-000011-BOT-019,2028-12-31,PROV-002,reemplazar,28,180
SKU-000012,BOT-019,86,INC-SKU-000012-BOT-019,2028-12-31,PROV-005,reemplazar,56,360
SKU-000013,BOT-019,190,INC-SKU-000013-BOT-019,2028-12-31,PROV-001,reemplazar,35,225
SKU-000014,BOT-019,293,INC-SKU-000014-BOT-019,2028-12-31,PROV-003,reemplazar,49,315
SKU-000015,BOT-019,436,INC-SKU-000015-BOT-019,2028-12-31,PROV-004,reemplazar,70,450
SKU-000016,BOT-019,163,INC-SKU-000016-BOT-019,2028-12-31,PROV-002,reemplazar,42,270
SKU-000017,BOT-019,266,INC-SKU-000017-BOT-019,2028-12-31,PROV-005,reemplazar,49,315
SKU-000018,BOT-019,150,INC-SKU-000018-BOT-019,2028-12-31,PROV-001,reemplazar,63,405
SKU-000019,BOT-019,123,INC-SKU-000019-BOT-019,2028-12-31,PROV-003,reemplazar,56,360
SKU-000020,BOT-019,131,INC-SKU-000020-BOT-019,2028-12-31,PROV-004,reemplazar,49,315
SKU-000021,BOT-019,76,INC-SKU-000021-BOT-019,2028-12-31,PROV-002,reemplazar,42,270
SKU-000022,BOT-019,43,INC-SKU-000022-BOT-019,2028-12-31,PROV-005,reemplazar,28,180
SKU-000023,BOT-019,27,INC-SKU-000023-BOT-019,2028-12-31,PROV-001,reemplazar,21,135
SKU-000024,BOT-019,41,INC-SKU-000024-BOT-019,2028-12-31,PROV-003,reemplazar,35,225
SKU-000025,BOT-019,418,INC-SKU-000025-BOT-019,2028-12-31,PROV-004,reemplazar,77,495
SKU-000026,BOT-019,117,INC-SKU-000026-BOT-019,2028-12-31,PROV-002,reemplazar,56,360
SKU-000027,BOT-019,159,INC-SKU-000027-BOT-019,2028-12-31,PROV-005,reemplazar,42,270
SKU-000028,BOT-019,138,INC-SKU-000028-BOT-019,2028-12-31,PROV-001,reemplazar,35,225
SKU-000029,BOT-019,45,INC-SKU-000029-BOT-019,2028-12-31,PROV-003,reemplazar,15,90
SKU-000030,BOT-019,25,INC-SKU-000030-BOT-019,2028-12-31,PROV-004,reemplazar,21,135
SKU-000001,BOT-020,529,INC-SKU-000001-BOT-020,2028-12-31,PROV-002,reemplazar,84,540
SKU-000002,BOT-020,348,INC-SKU-000002-BOT-020,2028-12-31,PROV-005,reemplazar,56,360
SKU-000003,BOT-020,229,INC-SKU-000003-BOT-020,2028-12-31,PROV-001,reemplazar,63,405
SKU-000004,BOT-020,213,INC-SKU-000004-BOT-020,2028-12-31,PROV-003,reemplazar,35,225
SKU-000005,BOT-020,255,INC-SKU-000005-BOT-020,2028-12-31,PROV-004,reemplazar,42,270
SKU-000006,BOT-020,111,INC-SKU-000006-BOT-020,2028-12-31,PROV-002,reemplazar,56,360
SKU-000007,BOT-020,58,INC-SKU-000007-BOT-020,2028-12-31,PROV-005,reemplazar,49,315
SKU-000008,BOT-020,159,INC-SKU-000008-BOT-020,2028-12-31,PROV-001,reemplazar,42,270
SKU-000009,BOT-020,45,INC-SKU-000009-BOT-020,2028-12-31,PROV-003,reemplazar,28,180
SKU-000010,BOT-020,82,INC-SKU-000010-BOT-020,2028-12-31,PROV-004,reemplazar,21,135
SKU-000011,BOT-020,56,INC-SKU-000011-BOT-020,2028-12-31,PROV-002,reemplazar,28,180
SKU-000012,BOT-020,354,INC-SKU-000012-BOT-020,2028-12-31,PROV-005,reemplazar,56,360
SKU-000013,BOT-020,52,INC-SKU-000013-BOT-020,2028-12-31,PROV-001,reemplazar,35,225
SKU-000014,BOT-020,79,INC-SKU-000014-BOT-020,2028-12-31,PROV-003,reemplazar,49,315
SKU-000015,BOT-020,184,INC-SKU-000015-BOT-020,2028-12-31,PROV-004,reemplazar,70,450
SKU-000016,BOT-020,176,INC-SKU-000016-BOT-020,2028-12-31,PROV-002,reemplazar,42,270
SKU-000017,BOT-020,169,INC-SKU-000017-BOT-020,2028-12-31,PROV-005,reemplazar,49,315
SKU-000018,BOT-020,298,INC-SKU-000018-BOT-020,2028-12-31,PROV-001,reemplazar,63,405
SKU-000019,BOT-020,283,INC-SKU-000019-BOT-020,2028-12-31,PROV-003,reemplazar,56,360
SKU-000020,BOT-020,210,INC-SKU-000020-BOT-020,2028-12-31,PROV-004,reemplazar,49,315
SKU-000021,BOT-020,228,INC-SKU-000021-BOT-020,2028-12-31,PROV-002,reemplazar,42,270
SKU-000022,BOT-020,94,INC-SKU-000022-BOT-020,2028-12-31,PROV-005,reemplazar,28,180
SKU-000023,BOT-020,130,INC-SKU-000023-BOT-020,2028-12-31,PROV-001,reemplazar,21,135
SKU-000024,BOT-020,89,INC-SKU-000024-BOT-020,2028-12-31,PROV-003,reemplazar,35,225
SKU-000025,BOT-020,418,INC-SKU-000025-BOT-020,2028-12-31,PROV-004,reemplazar,77,495
SKU-000026,BOT-020,139,INC-SKU-000026-BOT-020,2028-12-31,PROV-002,reemplazar,56,360
SKU-000027,BOT-020,150,INC-SKU-000027-BOT-020,2028-12-31,PROV-005,reemplazar,42,270
SKU-000028,BOT-020,211,INC-SKU-000028-BOT-020,2028-12-31,PROV-001,reemplazar,35,225
SKU-000029,BOT-020,15,INC-SKU-000029-BOT-020,2028-12-31,PROV-003,reemplazar,15,90
SKU-000030,BOT-020,83,INC-SKU-000030-BOT-020,2028-12-31,PROV-004,reemplazar,21,135
SKU-000001,BOT-021,386,INC-SKU-000001-BOT-021,2028-12-31,PROV-002,reemplazar,84,540
SKU-000002,BOT-021,124,INC-SKU-000002-BOT-021,2028-12-31,PROV-005,reemplazar,56,360
SKU-000003,BOT-021,361,INC-SKU-000003-BOT-021,2028-12-31,PROV-001,reemplazar,63,405
SKU-000004,BOT-021,44,INC-SKU-000004-BOT-021,2028-12-31,PROV-003,reemplazar,35,225
SKU-000005,BOT-021,200,INC-SKU-000005-BOT-021,2028-12-31,PROV-004,reemplazar,42,270
SKU-000006,BOT-021,104,INC-SKU-000006-BOT-021,2028-12-31,PROV-002,reemplazar,56,360
SKU-000007,BOT-021,270,INC-SKU-000007-BOT-021,2028-12-31,PROV-005,reemplazar,49,315
SKU-000008,BOT-021,68,INC-SKU-000008-BOT-021,2028-12-31,PROV-001,reemplazar,42,270
SKU-000009,BOT-021,135,INC-SKU-000009-BOT-021,2028-12-31,PROV-003,reemplazar,28,180
SKU-000010,BOT-021,67,INC-SKU-000010-BOT-021,2028-12-31,PROV-004,reemplazar,21,135
SKU-000011,BOT-021,133,INC-SKU-000011-BOT-021,2028-12-31,PROV-002,reemplazar,28,180
SKU-000012,BOT-021,352,INC-SKU-000012-BOT-021,2028-12-31,PROV-005,reemplazar,56,360
SKU-000013,BOT-021,150,INC-SKU-000013-BOT-021,2028-12-31,PROV-001,reemplazar,35,225
SKU-000014,BOT-021,219,INC-SKU-000014-BOT-021,2028-12-31,PROV-003,reemplazar,49,315
SKU-000015,BOT-021,136,INC-SKU-000015-BOT-021,2028-12-31,PROV-004,reemplazar,70,450
SKU-000016,BOT-021,73,INC-SKU-000016-BOT-021,2028-12-31,PROV-002,reemplazar,42,270
SKU-000017,BOT-021,282,INC-SKU-000017-BOT-021,2028-12-31,PROV-005,reemplazar,49,315
SKU-000018,BOT-021,273,INC-SKU-000018-BOT-021,2028-12-31,PROV-001,reemplazar,63,405
SKU-000019,BOT-021,161,INC-SKU-000019-BOT-021,2028-12-31,PROV-003,reemplazar,56,360
SKU-000020,BOT-021,206,INC-SKU-000020-BOT-021,2028-12-31,PROV-004,reemplazar,49,315
SKU-000021,BOT-021,197,INC-SKU-000021-BOT-021,2028-12-31,PROV-002,reemplazar,42,270
SKU-000022,BOT-021,68,INC-SKU-000022-BOT-021,2028-12-31,PROV-005,reemplazar,28,180
SKU-000023,BOT-021,52,INC-SKU-000023-BOT-021,2028-12-31,PROV-001,reemplazar,21,135
SKU-000024,BOT-021,111,INC-SKU-000024-BOT-021,2028-12-31,PROV-003,reemplazar,35,225
SKU-000025,BOT-021,221,INC-SKU-000025-BOT-021,2028-12-31,PROV-004,reemplazar,77,495
SKU-000026,BOT-021,246,INC-SKU-000026-BOT-021,2028-12-31,PROV-002,reemplazar,56,360
SKU-000027,BOT-021,259,INC-SKU-000027-BOT-021,2028-12-31,PROV-005,reemplazar,42,270
SKU-000028,BOT-021,171,INC-SKU-000028-BOT-021,2028-12-31,PROV-001,reemplazar,35,225
SKU-000029,BOT-021,54,INC-SKU-000029-BOT-021,2028-12-31,PROV-003,reemplazar,15,90
SKU-000030,BOT-021,126,INC-SKU-000030-BOT-021,2028-12-31,PROV-004,reemplazar,21,135
SKU-000001,BOT-022,456,INC-SKU-000001-BOT-022,2028-12-31,PROV-002,reemplazar,84,540
SKU-000002,BOT-022,133,INC-SKU-000002-BOT-022,2028-12-31,PROV-005,reemplazar,56,360
SKU-000003,BOT-022,93,INC-SKU-000003-BOT-022,2028-12-31,PROV-001,reemplazar,63,405
SKU-000004,BOT-022,85,INC-SKU-000004-BOT-022,2028-12-31,PROV-003,reemplazar,35,225
SKU-000005,BOT-022,55,INC-SKU-000005-BOT-022,2028-12-31,PROV-004,reemplazar,42,270
SKU-000006,BOT-022,106,INC-SKU-000006-BOT-022,2028-12-31,PROV-002,reemplazar,56,360
SKU-000007,BOT-022,61,INC-SKU-000007-BOT-022,2028-12-31,PROV-005,reemplazar,49,315
SKU-000008,BOT-022,86,INC-SKU-000008-BOT-022,2028-12-31,PROV-001,reemplazar,42,270
SKU-000009,BOT-022,137,INC-SKU-000009-BOT-022,2028-12-31,PROV-003,reemplazar,28,180
SKU-000010,BOT-022,92,INC-SKU-000010-BOT-022,2028-12-31,PROV-004,reemplazar,21,135
SKU-000011,BOT-022,163,INC-SKU-000011-BOT-022,2028-12-31,PROV-002,reemplazar,28,180
SKU-000012,BOT-022,89,INC-SKU-000012-BOT-022,2028-12-31,PROV-005,reemplazar,56,360
SKU-000013,BOT-022,144,INC-SKU-000013-BOT-022,2028-12-31,PROV-001,reemplazar,35,225
SKU-000014,BOT-022,266,INC-SKU-000014-BOT-022,2028-12-31,PROV-003,reemplazar,49,315
SKU-000015,BOT-022,338,INC-SKU-000015-BOT-022,2028-12-31,PROV-004,reemplazar,70,450
SKU-000016,BOT-022,152,INC-SKU-000016-BOT-022,2028-12-31,PROV-002,reemplazar,42,270
SKU-000017,BOT-022,124,INC-SKU-000017-BOT-022,2028-12-31,PROV-005,reemplazar,49,315
SKU-000018,BOT-022,385,INC-SKU-000018-BOT-022,2028-12-31,PROV-001,reemplazar,63,405
SKU-000019,BOT-022,325,INC-SKU-000019-BOT-022,2028-12-31,PROV-003,reemplazar,56,360
SKU-000020,BOT-022,298,INC-SKU-000020-BOT-022,2028-12-31,PROV-004,reemplazar,49,315
SKU-000021,BOT-022,196,INC-SKU-000021-BOT-022,2028-12-31,PROV-002,reemplazar,42,270
SKU-000022,BOT-022,64,INC-SKU-000022-BOT-022,2028-12-31,PROV-005,reemplazar,28,180
SKU-000023,BOT-022,88,INC-SKU-000023-BOT-022,2028-12-31,PROV-001,reemplazar,21,135
SKU-000024,BOT-022,143,INC-SKU-000024-BOT-022,2028-12-31,PROV-003,reemplazar,35,225
SKU-000025,BOT-022,302,INC-SKU-000025-BOT-022,2028-12-31,PROV-004,reemplazar,77,495
SKU-000026,BOT-022,317,INC-SKU-000026-BOT-022,2028-12-31,PROV-002,reemplazar,56,360
SKU-000027,BOT-022,87,INC-SKU-000027-BOT-022,2028-12-31,PROV-005,reemplazar,42,270
SKU-000028,BOT-022,37,INC-SKU-000028-BOT-022,2028-12-31,PROV-001,reemplazar,35,225
SKU-000029,BOT-022,83,INC-SKU-000029-BOT-022,2028-12-31,PROV-003,reemplazar,15,90
SKU-000030,BOT-022,56,INC-SKU-000030-BOT-022,2028-12-31,PROV-004,reemplazar,21,135
