id,org_id,producto_id,botica_id,lote_id,fecha_devolucion,cantidad,tipo_devolucion,motivo
40a34615-5430-52ba-94b7-1d7020476993,e8aeb018-f679-5670-b210-de4f62ff2111,cd81184b-b6f1-563c-b463-36a69ddfb598,7fb983e8-6848-5425-97a2-14da72722d0f,dddb49bd-5ac7-59af-b9a6-02e4ca48c4b1,2024-01-01T00:00:00,1,cliente,Devolución de cliente
df500822-6b4b-57d0-bc93-cf7b8e0afc6d,e8aeb018-f679-5670-b210-de4f62ff2111,07371b94-955f-52a4-9bf9-f0a6ad2b4fa8,8ecedccf-c230-516b-bbc2-108f7a6fbe63,aa864330-5d0f-5ce3-b48b-13fae9e27485,2024-01-02T00:00:00,1,cliente,Devolución de cliente
77b965cc-5e95-51e5-819f-573759add92b,e8aeb018-f679-5670-b210-de4f62ff2111,d0ae6d2d-e561-56b3-a2c1-113c1c56ae81,7fb983e8-6848-5425-97a2-14da72722d0f,159d0549-9239-5a4b-a4a2-b479e2fd8eaf,2024-01-05T00:00:00,1,cliente,Devolución de cliente
e1b38747-1256-56e2-b48d-6efc27f75e48,e8aeb018-f679-5670-b210-de4f62ff2111,2eb3a104-e572-583a-afa0-156ee0dc4cce,d6f21f11-7533-52dd-a4dc-2fb8e260c02c,83bf2ef3-996b-5037-9d18-15474c8958f8,2024-01-06T00:00:00,1,cliente,Devolución de cliente
52c1f152-df0b-5e1a-b226-b3a1d8b341b5,e8aeb018-f679-5670-b210-de4f62ff2111,87b859e0-789a-56e6-b1ba-4fe76221d3bf,43616d97-2221-569d-82eb-bcc14bcd6344,b375e415-e90a-5206-ba96-841dfb6ab167,2024-01-07T00:00:00,1,cliente,Devolución de cliente
1a8e4cc1-abc9-5267-b2e0-d894b2d0e3e5,e8aeb018-f679-5670-b210-de4f62ff2111,2897aac2-f219-5167-b800-73fac27f6b85,d6f21f11-7533-52dd-a4dc-2fb8e260c02c,00dcee49-06fb-5914-8ad8-dff9fded39fa,2024-01-14T00:00:00,1,cliente,Devolución de cliente
c270ac51-0b15-534c-bde3-ac52abad438d,e8aeb018-f679-5670-b210-de4f62ff2111,cd81184b-b6f1-563c-b463-36a69ddfb598,26f7241d-a84e-5e4a-a43d-33eea1e54eea,1cd4bed0-0992-5d26-a5bc-4e6b64ae4e18,2024-01-18T00:00:00,1,cliente,Devolución de cliente
cee78cc2-f472-53f6-a540-d90bc5c101b9,e8aeb018-f679-5670-b210-de4f62ff2111,2897aac2-f219-5167-b800-73fac27f6b85,7fb983e8-6848-5425-97a2-14da72722d0f,1561a21a-72b9-53d7-8f41-708b6c7579a5,2024-01-24T00:00:00,1,cliente,Devolución de cliente
fbe7b109-1bef-59d6-93f1-2a28a7b2429b,e8aeb018-f679-5670-b210-de4f62ff2111,22231140-3780-5fe8-a7d4-d33f61d15111,d6f21f11-7533-52dd-a4dc-2fb8e260c02c,a812194d-ed03-5800-88b7-89479bf6398b,2024-01-28T00:00:00,1,cliente,Devolución de cliente
91478fc2-650c-5cb2-87c9-37c673290acb,e8aeb018-f679-5670-b210-de4f62ff2111,d3961f5a-3ea7-53d3-89f4-78b65b0c0c6b,8ecedccf-c230-516b-bbc2-108f7a6fbe63,40dc9c7a-0369-50cf-a7fd-9c06018d8057,2024-01-28T00:00:00,1,cliente,Devolución de cliente
f262d665-60a3-5bc8-89c8-28677d0ad32e,e8aeb018-f679-5670-b210-de4f62ff2111,c0cf5e5c-b5c9-585a-8e79-d9830bc954f6,43616d97-2221-569d-82eb-bcc14bcd6344,eb95c809-4c4a-5df7-b216-22eb12b281fc,2024-01-29T00:00:00,1,cliente,Devolución de cliente
07be39e3-05c6-5caa-97f0-266a28ad9054,e8aeb018-f679-5670-b210-de4f62ff2111,c0cf5e5c-b5c9-585a-8e79-d9830bc954f6,26f7241d-a84e-5e4a-a43d-33eea1e54eea,046a4b79-31d1-589e-824d-2300b11adce9,2024-01-30T00:00:00,1,cliente,Devolución de cliente
abcb56f1-6971-5ee2-b788-b075cb2ab702,e8aeb018-f679-5670-b210-de4f62ff2111,5bbfdec8-65ae-59e6-b211-5eccb5b765fa,43616d97-2221-569d-82eb-bcc14bcd6344,8358bafe-7ebd-5308-a743-3867f870af2b,2024-02-01T00:00:00,1,cliente,Devolución de cliente
67b037ca-20d5-5d43-a8b9-a218899944f7,e8aeb018-f679-5670-b210-de4f62ff2111,9928e9a1-d9fc-5fdd-86c2-8909352fd7fe,43616d97-2221-569d-82eb-bcc14bcd6344,21eef348-cddf-5b8e-9cfc-b2fa1b750eb5,2024-02-03T00:00:00,1,cliente,Devolución de cliente
72efcdec-fbcd-577f-b280-502ab81c97ce,e8aeb018-f679-5670-b210-de4f62ff2111,0ec23038-d3ab-588c-bbd6-1f5c744cdde1,7fb983e8-6848-5425-97a2-14da72722d0f,fe6b7918-32f1-5805-89a0-e4989d0b7cd9,2024-02-14T00:00:00,1,cliente,Devolución de cliente
f2870f94-d660-5a20-a8c0-a7e83c7fda2d,e8aeb018-f679-5670-b210-de4f62ff2111,94e18241-54bd-5516-b36f-94ab6e323aca,26f7241d-a84e-5e4a-a43d-33eea1e54eea,13600943-22ee-5db4-b428-c6bae926c73d,2024-02-17T00:00:00,1,cliente,Devolución de cliente
c4bfb8fa-477b-50fe-9d9a-a453f2626a75,e8aeb018-f679-5670-b210-de4f62ff2111,2eb3a104-e572-583a-afa0-156ee0dc4cce,26f7241d-a84e-5e4a-a43d-33eea1e54eea,e64fa0ed-1d95-511b-97cb-ab2364560497,2024-02-17T00:00:00,1,cliente,Devolución de cliente
c4bacafe-19d2-586b-8bef-a3d7ca651d43,e8aeb018-f679-5670-b210-de4f62ff2111,5bbfdec8-65ae-59e6-b211-5eccb5b765fa,d6f21f11-7533-52dd-a4dc-2fb8e260c02c,7796013d-ee54-59ea-bd1d-d4f726dd57ab,2024-02-17T00:00:00,1,cliente,Devolución de cliente
ab2e4866-2193-565b-87b1-80d36f019af9,e8aeb018-f679-5670-b210-de4f62ff2111,2933d8b7-2438-521b-b38d-d3a5224f87fc,26f7241d-a84e-5e4a-a43d-33eea1e54eea,04afc5d5-215b-5534-afc3-0cf72689c48f,2024-02-20T00:00:00,1,cliente,Devolución de cliente
08481272-72d8-529a-9a8f-9fac1f56c7c7,e8aeb018-f679-5670-b210-de4f62ff2111,22231140-3780-5fe8-a7d4-d33f61d15111,43616d97-2221-569d-82eb-bcc14bcd6344,3a5646e7-a9fe-5eaf-9933-de59fc541a3a,2024-02-21T00:00:00,1,cliente,Devolución de cliente
c866d152-4a48-5813-8a39-8a01bf09cf82,e8aeb018-f679-5670-b210-de4f62ff2111,82cd11ba-d1a0-58b1-b14f-edd741f36e87,26f7241d-a84e-5e4a-a43d-33eea1e54eea,84dc48b3-dc6c-593a-ab31-c41d9f47ca53,2024-02-23T00:00:00,1,cliente,Devolución de cliente
df5f25de-f904-5b9f-9841-7ea300b58837,e8aeb018-f679-5670-b210-de4f62ff2111,d0ae6d2d-e561-56b3-a2c1-113c1c56ae81,7fb983e8-6848-5425-97a2-14da72722d0f,159d0549-9239-5a4b-a4a2-b479e2fd8eaf,2024-02-23T00:00:00,1,cliente,Devolución de cliente
62d5fcbe-6919-527b-952e-297b01cf68e8,e8aeb018-f679-5670-b210-de4f62ff2111,5bbfdec8-65ae-59e6-b211-5eccb5b765fa,43616d97-2221-569d-82eb-bcc14bcd6344,8358bafe-7ebd-5308-a743-3867f870af2b,2024-02-29T00:00:00,1,cliente,Devolución de cliente
37aa03cc-a16b-5877-b7b7-782f9cd77113,e8aeb018-f679-5670-b210-de4f62ff2111,c0cf5e5c-b5c9-585a-8e79-d9830bc954f6,7fb983e8-6848-5425-97a2-14da72722d0f,ef0812f4-8691-5bdc-9fc2-e894b14fca14,2024-03-02T00:00:00,1,cliente,Devolución de cliente
5de166db-d96d-50d3-9619-88751d51a5cf,e8aeb018-f679-5670-b210-de4f62ff2111,5bbfdec8-65ae-59e6-b211-5eccb5b765fa,8ecedccf-c230-516b-bbc2-108f7a6fbe63,e48f6858-ed0b-5acb-9953-4dbff3233bfb,2024-03-03T00:00:00,1,cliente,Devolución de cliente
4c11cd3a-317c-5b09-a5db-26f6200926e7,e8aeb018-f679-5670-b210-de4f62ff2111,97d26d91-c562-5f27-9ebd-285e89c8f4bf,d6f21f11-7533-52dd-a4dc-2fb8e260c02c,c9c185fd-fd76-5f1d-9d0d-89c9d428a4de,2024-03-06T00:00:00,1,cliente,Devolución de cliente
c7923328-99f3-5e84-80ed-928a60de6ef5,e8aeb018-f679-5670-b210-de4f62ff2111,cd81184b-b6f1-563c-b463-36a69ddfb598,7fb983e8-6848-5425-97a2-14da72722d0f,c228537c-4269-5673-84cf-1eb344b8f504,2024-03-07T00:00:00,1,cliente,Devolución de cliente
9bdf7c49-2b41-52e0-bb4c-0b1731d00e4f,e8aeb018-f679-5670-b210-de4f62ff2111,87b859e0-789a-56e6-b1ba-4fe76221d3bf,26f7241d-a84e-5e4a-a43d-33eea1e54eea,78728f06-e445-5f3f-beaf-5d6a44dda69c,2024-03-14T00:00:00,1,cliente,Devolución de cliente
02f37e71-c4bc-5794-b75f-522b78f6174a,e8aeb018-f679-5670-b210-de4f62ff2111,1ca3438e-9e23-58f0-a35f-f15f7a23beb9,d6f21f11-7533-52dd-a4dc-2fb8e260c02c,2f3c98ca-affc-5797-843a-5951339a4c51,2024-03-21T00:00:00,1,cliente,Devolución de cliente
d875c838-0d4f-5c38-b31c-2ea6315c8830,e8aeb018-f679-5670-b210-de4f62ff2111,0ec23038-d3ab-588c-bbd6-1f5c744cdde1,43616d97-2221-569d-82eb-bcc14bcd6344,8104d33c-b4da-528e-805a-e069e190d37f,2024-03-27T00:00:00,1,cliente,Devolución de cliente
5ac15f4d-5787-5ed1-b630-a7ab5138df73,e8aeb018-f679-5670-b210-de4f62ff2111,6d807393-f4ab-5f76-b544-251eeda27ba3,8ecedccf-c230-516b-bbc2-108f7a6fbe63,ec70700c-6ed5-5673-99ab-b04dc7db897a,2024-03-29T00:00:00,1,cliente,Devolución de cliente
9845c0ff-b494-506c-85b9-5a99cc057f14,e8aeb018-f679-5670-b210-de4f62ff2111,07371b94-955f-52a4-9bf9-f0a6ad2b4fa8,8ecedccf-c230-516b-bbc2-108f7a6fbe63,82c8d328-a296-5a34-8d93-845f95e0151d,2024-04-04T00:00:00,1,cliente,Devolución de cliente
79d3bd14-dd2d-56f4-9274-25a54f87ba15,e8aeb018-f679-5670-b210-de4f62ff2111,d9506935-1215-5499-93c0-8bdd86ab9418,8ecedccf-c230-516b-bbc2-108f7a6fbe63,5a3da8da-03d2-5ada-8f73-2446ed5f21e0,2024-04-04T00:00:00,1,cliente,Devolución de cliente
d4aa0de9-d936-5ce6-8d94-3f3ced76a9e6,e8aeb018-f679-5670-b210-de4f62ff2111,9928e9a1-d9fc-5fdd-86c2-8909352fd7fe,d6f21f11-7533-52dd-a4dc-2fb8e260c02c,2354070e-2745-5cc0-90a4-946328262f3f,2024-04-08T00:00:00,1,cliente,Devolución de cliente
2a08a86e-05a8-52c8-b0be-661d778bea7a,e8aeb018-f679-5670-b210-de4f62ff2111,1e9605fd-5682-52b6-8f05-e8a92dd44513,26f7241d-a84e-5e4a-a43d-33eea1e54eea,8d9950bc-7b32-5c9d-8a5a-7412d8f5c3c1,2024-04-10T00:00:00,1,cliente,Devolución de cliente
195d6568-96c4-5b05-93d0-3005cc9b79ef,e8aeb018-f679-5670-b210-de4f62ff2111,042e2e80-f954-5df4-97be-29dd428cc598,d6f21f11-7533-52dd-a4dc-2fb8e260c02c,69eff1f9-7719-5446-a6f4-b3329a849da0,2024-04-15T00:00:00,1,cliente,Devolución de cliente
10674b29-fd4f-55d3-a425-faa24854232b,e8aeb018-f679-5670-b210-de4f62ff2111,38adf7ba-476e-5e6b-9163-781a13538253,43616d97-2221-569d-82eb-bcc14bcd6344,16c4fed8-4a64-51ef-98a5-dabd02f2387b,2024-04-20T00:00:00,1,cliente,Devolución de cliente
320d905b-5a1f-593a-9d0b-7fb80ec89bf9,e8aeb018-f679-5670-b210-de4f62ff2111,983871db-adfb-543e-b438-6b00044ffb64,7fb983e8-6848-5425-97a2-14da72722d0f,046d3091-100a-5af1-b7c0-238c5580829f,2024-04-20T00:00:00,1,cliente,Devolución de cliente
683fc192-5b65-5bc0-a5a9-fd42c999d9e8,e8aeb018-f679-5670-b210-de4f62ff2111,d0ae6d2d-e561-56b3-a2c1-113c1c56ae81,8ecedccf-c230-516b-bbc2-108f7a6fbe63,f0e54940-d7e5-5bb5-912b-2139087cb03d,2024-04-25T00:00:00,1,cliente,Devolución de cliente
a15465b2-361c-546b-b632-8e8189c828af,e8aeb018-f679-5670-b210-de4f62ff2111,07371b94-955f-52a4-9bf9-f0a6ad2b4fa8,43616d97-2221-569d-82eb-bcc14bcd6344,e59bc7f3-e892-5945-a2d4-519d7b8dffe7,2024-04-29T00:00:00,1,cliente,Devolución de cliente
522179bf-d4fe-5e90-b5bd-bfa09024d111,e8aeb018-f679-5670-b210-de4f62ff2111,6baabed2-52d7-5cb7-bf74-86c7cb3e4f07,8ecedccf-c230-516b-bbc2-108f7a6fbe63,410ee401-e85a-590b-beaf-cb28516cf25e,2024-05-08T00:00:00,1,cliente,Devolución de cliente
cdca5fc1-c22d-5c01-8f95-f81137c2b49b,e8aeb018-f679-5670-b210-de4f62ff2111,042e2e80-f954-5df4-97be-29dd428cc598,7fb983e8-6848-5425-97a2-14da72722d0f,cda838eb-79b7-5f35-aac2-a9c057024e4c,2024-05-08T00:00:00,1,cliente,Devolución de cliente
9b95609d-0e07-5c68-8a9b-1f6a86ad4370,e8aeb018-f679-5670-b210-de4f62ff2111,2897aac2-f219-5167-b800-73fac27f6b85,8ecedccf-c230-516b-bbc2-108f7a6fbe63,42f11502-3dd1-5ac2-abbe-171e7c41dce8,2024-05-11T00:00:00,1,cliente,Devolución de cliente
48c5fd36-7243-5ba4-9f55-7922ef442a2b,e8aeb018-f679-5670-b210-de4f62ff2111,d2f08f15-f9f2-5f65-a740-b05896774467,26f7241d-a84e-5e4a-a43d-33eea1e54eea,9e78659b-13f8-5984-9465-52ee54ab579d,2024-05-15T00:00:00,1,cliente,Devolución de cliente
896020fa-888e-58de-8d97-7b45f815b559,e8aeb018-f679-5670-b210-de4f62ff2111,2eb3a104-e572-583a-afa0-156ee0dc4cce,d6f21f11-7533-52dd-a4dc-2fb8e260c02c,456bb217-e792-5ef4-becb-c79ba3f28120,2024-05-16T00:00:00,1,cliente,Devolución de cliente
a7192c31-c407-5fca-bba5-58cbd05f1d5a,e8aeb018-f679-5670-b210-de4f62ff2111,87b859e0-789a-56e6-b1ba-4fe76221d3bf,7fb983e8-6848-5425-97a2-14da72722d0f,6ec58ffc-510c-5773-8677-bd13db7316ab,2024-05-16T00:00:00,1,cliente,Devolución de cliente
cdd58219-55f9-5ad3-822a-67a32a8fdb46,e8aeb018-f679-5670-b210-de4f62ff2111,012857cc-907f-5e7d-b8fb-796d2c9f1621,7fb983e8-6848-5425-97a2-14da72722d0f,64319329-a8f0-5d63-a15a-a98c1990a036,2024-05-26T00:00:00,1,cliente,Devolución de cliente
cde8ed17-af6a-54ff-9a07-7020a77b39e8,e8aeb018-f679-5670-b210-de4f62ff2111,cd81184b-b6f1-563c-b463-36a69ddfb598,26f7241d-a84e-5e4a-a43d-33eea1e54eea,02583eac-cea2-5303-ad0d-0f81f19899bb,2024-06-03T00:00:00,1,cliente,Devolución de cliente
2e062662-3832-5862-b5b0-346fa7fa42f4,e8aeb018-f679-5670-b210-de4f62ff2111,2082733c-4e17-51fe-bc8c-bf33d3ec5d7e,26f7241d-a84e-5e4a-a43d-33eea1e54eea,303264bb-39e2-5f66-9aaa-5ae22cf72fef,2024-06-04T00:00:00,1,cliente,Devolución de cliente
be23b41b-4675-5a2e-97f0-58a63373b1de,e8aeb018-f679-5670-b210-de4f62ff2111,2897aac2-f219-5167-b800-73fac27f6b85,8ecedccf-c230-516b-bbc2-108f7a6fbe63,42f11502-3dd1-5ac2-abbe-171e7c41dce8,2024-06-06T00:00:00,1,cliente,Devolución de cliente
ce7e1a62-5be0-50db-b397-f55e09bbe3df,e8aeb018-f679-5670-b210-de4f62ff2111,d9506935-1215-5499-93c0-8bdd86ab9418,d6f21f11-7533-52dd-a4dc-2fb8e260c02c,53dfc287-fde7-5143-ad70-80d903c7ba17,2024-06-07T00:00:00,1,cliente,Devolución de cliente
06505c15-0eab-51a2-a321-5388757b4a58,e8aeb018-f679-5670-b210-de4f62ff2111,6d807393-f4ab-5f76-b544-251eeda27ba3,43616d97-2221-569d-82eb-bcc14bcd6344,34db4d1d-9d83-521a-9d52-72495f126a88,2024-06-14T00:00:00,1,cliente,Devolución de cliente
7a227770-8625-5502-8422-892518236c60,e8aeb018-f679-5670-b210-de4f62ff2111,87b859e0-789a-56e6-b1ba-4fe76221d3bf,8ecedccf-c230-516b-bbc2-108f7a6fbe63,4f759db6-bfc0-5721-8d8a-3ffedd0a61d3,2024-06-14T00:00:00,1,cliente,Devolución de cliente
5cbaacff-ecb1-53e4-ad70-fb86f4fd0a95,e8aeb018-f679-5670-b210-de4f62ff2111,d2f08f15-f9f2-5f65-a740-b05896774467,26f7241d-a84e-5e4a-a43d-33eea1e54eea,9e78659b-13f8-5984-9465-52ee54ab579d,2024-06-19T00:00:00,1,cliente,Devolución de cliente
13158068-00f4-5089-8a8c-7a74a1cdb2e1,e8aeb018-f679-5670-b210-de4f62ff2111,2897aac2-f219-5167-b800-73fac27f6b85,8ecedccf-c230-516b-bbc2-108f7a6fbe63,42f11502-3dd1-5ac2-abbe-171e7c41dce8,2024-06-19T00:00:00,1,cliente,Devolución de cliente
2f794228-327e-54c3-a57a-868f8d80bfbf,e8aeb018-f679-5670-b210-de4f62ff2111,058c6382-bde2-59d1-93ff-20c6161a4736,8ecedccf-c230-516b-bbc2-108f7a6fbe63,1b2cf11b-c94d-5568-9166-e6841232165d,2024-06-21T00:00:00,1,cliente,Devolución de cliente
f16f0238-b361-5207-96b6-6c8932ea126d,e8aeb018-f679-5670-b210-de4f62ff2111,012857cc-907f-5e7d-b8fb-796d2c9f1621,d6f21f11-7533-52dd-a4dc-2fb8e260c02c,b26399d3-0d45-50f2-a081-b2cfc83e0f53,2024-06-25T00:00:00,1,cliente,Devolución de cliente
851a403d-e918-5c84-95b7-efe0fa71f525,e8aeb018-f679-5670-b210-de4f62ff2111,c0cf5e5c-b5c9-585a-8e79-d9830bc954f6,7fb983e8-6848-5425-97a2-14da72722d0f,78a04b8f-be8c-58a5-aae9-832339a7f69d,2024-06-25T00:00:00,1,cliente,Devolución de cliente
47c8bb0b-9409-5f4c-b35c-461560a07889,e8aeb018-f679-5670-b210-de4f62ff2111,d9506935-1215-5499-93c0-8bdd86ab9418,7fb983e8-6848-5425-97a2-14da72722d0f,465354b2-f72d-5f61-a53a-9455b44b2e9a,2024-06-26T00:00:00,1,cliente,Devolución de cliente
5935fee2-da89-5a54-82e3-5a629c12b92e,e8aeb018-f679-5670-b210-de4f62ff2111,d9506935-1215-5499-93c0-8bdd86ab9418,7fb983e8-6848-5425-97a2-14da72722d0f,465354b2-f72d-5f61-a53a-9455b44b2e9a,2024-06-29T00:00:00,1,cliente,Devolución de cliente
96cc9325-07ff-5a98-86fc-0f2cfbb5e01c,e8aeb018-f679-5670-b210-de4f62ff2111,6baabed2-52d7-5cb7-bf74-86c7cb3e4f07,8ecedccf-c230-516b-bbc2-108f7a6fbe63,410ee401-e85a-590b-beaf-cb28516cf25e,2024-06-30T00:00:00,1,cliente,Devolución de cliente
9ee6082f-3713-5c5b-8b8c-d242a9462a20,e8aeb018-f679-5670-b210-de4f62ff2111,1e9605fd-5682-52b6-8f05-e8a92dd44513,7fb983e8-6848-5425-97a2-14da72722d0f,c2b83c05-fd51-5946-92ca-840636ddf27f,2024-06-30T00:00:00,1,cliente,Devolución de cliente
69d71618-f107-5b7f-8225-ee7f3405f58b,e8aeb018-f679-5670-b210-de4f62ff2111,2082733c-4e17-51fe-bc8c-bf33d3ec5d7e,d6f21f11-7533-52dd-a4dc-2fb8e260c02c,9181cff2-1835-563a-adc2-08b48dc55ef5,2024-07-08T00:00:00,1,cliente,Devolución de cliente
f8962e50-da57-57d2-8189-acd30fd87774,e8aeb018-f679-5670-b210-de4f62ff2111,6d807393-f4ab-5f76-b544-251eeda27ba3,7fb983e8-6848-5425-97a2-14da72722d0f,976943ac-debb-51c1-bb46-59f9fea6d302,2024-07-10T00:00:00,1,cliente,Devolución de cliente
94315866-9f5a-5249-872d-d70243b81ad7,e8aeb018-f679-5670-b210-de4f62ff2111,1e9605fd-5682-52b6-8f05-e8a92dd44513,d6f21f11-7533-52dd-a4dc-2fb8e260c02c,e2a00371-29d9-55cf-bb2a-24b148f5e87f,2024-07-11T00:00:00,1,cliente,Devolución de cliente
56ac6f8f-3a08-54a4-8b52-c3ee73bc8803,e8aeb018-f679-5670-b210-de4f62ff2111,1ca3438e-9e23-58f0-a35f-f15f7a23beb9,43616d97-2221-569d-82eb-bcc14bcd6344,7d477efb-a8d2-55ab-9f8a-dd52ff8ebc7b,2024-07-15T00:00:00,1,cliente,Devolución de cliente
b8ffda8d-9952-569d-b8a2-561005fcf39c,e8aeb018-f679-5670-b210-de4f62ff2111,5bbfdec8-65ae-59e6-b211-5eccb5b765fa,d6f21f11-7533-52dd-a4dc-2fb8e260c02c,53310d64-ec89-5e4d-9857-93752869f4f2,2024-07-19T00:00:00,1,cliente,Devolución de cliente
14642d97-a1ad-550d-8754-e4e4a3e36fbc,e8aeb018-f679-5670-b210-de4f62ff2111,2933d8b7-2438-521b-b38d-d3a5224f87fc,7fb983e8-6848-5425-97a2-14da72722d0f,7193a915-e5b6-5002-92d5-209fa2d31290,2024-07-25T00:00:00,1,cliente,Devolución de cliente
416dfd07-03f7-5936-9e64-403ed6e47553,e8aeb018-f679-5670-b210-de4f62ff2111,82cd11ba-d1a0-58b1-b14f-edd741f36e87,7fb983e8-6848-5425-97a2-14da72722d0f,31042c91-a80c-5b5e-a77a-d3711fa2c9b6,2024-07-25T00:00:00,1,cliente,Devolución de cliente
023399a6-3010-5718-91bc-0a27dbb27f08,e8aeb018-f679-5670-b210-de4f62ff2111,07371b94-955f-52a4-9bf9-f0a6ad2b4fa8,26f7241d-a84e-5e4a-a43d-33eea1e54eea,f27f3c2b-58bb-5e80-96bd-82f308aa3b3e,2024-07-28T00:00:00,1,cliente,Devolución de cliente
78294ef8-7d46-5dd1-a29d-2d5a999bcaa0,e8aeb018-f679-5670-b210-de4f62ff2111,d2f08f15-f9f2-5f65-a740-b05896774467,8ecedccf-c230-516b-bbc2-108f7a6fbe63,6c3df9ca-d528-5cf4-9490-f3c1a96f9219,2024-07-29T00:00:00,1,cliente,Devolución de cliente
54b49ec4-edfe-586c-aa5b-ec16f0436ea4,e8aeb018-f679-5670-b210-de4f62ff2111,38adf7ba-476e-5e6b-9163-781a13538253,26f7241d-a84e-5e4a-a43d-33eea1e54eea,9ac45dfa-49ad-520e-a324-e53fccbab627,2024-08-03T00:00:00,1,cliente,Devolución de cliente
b07249e3-02c5-5272-ba56-029172046f66,e8aeb018-f679-5670-b210-de4f62ff2111,6baabed2-52d7-5cb7-bf74-86c7cb3e4f07,43616d97-2221-569d-82eb-bcc14bcd6344,7d280b26-9f9d-5bf7-b585-dad966aa0e75,2024-08-05T00:00:00,1,cliente,Devolución de cliente
33521af6-7156-50c2-bac8-6f77209bac9a,e8aeb018-f679-5670-b210-de4f62ff2111,d9506935-1215-5499-93c0-8bdd86ab9418,43616d97-2221-569d-82eb-bcc14bcd6344,a3f2acad-15b5-5257-8ed4-87f1b9b34a67,2024-08-07T00:00:00,1,cliente,Devolución de cliente
7392df6a-6ba8-5fb2-8b9d-ce5e11e747b3,e8aeb018-f679-5670-b210-de4f62ff2111,cd81184b-b6f1-563c-b463-36a69ddfb598,d6f21f11-7533-52dd-a4dc-2fb8e260c02c,7bc417df-bda6-59b3-8c64-8bae5c617cf5,2024-08-07T00:00:00,1,cliente,Devolución de cliente
601318a0-a246-521a-b9dc-5ac2f337c9c7,e8aeb018-f679-5670-b210-de4f62ff2111,d9506935-1215-5499-93c0-8bdd86ab9418,26f7241d-a84e-5e4a-a43d-33eea1e54eea,b12f3f05-aa1b-5750-ab2d-17be89027e8a,2024-08-12T00:00:00,1,cliente,Devolución de cliente
ebf73e3b-f7c4-5c50-b58a-79f791375343,e8aeb018-f679-5670-b210-de4f62ff2111,87b859e0-789a-56e6-b1ba-4fe76221d3bf,d6f21f11-7533-52dd-a4dc-2fb8e260c02c,b4fa9d8b-46b2-5ec4-b8b3-b0c4429a5832,2024-08-17T00:00:00,1,cliente,Devolución de cliente
20c12d8f-a4b5-5941-b469-9b102a3ccb35,e8aeb018-f679-5670-b210-de4f62ff2111,22231140-3780-5fe8-a7d4-d33f61d15111,26f7241d-a84e-5e4a-a43d-33eea1e54eea,6b3594c6-93d4-564a-99bf-d3edc1e72314,2024-08-20T00:00:00,1,cliente,Devolución de cliente
accc0ce5-3735-52ee-ae7e-7914c2252ee8,e8aeb018-f679-5670-b210-de4f62ff2111,6baabed2-52d7-5cb7-bf74-86c7cb3e4f07,26f7241d-a84e-5e4a-a43d-33eea1e54eea,f2fe8134-61d1-5b30-aa43-c4711f97f065,2024-08-22T00:00:00,1,cliente,Devolución de cliente
113b83dc-cac3-5afc-8474-32d19f71f0a1,e8aeb018-f679-5670-b210-de4f62ff2111,22231140-3780-5fe8-a7d4-d33f61d15111,43616d97-2221-569d-82eb-bcc14bcd6344,3a5646e7-a9fe-5eaf-9933-de59fc541a3a,2024-08-28T00:00:00,1,cliente,Devolución de cliente
b73b1914-8e93-5cfd-90c3-726876434340,e8aeb018-f679-5670-b210-de4f62ff2111,2eb3a104-e572-583a-afa0-156ee0dc4cce,26f7241d-a84e-5e4a-a43d-33eea1e54eea,ab44e597-865f-58f6-b20e-0b978dd226d9,2024-08-30T00:00:00,1,cliente,Devolución de cliente
367deba4-8ced-56a8-a6df-79279368634a,e8aeb018-f679-5670-b210-de4f62ff2111,d0ae6d2d-e561-56b3-a2c1-113c1c56ae81,26f7241d-a84e-5e4a-a43d-33eea1e54eea,82daade4-64a7-5335-9ae3-10d6004aa5b1,2024-09-02T00:00:00,1,cliente,Devolución de cliente
41f9fc04-d3a3-5643-b9c9-a2e91754396d,e8aeb018-f679-5670-b210-de4f62ff2111,2897aac2-f219-5167-b800-73fac27f6b85,43616d97-2221-569d-82eb-bcc14bcd6344,8cc7fcc6-3681-56f4-97ec-d6d7d45d55d0,2024-09-02T00:00:00,1,cliente,Devolución de cliente
1cfa468f-cd1b-594d-a112-d4a0d31d6c46,e8aeb018-f679-5670-b210-de4f62ff2111,d0ae6d2d-e561-56b3-a2c1-113c1c56ae81,26f7241d-a84e-5e4a-a43d-33eea1e54eea,82daade4-64a7-5335-9ae3-10d6004aa5b1,2024-09-04T00:00:00,1,cliente,Devolución de cliente
3144b431-ad15-56a8-8699-4a150df9838f,e8aeb018-f679-5670-b210-de4f62ff2111,d0ae6d2d-e561-56b3-a2c1-113c1c56ae81,8ecedccf-c230-516b-bbc2-108f7a6fbe63,5c7c1c57-76e6-54d2-b586-2bbb01731bc7,2024-09-04T00:00:00,1,cliente,Devolución de cliente
571abc17-4c3d-5ed9-9b06-781d977f0657,e8aeb018-f679-5670-b210-de4f62ff2111,22231140-3780-5fe8-a7d4-d33f61d15111,d6f21f11-7533-52dd-a4dc-2fb8e260c02c,ec8725c3-2a3e-567d-9da0-b1bffb749389,2024-09-06T00:00:00,1,cliente,Devolución de cliente
30e72c17-63b3-58f0-8272-f1343714b76b,e8aeb018-f679-5670-b210-de4f62ff2111,97d26d91-c562-5f27-9ebd-285e89c8f4bf,43616d97-2221-569d-82eb-bcc14bcd6344,9d949d05-6d84-51b7-9c4d-ec4196adb458,2024-09-08T00:00:00,1,cliente,Devolución de cliente
690aa894-0103-5134-bcbb-96b7891c70a7,e8aeb018-f679-5670-b210-de4f62ff2111,07371b94-955f-52a4-9bf9-f0a6ad2b4fa8,26f7241d-a84e-5e4a-a43d-33eea1e54eea,f27f3c2b-58bb-5e80-96bd-82f308aa3b3e,2024-09-09T00:00:00,1,cliente,Devolución de cliente
cf09915f-0006-5f39-ab52-d37c85ad714b,e8aeb018-f679-5670-b210-de4f62ff2111,87b859e0-789a-56e6-b1ba-4fe76221d3bf,26f7241d-a84e-5e4a-a43d-33eea1e54eea,78728f06-e445-5f3f-beaf-5d6a44dda69c,2024-09-11T00:00:00,1,cliente,Devolución de cliente
fa766d27-28e5-560c-9782-9f4dc4810cd9,e8aeb018-f679-5670-b210-de4f62ff2111,2082733c-4e17-51fe-bc8c-bf33d3ec5d7e,d6f21f11-7533-52dd-a4dc-2fb8e260c02c,9181cff2-1835-563a-adc2-08b48dc55ef5,2024-09-12T00:00:00,1,cliente,Devolución de cliente
d729a69a-3ff8-5ec4-b5ca-6139d43bfcb4,e8aeb018-f679-5670-b210-de4f62ff2111,82cd11ba-d1a0-58b1-b14f-edd741f36e87,7fb983e8-6848-5425-97a2-14da72722d0f,31042c91-a80c-5b5e-a77a-d3711fa2c9b6,2024-09-12T00:00:00,1,cliente,Devolución de cliente
bd54e15b-de2c-5a49-b0dc-0bc6314ea136,e8aeb018-f679-5670-b210-de4f62ff2111,d3961f5a-3ea7-53d3-89f4-78b65b0c0c6b,8ecedccf-c230-516b-bbc2-108f7a6fbe63,fda79e96-d6e9-5289-aa03-65a16a491520,2024-09-14T00:00:00,1,cliente,Devolución de cliente
1d70ec1f-3cab-57f9-9f65-7a38c64fa17e,e8aeb018-f679-5670-b210-de4f62ff2111,9928e9a1-d9fc-5fdd-86c2-8909352fd7fe,d6f21f11-7533-52dd-a4dc-2fb8e260c02c,faaa68df-d4cf-5858-babd-8b0ae9aaa430,2024-09-16T00:00:00,1,cliente,Devolución de cliente
1546c386-b921-5415-8fa4-c0cb8938c5b1,e8aeb018-f679-5670-b210-de4f62ff2111,6d807393-f4ab-5f76-b544-251eeda27ba3,d6f21f11-7533-52dd-a4dc-2fb8e260c02c,03f31480-a66d-5b99-9d44-9ddf25f2c5d1,2024-09-25T00:00:00,1,cliente,Devolución de cliente
246bba22-a54b-5b4d-8771-2e41a68fad16,e8aeb018-f679-5670-b210-de4f62ff2111,d2f08f15-f9f2-5f65-a740-b05896774467,d6f21f11-7533-52dd-a4dc-2fb8e260c02c,80a04b0f-c754-5a5c-8895-2cdc0d00cbc4,2024-09-27T00:00:00,1,cliente,Devolución de cliente
a386c2a1-77ab-5632-a0f6-32ff10507fc8,e8aeb018-f679-5670-b210-de4f62ff2111,94e18241-54bd-5516-b36f-94ab6e323aca,26f7241d-a84e-5e4a-a43d-33eea1e54eea,7f805f48-cb95-5d5f-9d01-c3cbb70b4eb7,2024-09-30T00:00:00,1,cliente,Devolución de cliente
7924f2da-0674-5827-bdd3-0a39f6348f75,e8aeb018-f679-5670-b210-de4f62ff2111,38adf7ba-476e-5e6b-9163-781a13538253,43616d97-2221-569d-82eb-bcc14bcd6344,16c4fed8-4a64-51ef-98a5-dabd02f2387b,2024-09-30T00:00:00,1,cliente,Devolución de cliente
26c9a881-93f0-5b8c-a904-e970c345e0ec,e8aeb018-f679-5670-b210-de4f62ff2111,2082733c-4e17-51fe-bc8c-bf33d3ec5d7e,43616d97-2221-569d-82eb-bcc14bcd6344,5d3882c3-a603-5777-8588-7f345a670694,2024-10-10T00:00:00,1,cliente,Devolución de cliente
c43a4b6d-7788-5a98-a1c0-4922dbd72f7a,e8aeb018-f679-5670-b210-de4f62ff2111,5bbfdec8-65ae-59e6-b211-5eccb5b765fa,43616d97-2221-569d-82eb-bcc14bcd6344,9410a74f-b615-5ec6-ab96-54a6cc77054e,2024-10-15T00:00:00,1,cliente,Devolución de cliente
808de535-f189-5e2d-ad43-4fc28d8bdc43,e8aeb018-f679-5670-b210-de4f62ff2111,c0cf5e5c-b5c9-585a-8e79-d9830bc954f6,26f7241d-a84e-5e4a-a43d-33eea1e54eea,a1a7af19-dcb6-59a1-9c8e-677ef3dc93de,2024-10-19T00:00:00,1,cliente,Devolución de cliente
6a8e7176-a42f-54a6-a01b-b599bf4ed0d4,e8aeb018-f679-5670-b210-de4f62ff2111,983871db-adfb-543e-b438-6b00044ffb64,43616d97-2221-569d-82eb-bcc14bcd6344,43f217ac-daaf-598a-83d8-7ac31797081a,2024-10-19T00:00:00,1,cliente,Devolución de cliente
2dccab98-6977-5bb6-a93b-36a927f402a5,e8aeb018-f679-5670-b210-de4f62ff2111,012857cc-907f-5e7d-b8fb-796d2c9f1621,7fb983e8-6848-5425-97a2-14da72722d0f,336364a9-2b87-5be5-b5bb-ad69599d4016,2024-10-26T00:00:00,1,cliente,Devolución de cliente
8f9a826b-000d-50e8-9fa7-6da6380d91cb,e8aeb018-f679-5670-b210-de4f62ff2111,22231140-3780-5fe8-a7d4-d33f61d15111,26f7241d-a84e-5e4a-a43d-33eea1e54eea,6b3594c6-93d4-564a-99bf-d3edc1e72314,2024-11-03T00:00:00,1,cliente,Devolución de cliente
86a4f35f-c111-5dea-b0b1-b863625a5d05,e8aeb018-f679-5670-b210-de4f62ff2111,94e18241-54bd-5516-b36f-94ab6e323aca,26f7241d-a84e-5e4a-a43d-33eea1e54eea,7f805f48-cb95-5d5f-9d01-c3cbb70b4eb7,2024-11-05T00:00:00,1,cliente,Devolución de cliente
9d05bb52-d8d3-58bd-8fef-186677e4f10c,e8aeb018-f679-5670-b210-de4f62ff2111,d3961f5a-3ea7-53d3-89f4-78b65b0c0c6b,43616d97-2221-569d-82eb-bcc14bcd6344,4c999463-1f9e-5c83-a12c-ace1ea879722,2024-11-11T00:00:00,1,cliente,Devolución de cliente
ce77a6cb-92ed-5ca2-8c60-7fb16d373374,e8aeb018-f679-5670-b210-de4f62ff2111,1ca3438e-9e23-58f0-a35f-f15f7a23beb9,8ecedccf-c230-516b-bbc2-108f7a6fbe63,bf6906ef-237f-56e0-a721-b7d0afd4b41d,2024-11-11T00:00:00,1,cliente,Devolución de cliente
c58acae3-80ee-5ce3-9ae6-68ed413c3b11,e8aeb018-f679-5670-b210-de4f62ff2111,2082733c-4e17-51fe-bc8c-bf33d3ec5d7e,d6f21f11-7533-52dd-a4dc-2fb8e260c02c,9181cff2-1835-563a-adc2-08b48dc55ef5,2024-11-12T00:00:00,1,cliente,Devolución de cliente
fd80b22d-9431-589d-8a80-c36f407fa08b,e8aeb018-f679-5670-b210-de4f62ff2111,2eb3a104-e572-583a-afa0-156ee0dc4cce,26f7241d-a84e-5e4a-a43d-33eea1e54eea,ab44e597-865f-58f6-b20e-0b978dd226d9,2024-11-22T00:00:00,1,cliente,Devolución de cliente
6d91d0fd-526a-5aea-8784-2c5cee2579ae,e8aeb018-f679-5670-b210-de4f62ff2111,042e2e80-f954-5df4-97be-29dd428cc598,8ecedccf-c230-516b-bbc2-108f7a6fbe63,6ede1d9d-2437-5572-b34c-70eabe9c9938,2024-11-23T00:00:00,1,cliente,Devolución de cliente
a7bc1a1d-ba21-51f1-bedb-26830e6797e3,e8aeb018-f679-5670-b210-de4f62ff2111,afe9d181-1c64-5cca-b4b7-a9fa24eceeea,d6f21f11-7533-52dd-a4dc-2fb8e260c02c,f04443f2-bf9e-56bb-8ffe-679c52b8f7a3,2024-11-25T00:00:00,1,cliente,Devolución de cliente
61cbc843-4396-5c2d-b00a-87f3532d7cbe,e8aeb018-f679-5670-b210-de4f62ff2111,6baabed2-52d7-5cb7-bf74-86c7cb3e4f07,8ecedccf-c230-516b-bbc2-108f7a6fbe63,410ee401-e85a-590b-beaf-cb28516cf25e,2024-11-29T00:00:00,1,cliente,Devolución de cliente
bdeac584-932d-52c3-a37b-6b00d398b7d7,e8aeb018-f679-5670-b210-de4f62ff2111,38adf7ba-476e-5e6b-9163-781a13538253,8ecedccf-c230-516b-bbc2-108f7a6fbe63,f0a44c35-d393-54e9-bde4-5e5bf27fc38f,2024-12-13T00:00:00,1,cliente,Devolución de cliente
565b42bb-1df4-504c-9c4b-9f1a18836f9d,e8aeb018-f679-5670-b210-de4f62ff2111,2897aac2-f219-5167-b800-73fac27f6b85,8ecedccf-c230-516b-bbc2-108f7a6fbe63,42f11502-3dd1-5ac2-abbe-171e7c41dce8,2024-12-14T00:00:00,1,cliente,Devolución de cliente
df57e8a0-384b-59ba-b8f0-c7d8d5b65118,e8aeb018-f679-5670-b210-de4f62ff2111,983871db-adfb-543e-b438-6b00044ffb64,26f7241d-a84e-5e4a-a43d-33eea1e54eea,5f5feb9e-5db8-5587-958c-029f1170ddb3,2024-12-15T00:00:00,1,cliente,Devolución de cliente
1ba25ccf-2612-5f86-90be-1d417f9493c5,e8aeb018-f679-5670-b210-de4f62ff2111,1e9605fd-5682-52b6-8f05-e8a92dd44513,7fb983e8-6848-5425-97a2-14da72722d0f,c2b83c05-fd51-5946-92ca-840636ddf27f,2024-12-16T00:00:00,1,cliente,Devolución de cliente
4a12e44c-bed6-5c58-9124-247f1c07e0d5,e8aeb018-f679-5670-b210-de4f62ff2111,1e9605fd-5682-52b6-8f05-e8a92dd44513,d6f21f11-7533-52dd-a4dc-2fb8e260c02c,746184d3-971c-5666-a7ad-811b2a8e676b,2024-12-18T00:00:00,1,cliente,Devolución de cliente
bee624b7-293d-5506-bc26-15d3aa2f85ad,e8aeb018-f679-5670-b210-de4f62ff2111,2082733c-4e17-51fe-bc8c-bf33d3ec5d7e,8ecedccf-c230-516b-bbc2-108f7a6fbe63,638e88cc-29c0-5e9a-b6f6-650f835d956e,2024-12-21T00:00:00,1,cliente,Devolución de cliente
706ced05-36ef-5149-b6b9-34ef2d37c57f,e8aeb018-f679-5670-b210-de4f62ff2111,38adf7ba-476e-5e6b-9163-781a13538253,26f7241d-a84e-5e4a-a43d-33eea1e54eea,9ac45dfa-49ad-520e-a324-e53fccbab627,2024-12-22T00:00:00,1,cliente,Devolución de cliente
bc72dcaa-bf96-52e5-afaf-a76da96b9375,e8aeb018-f679-5670-b210-de4f62ff2111,6baabed2-52d7-5cb7-bf74-86c7cb3e4f07,8ecedccf-c230-516b-bbc2-108f7a6fbe63,410ee401-e85a-590b-beaf-cb28516cf25e,2024-12-22T00:00:00,1,cliente,Devolución de cliente
48ab5ace-726e-54c6-97f6-95c2ee14fafd,e8aeb018-f679-5670-b210-de4f62ff2111,d2f08f15-f9f2-5f65-a740-b05896774467,26f7241d-a84e-5e4a-a43d-33eea1e54eea,9e78659b-13f8-5984-9465-52ee54ab579d,2024-12-24T00:00:00,1,cliente,Devolución de cliente
168b686a-e445-5a93-b670-71cb04a47852,e8aeb018-f679-5670-b210-de4f62ff2111,012857cc-907f-5e7d-b8fb-796d2c9f1621,d6f21f11-7533-52dd-a4dc-2fb8e260c02c,b26399d3-0d45-50f2-a081-b2cfc83e0f53,2024-12-26T00:00:00,1,cliente,Devolución de cliente
99404f68-af18-5868-a92b-353098c9e268,e8aeb018-f679-5670-b210-de4f62ff2111,2933d8b7-2438-521b-b38d-d3a5224f87fc,7fb983e8-6848-5425-97a2-14da72722d0f,9c18c679-6b45-51ea-9c70-c5131baf1913,2024-12-28T00:00:00,1,cliente,Devolución de cliente
e4994deb-3e86-5d71-804c-e4794fb729bd,e8aeb018-f679-5670-b210-de4f62ff2111,38adf7ba-476e-5e6b-9163-781a13538253,43616d97-2221-569d-82eb-bcc14bcd6344,16c4fed8-4a64-51ef-98a5-dabd02f2387b,2024-12-30T00:00:00,1,cliente,Devolución de cliente
db1540c3-95f3-5710-9a81-08ede47cef1d,e8aeb018-f679-5670-b210-de4f62ff2111,d0ae6d2d-e561-56b3-a2c1-113c1c56ae81,d6f21f11-7533-52dd-a4dc-2fb8e260c02c,f0076af7-797a-5488-8c38-7bfeb62bf151,2025-01-05T00:00:00,1,cliente,Devolución de cliente
52d6473a-fe84-57b1-a5a8-215576ecb216,e8aeb018-f679-5670-b210-de4f62ff2111,5bbfdec8-65ae-59e6-b211-5eccb5b765fa,26f7241d-a84e-5e4a-a43d-33eea1e54eea,fdb40534-7cde-5331-94cf-b39c6b7f028b,2025-01-07T00:00:00,1,cliente,Devolución de cliente
02494759-c6a7-59c3-a251-17b5c0340663,e8aeb018-f679-5670-b210-de4f62ff2111,0ec23038-d3ab-588c-bbd6-1f5c744cdde1,26f7241d-a84e-5e4a-a43d-33eea1e54eea,a15b2b6b-49bf-5aa4-9c26-58e088aca4d0,2025-01-10T00:00:00,1,cliente,Devolución de cliente
18df08c1-84c6-5a91-a53a-6ac772a28ff2,e8aeb018-f679-5670-b210-de4f62ff2111,4d9429b6-2ebf-5b5d-ac48-f779d5a1e270,8ecedccf-c230-516b-bbc2-108f7a6fbe63,48e805bf-6cd8-5dd0-883a-1c8403d9245b,2025-01-10T00:00:00,1,cliente,Devolución de cliente
9b8eb436-df5d-515d-a68e-9882feebde24,e8aeb018-f679-5670-b210-de4f62ff2111,87b859e0-789a-56e6-b1ba-4fe76221d3bf,43616d97-2221-569d-82eb-bcc14bcd6344,45ee4d97-d387-5e07-abf6-535e54ddba65,2025-01-11T00:00:00,1,cliente,Devolución de cliente
5a2f5483-b1ad-56ec-8514-97ae484c4fe9,e8aeb018-f679-5670-b210-de4f62ff2111,87b859e0-789a-56e6-b1ba-4fe76221d3bf,d6f21f11-7533-52dd-a4dc-2fb8e260c02c,b4fa9d8b-46b2-5ec4-b8b3-b0c4429a5832,2025-01-12T00:00:00,1,cliente,Devolución de cliente
9e116ccb-5b24-54ff-9569-4a74150fc808,e8aeb018-f679-5670-b210-de4f62ff2111,d2f08f15-f9f2-5f65-a740-b05896774467,d6f21f11-7533-52dd-a4dc-2fb8e260c02c,80a04b0f-c754-5a5c-8895-2cdc0d00cbc4,2025-01-12T00:00:00,1,cliente,Devolución de cliente
e77f58ef-be35-57ff-afd3-3172dc40b8a3,e8aeb018-f679-5670-b210-de4f62ff2111,042e2e80-f954-5df4-97be-29dd428cc598,8ecedccf-c230-516b-bbc2-108f7a6fbe63,6ede1d9d-2437-5572-b34c-70eabe9c9938,2025-01-12T00:00:00,1,cliente,Devolución de cliente
f955da18-6dde-5a2b-bb62-fb8ecdaf0f5a,e8aeb018-f679-5670-b210-de4f62ff2111,5bbfdec8-65ae-59e6-b211-5eccb5b765fa,8ecedccf-c230-516b-bbc2-108f7a6fbe63,0f9c5322-fb40-5f08-9bd3-71f71f75dffb,2025-01-18T00:00:00,1,cliente,Devolución de cliente
b23f0caf-ff5f-55d1-9eb9-ce45d1037be8,e8aeb018-f679-5670-b210-de4f62ff2111,d0ae6d2d-e561-56b3-a2c1-113c1c56ae81,8ecedccf-c230-516b-bbc2-108f7a6fbe63,5c7c1c57-76e6-54d2-b586-2bbb01731bc7,2025-01-19T00:00:00,1,cliente,Devolución de cliente
9ae9b74f-46c6-53ac-8189-e02386c8d6db,e8aeb018-f679-5670-b210-de4f62ff2111,0ec23038-d3ab-588c-bbd6-1f5c744cdde1,d6f21f11-7533-52dd-a4dc-2fb8e260c02c,5c100a14-3d1e-55cf-bfc4-ed1a2d8508a5,2025-01-20T00:00:00,1,cliente,Devolución de cliente
c84cd7bc-9acd-5d7b-a3d2-bd0d38c41049,e8aeb018-f679-5670-b210-de4f62ff2111,2897aac2-f219-5167-b800-73fac27f6b85,8ecedccf-c230-516b-bbc2-108f7a6fbe63,42f11502-3dd1-5ac2-abbe-171e7c41dce8,2025-01-23T00:00:00,1,cliente,Devolución de cliente
16c63f01-f798-5e0a-b878-dd9526503944,e8aeb018-f679-5670-b210-de4f62ff2111,d0ae6d2d-e561-56b3-a2c1-113c1c56ae81,26f7241d-a84e-5e4a-a43d-33eea1e54eea,82daade4-64a7-5335-9ae3-10d6004aa5b1,2025-01-24T00:00:00,1,cliente,Devolución de cliente
447816fb-04e6-5ab3-90db-07db315bbb6d,e8aeb018-f679-5670-b210-de4f62ff2111,97d26d91-c562-5f27-9ebd-285e89c8f4bf,7fb983e8-6848-5425-97a2-14da72722d0f,04f2d7d9-cc4b-5cf8-b32d-6cea430de824,2025-01-28T00:00:00,1,cliente,Devolución de cliente
827a6980-6e66-5c3b-b726-68f0a96cdd0e,e8aeb018-f679-5670-b210-de4f62ff2111,d9506935-1215-5499-93c0-8bdd86ab9418,43616d97-2221-569d-82eb-bcc14bcd6344,a3f2acad-15b5-5257-8ed4-87f1b9b34a67,2025-01-29T00:00:00,1,cliente,Devolución de cliente
fa6978fc-9f24-54b5-b7f3-466a82af7eef,e8aeb018-f679-5670-b210-de4f62ff2111,d2f08f15-f9f2-5f65-a740-b05896774467,7fb983e8-6848-5425-97a2-14da72722d0f,53ad9147-a5d1-50c4-b05f-9b62e2dbbf0e,2025-02-01T00:00:00,1,cliente,Devolución de cliente
36766612-7b7e-5a3a-aa84-ab24cdb55030,e8aeb018-f679-5670-b210-de4f62ff2111,07371b94-955f-52a4-9bf9-f0a6ad2b4fa8,d6f21f11-7533-52dd-a4dc-2fb8e260c02c,39f2071a-07fc-5df0-99b7-3a01f2dab81f,2025-02-03T00:00:00,1,cliente,Devolución de cliente
92c57a54-6407-5dbc-b630-0fc65918412e,e8aeb018-f679-5670-b210-de4f62ff2111,d2f08f15-f9f2-5f65-a740-b05896774467,7fb983e8-6848-5425-97a2-14da72722d0f,53ad9147-a5d1-50c4-b05f-9b62e2dbbf0e,2025-02-04T00:00:00,1,cliente,Devolución de cliente
0ad3940d-4a51-5865-9cc4-4d4bcb774da2,e8aeb018-f679-5670-b210-de4f62ff2111,2933d8b7-2438-521b-b38d-d3a5224f87fc,26f7241d-a84e-5e4a-a43d-33eea1e54eea,0f9a7d61-7769-5029-a8c6-61fabfdac8ae,2025-02-05T00:00:00,1,cliente,Devolución de cliente
c18391c5-b63d-5fc5-8993-0f9c480aff70,e8aeb018-f679-5670-b210-de4f62ff2111,d0ae6d2d-e561-56b3-a2c1-113c1c56ae81,26f7241d-a84e-5e4a-a43d-33eea1e54eea,82daade4-64a7-5335-9ae3-10d6004aa5b1,2025-02-07T00:00:00,1,cliente,Devolución de cliente
b00d4dcf-4967-5614-b1d6-ecef198ae7e2,e8aeb018-f679-5670-b210-de4f62ff2111,9928e9a1-d9fc-5fdd-86c2-8909352fd7fe,43616d97-2221-569d-82eb-bcc14bcd6344,940f1753-8eba-5188-b718-a43cd4a460b2,2025-02-10T00:00:00,1,cliente,Devolución de cliente
000e85a7-f3dc-5c48-9ce3-8c90a2e77a12,e8aeb018-f679-5670-b210-de4f62ff2111,6d807393-f4ab-5f76-b544-251eeda27ba3,7fb983e8-6848-5425-97a2-14da72722d0f,976943ac-debb-51c1-bb46-59f9fea6d302,2025-02-12T00:00:00,1,cliente,Devolución de cliente
278a330b-6c00-5bdb-b6b4-e2f3e6dfaf6f,e8aeb018-f679-5670-b210-de4f62ff2111,97d26d91-c562-5f27-9ebd-285e89c8f4bf,8ecedccf-c230-516b-bbc2-108f7a6fbe63,cc051e29-e7b6-59a1-b15b-d1164dac4ac1,2025-02-15T00:00:00,1,cliente,Devolución de cliente
8789d8ce-1cef-509d-9d95-ddfc90724269,e8aeb018-f679-5670-b210-de4f62ff2111,1e9605fd-5682-52b6-8f05-e8a92dd44513,26f7241d-a84e-5e4a-a43d-33eea1e54eea,bf46859f-38ae-53de-8445-45d6353d009f,2025-02-19T00:00:00,1,cliente,Devolución de cliente
9efc3122-c0c4-5701-a0d3-722dbf565a78,e8aeb018-f679-5670-b210-de4f62ff2111,9928e9a1-d9fc-5fdd-86c2-8909352fd7fe,8ecedccf-c230-516b-bbc2-108f7a6fbe63,bc792745-e9fe-52f3-a4cf-8c2f04e51e60,2025-02-19T00:00:00,1,cliente,Devolución de cliente
8bc9e783-23a5-5d32-a8ee-949e905aada0,e8aeb018-f679-5670-b210-de4f62ff2111,82cd11ba-d1a0-58b1-b14f-edd741f36e87,8ecedccf-c230-516b-bbc2-108f7a6fbe63,3975291b-b68d-5cbf-b496-ef8837c6e130,2025-02-22T00:00:00,1,cliente,Devolución de cliente
bdc5e502-9dc4-55fd-9269-3ff7b682e157,e8aeb018-f679-5670-b210-de4f62ff2111,983871db-adfb-543e-b438-6b00044ffb64,d6f21f11-7533-52dd-a4dc-2fb8e260c02c,b5fd0811-e504-5502-9b51-9d24a8de0cda,2025-02-23T00:00:00,1,cliente,Devolución de cliente
373c665a-8b4c-5ace-b7a7-2a99ef9cf48f,e8aeb018-f679-5670-b210-de4f62ff2111,9928e9a1-d9fc-5fdd-86c2-8909352fd7fe,8ecedccf-c230-516b-bbc2-108f7a6fbe63,bc792745-e9fe-52f3-a4cf-8c2f04e51e60,2025-02-23T00:00:00,1,cliente,Devolución de cliente
fda9a14b-f5b9-57f3-b796-ad67429eba08,e8aeb018-f679-5670-b210-de4f62ff2111,07371b94-955f-52a4-9bf9-f0a6ad2b4fa8,26f7241d-a84e-5e4a-a43d-33eea1e54eea,f27f3c2b-58bb-5e80-96bd-82f308aa3b3e,2025-02-24T00:00:00,1,cliente,Devolución de cliente
6586648a-ca5d-5f64-ab05-f7c21bd359c9,e8aeb018-f679-5670-b210-de4f62ff2111,cd81184b-b6f1-563c-b463-36a69ddfb598,43616d97-2221-569d-82eb-bcc14bcd6344,a996d997-8f9f-5466-96aa-bac18a4a699b,2025-02-24T00:00:00,1,cliente,Devolución de cliente
b70c9e49-2fa9-5d1d-9897-866bf10951d9,e8aeb018-f679-5670-b210-de4f62ff2111,38adf7ba-476e-5e6b-9163-781a13538253,43616d97-2221-569d-82eb-bcc14bcd6344,16c4fed8-4a64-51ef-98a5-dabd02f2387b,2025-02-25T00:00:00,1,cliente,Devolución de cliente
5fb90ed4-712f-552f-a327-0d7b3964c753,e8aeb018-f679-5670-b210-de4f62ff2111,97d26d91-c562-5f27-9ebd-285e89c8f4bf,8ecedccf-c230-516b-bbc2-108f7a6fbe63,cc051e29-e7b6-59a1-b15b-d1164dac4ac1,2025-02-27T00:00:00,1,cliente,Devolución de cliente
e3c0b5a2-1102-5a39-abe1-87db78b63e09,e8aeb018-f679-5670-b210-de4f62ff2111,2897aac2-f219-5167-b800-73fac27f6b85,43616d97-2221-569d-82eb-bcc14bcd6344,8cc7fcc6-3681-56f4-97ec-d6d7d45d55d0,2025-03-01T00:00:00,1,cliente,Devolución de cliente
8a631f39-b502-5531-a980-250985708ccb,e8aeb018-f679-5670-b210-de4f62ff2111,c0cf5e5c-b5c9-585a-8e79-d9830bc954f6,43616d97-2221-569d-82eb-bcc14bcd6344,f30bdcd0-67d5-588a-b236-fe887f024267,2025-03-05T00:00:00,1,cliente,Devolución de cliente
add9f6f9-9409-5737-a1d1-c74816bbefeb,e8aeb018-f679-5670-b210-de4f62ff2111,22231140-3780-5fe8-a7d4-d33f61d15111,7fb983e8-6848-5425-97a2-14da72722d0f,b4ed7d8b-0619-5d6d-a610-75be43a329a0,2025-03-06T00:00:00,1,cliente,Devolución de cliente
2f2cd87e-e499-502e-8459-6768fe1e481c,e8aeb018-f679-5670-b210-de4f62ff2111,38adf7ba-476e-5e6b-9163-781a13538253,43616d97-2221-569d-82eb-bcc14bcd6344,16c4fed8-4a64-51ef-98a5-dabd02f2387b,2025-03-09T00:00:00,1,cliente,Devolución de cliente
7f543ac0-ddca-5ac7-9a67-1128b009c81a,e8aeb018-f679-5670-b210-de4f62ff2111,2897aac2-f219-5167-b800-73fac27f6b85,d6f21f11-7533-52dd-a4dc-2fb8e260c02c,c8d2b24c-2768-54e3-a33f-9131ab185c54,2025-03-09T00:00:00,1,cliente,Devolución de cliente
57791194-5314-5b0c-85e7-974d2e5a1207,e8aeb018-f679-5670-b210-de4f62ff2111,d2f08f15-f9f2-5f65-a740-b05896774467,43616d97-2221-569d-82eb-bcc14bcd6344,928986e6-3a4d-5247-bf73-50c3cc492323,2025-03-10T00:00:00,1,cliente,Devolución de cliente
f4b0e183-4009-5ec1-8673-d7cb9c2e17f8,e8aeb018-f679-5670-b210-de4f62ff2111,cd81184b-b6f1-563c-b463-36a69ddfb598,8ecedccf-c230-516b-bbc2-108f7a6fbe63,c9b58242-c446-51f3-bfbb-e9dc375d986c,2025-03-14T00:00:00,1,cliente,Devolución de cliente
1e0875e3-21b8-5436-badd-8fa417aaf244,e8aeb018-f679-5670-b210-de4f62ff2111,2082733c-4e17-51fe-bc8c-bf33d3ec5d7e,43616d97-2221-569d-82eb-bcc14bcd6344,5d3882c3-a603-5777-8588-7f345a670694,2025-03-17T00:00:00,1,cliente,Devolución de cliente
9ba3dc79-7b7d-5f09-9e5c-42abf7f86bd5,e8aeb018-f679-5670-b210-de4f62ff2111,042e2e80-f954-5df4-97be-29dd428cc598,43616d97-2221-569d-82eb-bcc14bcd6344,835f1f87-638f-54d6-9335-4e5d74fe269c,2025-03-18T00:00:00,1,cliente,Devolución de cliente
52c653fc-bd90-5580-a3b7-356df2df4a9e,e8aeb018-f679-5670-b210-de4f62ff2111,c0cf5e5c-b5c9-585a-8e79-d9830bc954f6,26f7241d-a84e-5e4a-a43d-33eea1e54eea,a1a7af19-dcb6-59a1-9c8e-677ef3dc93de,2025-03-20T00:00:00,1,cliente,Devolución de cliente
c7a51476-e43f-5439-aba6-ec4a5df52c34,e8aeb018-f679-5670-b210-de4f62ff2111,6baabed2-52d7-5cb7-bf74-86c7cb3e4f07,26f7241d-a84e-5e4a-a43d-33eea1e54eea,2d5dc884-2591-5c0c-923b-f41669581114,2025-03-21T00:00:00,1,cliente,Devolución de cliente
59b10aca-888b-5edb-8822-6b25335a3eaf,e8aeb018-f679-5670-b210-de4f62ff2111,2933d8b7-2438-521b-b38d-d3a5224f87fc,26f7241d-a84e-5e4a-a43d-33eea1e54eea,0f9a7d61-7769-5029-a8c6-61fabfdac8ae,2025-03-22T00:00:00,1,cliente,Devolución de cliente
b6bb8858-fd0a-5cab-a523-d8cf058cd253,e8aeb018-f679-5670-b210-de4f62ff2111,058c6382-bde2-59d1-93ff-20c6161a4736,d6f21f11-7533-52dd-a4dc-2fb8e260c02c,a47023e3-ddf1-5776-963a-06054c447365,2025-03-22T00:00:00,1,cliente,Devolución de cliente
e1af976b-bfec-56fa-8b0b-cfe46e025efd,e8aeb018-f679-5670-b210-de4f62ff2111,82cd11ba-d1a0-58b1-b14f-edd741f36e87,7fb983e8-6848-5425-97a2-14da72722d0f,31042c91-a80c-5b5e-a77a-d3711fa2c9b6,2025-03-25T00:00:00,1,cliente,Devolución de cliente
cf94545a-4782-516d-97c7-f724edfe89eb,e8aeb018-f679-5670-b210-de4f62ff2111,0ec23038-d3ab-588c-bbd6-1f5c744cdde1,8ecedccf-c230-516b-bbc2-108f7a6fbe63,ae03aca7-7aa3-5c5e-a274-9c880340b071,2025-04-02T00:00:00,1,cliente,Devolución de cliente
518adf91-e924-5901-913e-65e81ead8cd4,e8aeb018-f679-5670-b210-de4f62ff2111,1e9605fd-5682-52b6-8f05-e8a92dd44513,8ecedccf-c230-516b-bbc2-108f7a6fbe63,778d61ba-aeda-5331-af5e-e3cd113e4f3c,2025-04-04T00:00:00,1,cliente,Devolución de cliente
8fd075bf-5135-5c65-9eb0-0ba7bc0c0c02,e8aeb018-f679-5670-b210-de4f62ff2111,d3961f5a-3ea7-53d3-89f4-78b65b0c0c6b,26f7241d-a84e-5e4a-a43d-33eea1e54eea,79bef263-4528-5fd1-b6a2-9eabc89a87c3,2025-04-05T00:00:00,1,cliente,Devolución de cliente
be315794-9ca0-55a2-899f-5e6ccc463e6e,e8aeb018-f679-5670-b210-de4f62ff2111,82cd11ba-d1a0-58b1-b14f-edd741f36e87,43616d97-2221-569d-82eb-bcc14bcd6344,f4b5bb0a-4c2b-57cc-8bff-ffdcc5a32a7b,2025-04-08T00:00:00,1,cliente,Devolución de cliente
b700fcec-a2dd-5f6f-a7f8-34c77058f97d,e8aeb018-f679-5670-b210-de4f62ff2111,2082733c-4e17-51fe-bc8c-bf33d3ec5d7e,26f7241d-a84e-5e4a-a43d-33eea1e54eea,303264bb-39e2-5f66-9aaa-5ae22cf72fef,2025-04-11T00:00:00,1,cliente,Devolución de cliente
62c31f75-4092-5698-9d33-9d3e22483e1c,e8aeb018-f679-5670-b210-de4f62ff2111,97d26d91-c562-5f27-9ebd-285e89c8f4bf,8ecedccf-c230-516b-bbc2-108f7a6fbe63,cc051e29-e7b6-59a1-b15b-d1164dac4ac1,2025-04-11T00:00:00,1,cliente,Devolución de cliente
bdabc0a5-8902-50f0-94f6-47d025bcb8b5,e8aeb018-f679-5670-b210-de4f62ff2111,6d807393-f4ab-5f76-b544-251eeda27ba3,7fb983e8-6848-5425-97a2-14da72722d0f,976943ac-debb-51c1-bb46-59f9fea6d302,2025-04-11T00:00:00,1,cliente,Devolución de cliente
c7fdda9d-547f-523e-a7ae-9a09eaa84e5f,e8aeb018-f679-5670-b210-de4f62ff2111,2933d8b7-2438-521b-b38d-d3a5224f87fc,d6f21f11-7533-52dd-a4dc-2fb8e260c02c,661ffc67-db4b-57f6-969b-e58a531476ff,2025-04-15T00:00:00,1,cliente,Devolución de cliente
90670f32-a579-5d2f-807b-03eb24692367,e8aeb018-f679-5670-b210-de4f62ff2111,6baabed2-52d7-5cb7-bf74-86c7cb3e4f07,7fb983e8-6848-5425-97a2-14da72722d0f,06b0a4d0-5fbd-53fd-840a-70fcdc0155af,2025-04-17T00:00:00,1,cliente,Devolución de cliente
664f2072-de80-516a-9776-b19721848ea7,e8aeb018-f679-5670-b210-de4f62ff2111,2933d8b7-2438-521b-b38d-d3a5224f87fc,43616d97-2221-569d-82eb-bcc14bcd6344,62a1bb52-3d53-561a-9503-f26119b335a9,2025-04-18T00:00:00,1,cliente,Devolución de cliente
548055b7-8352-5374-abaf-eab84092058e,e8aeb018-f679-5670-b210-de4f62ff2111,042e2e80-f954-5df4-97be-29dd428cc598,43616d97-2221-569d-82eb-bcc14bcd6344,835f1f87-638f-54d6-9335-4e5d74fe269c,2025-04-19T00:00:00,1,cliente,Devolución de cliente
3fb12536-7b3d-5d12-82a4-0bc4ba080b4c,e8aeb018-f679-5670-b210-de4f62ff2111,058c6382-bde2-59d1-93ff-20c6161a4736,d6f21f11-7533-52dd-a4dc-2fb8e260c02c,a47023e3-ddf1-5776-963a-06054c447365,2025-04-20T00:00:00,1,cliente,Devolución de cliente
d8a4b91c-55ee-51bb-9468-186c57b2f85e,e8aeb018-f679-5670-b210-de4f62ff2111,87b859e0-789a-56e6-b1ba-4fe76221d3bf,26f7241d-a84e-5e4a-a43d-33eea1e54eea,78728f06-e445-5f3f-beaf-5d6a44dda69c,2025-04-26T00:00:00,1,cliente,Devolución de cliente
eb54e520-8856-5fd8-b007-133bb36dd0ed,e8aeb018-f679-5670-b210-de4f62ff2111,2eb3a104-e572-583a-afa0-156ee0dc4cce,26f7241d-a84e-5e4a-a43d-33eea1e54eea,ab44e597-865f-58f6-b20e-0b978dd226d9,2025-04-28T00:00:00,1,cliente,Devolución de cliente
924aa23c-134b-5802-a29b-8ecdb4b56dc4,e8aeb018-f679-5670-b210-de4f62ff2111,2082733c-4e17-51fe-bc8c-bf33d3ec5d7e,8ecedccf-c230-516b-bbc2-108f7a6fbe63,638e88cc-29c0-5e9a-b6f6-650f835d956e,2025-05-01T00:00:00,1,cliente,Devolución de cliente
1ca692d6-27d8-5cf4-9586-940b03ae7390,e8aeb018-f679-5670-b210-de4f62ff2111,2eb3a104-e572-583a-afa0-156ee0dc4cce,43616d97-2221-569d-82eb-bcc14bcd6344,c46c289c-d542-580a-96e4-7e9e8f5adfba,2025-05-02T00:00:00,1,cliente,Devolución de cliente
265a2d36-9767-5eb3-8c88-1d271a9ec17f,e8aeb018-f679-5670-b210-de4f62ff2111,c0cf5e5c-b5c9-585a-8e79-d9830bc954f6,d6f21f11-7533-52dd-a4dc-2fb8e260c02c,425035e8-dcac-5409-8093-6c81ec1715c5,2025-05-06T00:00:00,1,cliente,Devolución de cliente
5daf36dc-6d07-5f36-85a2-24cf71d0a61f,e8aeb018-f679-5670-b210-de4f62ff2111,c0cf5e5c-b5c9-585a-8e79-d9830bc954f6,7fb983e8-6848-5425-97a2-14da72722d0f,78a04b8f-be8c-58a5-aae9-832339a7f69d,2025-05-12T00:00:00,1,cliente,Devolución de cliente
0054e515-0aaf-5166-97bd-5e86e235b563,e8aeb018-f679-5670-b210-de4f62ff2111,1e9605fd-5682-52b6-8f05-e8a92dd44513,8ecedccf-c230-516b-bbc2-108f7a6fbe63,778d61ba-aeda-5331-af5e-e3cd113e4f3c,2025-05-13T00:00:00,1,cliente,Devolución de cliente
1f24efd9-a9cd-5401-b58a-ce5bded8c763,e8aeb018-f679-5670-b210-de4f62ff2111,983871db-adfb-543e-b438-6b00044ffb64,43616d97-2221-569d-82eb-bcc14bcd6344,ffca800a-e405-5ed8-a34c-5d17d4ec4669,2025-05-16T00:00:00,1,cliente,Devolución de cliente
a9e456d1-f666-55f8-b81a-8955f5c06158,e8aeb018-f679-5670-b210-de4f62ff2111,afe9d181-1c64-5cca-b4b7-a9fa24eceeea,43616d97-2221-569d-82eb-bcc14bcd6344,20a9b508-a45b-5b8c-b2ad-42b3e25407c5,2025-05-16T00:00:00,1,cliente,Devolución de cliente
de83ec6e-398a-5d4e-8dfd-0d74017f5b17,e8aeb018-f679-5670-b210-de4f62ff2111,22231140-3780-5fe8-a7d4-d33f61d15111,7fb983e8-6848-5425-97a2-14da72722d0f,b4ed7d8b-0619-5d6d-a610-75be43a329a0,2025-05-19T00:00:00,1,cliente,Devolución de cliente
8dba075b-c1dc-5fbe-9d7a-254b4b79a0c6,e8aeb018-f679-5670-b210-de4f62ff2111,d9506935-1215-5499-93c0-8bdd86ab9418,7fb983e8-6848-5425-97a2-14da72722d0f,465354b2-f72d-5f61-a53a-9455b44b2e9a,2025-05-19T00:00:00,1,cliente,Devolución de cliente
ce66a9e6-2118-5f35-ba79-3a4f0e02a385,e8aeb018-f679-5670-b210-de4f62ff2111,2897aac2-f219-5167-b800-73fac27f6b85,8ecedccf-c230-516b-bbc2-108f7a6fbe63,42f11502-3dd1-5ac2-abbe-171e7c41dce8,2025-05-24T00:00:00,1,cliente,Devolución de cliente
e8c196d8-9237-5ff0-a0e2-c84b28b1ad88,e8aeb018-f679-5670-b210-de4f62ff2111,1e9605fd-5682-52b6-8f05-e8a92dd44513,26f7241d-a84e-5e4a-a43d-33eea1e54eea,bf46859f-38ae-53de-8445-45d6353d009f,2025-05-27T00:00:00,1,cliente,Devolución de cliente
31c61039-d232-547b-9e71-028b1504b29f,e8aeb018-f679-5670-b210-de4f62ff2111,97d26d91-c562-5f27-9ebd-285e89c8f4bf,d6f21f11-7533-52dd-a4dc-2fb8e260c02c,4c8a987e-f9b4-5c9c-bc5f-b30bd98be057,2025-05-27T00:00:00,1,cliente,Devolución de cliente
f3c987a6-c858-59a4-abbe-c3e9a3ce1025,e8aeb018-f679-5670-b210-de4f62ff2111,07371b94-955f-52a4-9bf9-f0a6ad2b4fa8,7fb983e8-6848-5425-97a2-14da72722d0f,f1a15ecb-1a8d-551f-8cdc-4d867e287021,2025-05-27T00:00:00,1,cliente,Devolución de cliente
eeb0328a-0de9-596f-8734-bfa564182b7c,e8aeb018-f679-5670-b210-de4f62ff2111,d9506935-1215-5499-93c0-8bdd86ab9418,43616d97-2221-569d-82eb-bcc14bcd6344,a3f2acad-15b5-5257-8ed4-87f1b9b34a67,2025-05-29T00:00:00,1,cliente,Devolución de cliente
45a12da7-d47c-5fa2-8aad-09de34c5e9af,e8aeb018-f679-5670-b210-de4f62ff2111,6baabed2-52d7-5cb7-bf74-86c7cb3e4f07,d6f21f11-7533-52dd-a4dc-2fb8e260c02c,507a80dd-44cb-5cfc-8a9d-12e3facbb041,2025-05-30T00:00:00,1,cliente,Devolución de cliente
1dd7f164-ce15-5d07-9ad7-499f3660471e,e8aeb018-f679-5670-b210-de4f62ff2111,38adf7ba-476e-5e6b-9163-781a13538253,d6f21f11-7533-52dd-a4dc-2fb8e260c02c,60f617dc-1478-5217-a9c9-7804e776d922,2025-06-03T00:00:00,1,cliente,Devolución de cliente
0956e6be-bd7b-5d65-adf2-4b070b427515,e8aeb018-f679-5670-b210-de4f62ff2111,87b859e0-789a-56e6-b1ba-4fe76221d3bf,8ecedccf-c230-516b-bbc2-108f7a6fbe63,4f759db6-bfc0-5721-8d8a-3ffedd0a61d3,2025-06-03T00:00:00,1,cliente,Devolución de cliente
d498ba8a-9422-521e-9dfb-3127280dc85d,e8aeb018-f679-5670-b210-de4f62ff2111,d9506935-1215-5499-93c0-8bdd86ab9418,43616d97-2221-569d-82eb-bcc14bcd6344,a3f2acad-15b5-5257-8ed4-87f1b9b34a67,2025-06-04T00:00:00,1,cliente,Devolución de cliente
d0324f68-cba5-56dc-9b19-206e9f760e6c,e8aeb018-f679-5670-b210-de4f62ff2111,82cd11ba-d1a0-58b1-b14f-edd741f36e87,7fb983e8-6848-5425-97a2-14da72722d0f,31042c91-a80c-5b5e-a77a-d3711fa2c9b6,2025-06-07T00:00:00,1,cliente,Devolución de cliente
af7e703e-e81c-5c12-a835-fc1b7ce26749,e8aeb018-f679-5670-b210-de4f62ff2111,94e18241-54bd-5516-b36f-94ab6e323aca,8ecedccf-c230-516b-bbc2-108f7a6fbe63,870fd3dd-38b9-5f6a-93f5-50ec57b1872e,2025-06-10T00:00:00,1,cliente,Devolución de cliente
f13d6b94-8e85-59f1-a0e3-ab732e560658,e8aeb018-f679-5670-b210-de4f62ff2111,d3961f5a-3ea7-53d3-89f4-78b65b0c0c6b,d6f21f11-7533-52dd-a4dc-2fb8e260c02c,81b8e338-0b0f-566f-acd3-d8434042a8ca,2025-06-11T00:00:00,1,cliente,Devolución de cliente
5d64d253-97e3-5100-a34f-39d36ef0491b,e8aeb018-f679-5670-b210-de4f62ff2111,87b859e0-789a-56e6-b1ba-4fe76221d3bf,7fb983e8-6848-5425-97a2-14da72722d0f,6ec58ffc-510c-5773-8677-bd13db7316ab,2025-06-11T00:00:00,1,cliente,Devolución de cliente
9343b0f2-742f-5381-93c0-97a23867f1bc,e8aeb018-f679-5670-b210-de4f62ff2111,cd81184b-b6f1-563c-b463-36a69ddfb598,8ecedccf-c230-516b-bbc2-108f7a6fbe63,c9b58242-c446-51f3-bfbb-e9dc375d986c,2025-06-25T00:00:00,1,cliente,Devolución de cliente
f2ab56a2-81a8-5027-9f99-ff4da85b9c4f,e8aeb018-f679-5670-b210-de4f62ff2111,38adf7ba-476e-5e6b-9163-781a13538253,8ecedccf-c230-516b-bbc2-108f7a6fbe63,f0a44c35-d393-54e9-bde4-5e5bf27fc38f,2025-06-27T00:00:00,1,cliente,Devolución de cliente
2a24708f-68cc-5b57-8385-30906b07f89a,e8aeb018-f679-5670-b210-de4f62ff2111,6d807393-f4ab-5f76-b544-251eeda27ba3,d6f21f11-7533-52dd-a4dc-2fb8e260c02c,03f31480-a66d-5b99-9d44-9ddf25f2c5d1,2025-06-28T00:00:00,1,cliente,Devolución de cliente
29ffdd29-9bb7-5de2-89f4-b981afccc082,e8aeb018-f679-5670-b210-de4f62ff2111,c0cf5e5c-b5c9-585a-8e79-d9830bc954f6,43616d97-2221-569d-82eb-bcc14bcd6344,f30bdcd0-67d5-588a-b236-fe887f024267,2025-07-02T00:00:00,1,cliente,Devolución de cliente
4916c828-44bf-596b-820e-1c7015d800b6,e8aeb018-f679-5670-b210-de4f62ff2111,1ca3438e-9e23-58f0-a35f-f15f7a23beb9,43616d97-2221-569d-82eb-bcc14bcd6344,7d477efb-a8d2-55ab-9f8a-dd52ff8ebc7b,2025-07-02T00:00:00,1,cliente,Devolución de cliente
9079ed0e-2e59-5c4b-8dd4-731bfd12e94d,e8aeb018-f679-5670-b210-de4f62ff2111,2933d8b7-2438-521b-b38d-d3a5224f87fc,26f7241d-a84e-5e4a-a43d-33eea1e54eea,0f9a7d61-7769-5029-a8c6-61fabfdac8ae,2025-07-12T00:00:00,1,cliente,Devolución de cliente
655aaf0f-5149-5d82-9e9c-b7dd49929e26,e8aeb018-f679-5670-b210-de4f62ff2111,6d807393-f4ab-5f76-b544-251eeda27ba3,8ecedccf-c230-516b-bbc2-108f7a6fbe63,ec70700c-6ed5-5673-99ab-b04dc7db897a,2025-07-13T00:00:00,1,cliente,Devolución de cliente
cec54693-db26-5d30-a5a9-64b4cc019920,e8aeb018-f679-5670-b210-de4f62ff2111,6d807393-f4ab-5f76-b544-251eeda27ba3,7fb983e8-6848-5425-97a2-14da72722d0f,976943ac-debb-51c1-bb46-59f9fea6d302,2025-07-13T00:00:00,1,cliente,Devolución de cliente
80266ef6-ae3c-5a1b-9343-427029e82df7,e8aeb018-f679-5670-b210-de4f62ff2111,0ec23038-d3ab-588c-bbd6-1f5c744cdde1,26f7241d-a84e-5e4a-a43d-33eea1e54eea,a15b2b6b-49bf-5aa4-9c26-58e088aca4d0,2025-07-17T00:00:00,1,cliente,Devolución de cliente
8eda04fa-5532-5812-bffc-149a18e72b75,e8aeb018-f679-5670-b210-de4f62ff2111,4d9429b6-2ebf-5b5d-ac48-f779d5a1e270,7fb983e8-6848-5425-97a2-14da72722d0f,e97c79bc-8277-5441-9803-83fef069c0c0,2025-07-18T00:00:00,1,cliente,Devolución de cliente
54837d18-5f23-5e01-982b-c0028d2db100,e8aeb018-f679-5670-b210-de4f62ff2111,d0ae6d2d-e561-56b3-a2c1-113c1c56ae81,26f7241d-a84e-5e4a-a43d-33eea1e54eea,82daade4-64a7-5335-9ae3-10d6004aa5b1,2025-07-26T00:00:00,1,cliente,Devolución de cliente
94d7a241-dac2-5e99-8f5f-4f94af47e765,e8aeb018-f679-5670-b210-de4f62ff2111,d0ae6d2d-e561-56b3-a2c1-113c1c56ae81,8ecedccf-c230-516b-bbc2-108f7a6fbe63,5c7c1c57-76e6-54d2-b586-2bbb01731bc7,2025-07-27T00:00:00,1,cliente,Devolución de cliente
18b6d759-2598-5d46-a78a-df5551d18f28,e8aeb018-f679-5670-b210-de4f62ff2111,38adf7ba-476e-5e6b-9163-781a13538253,26f7241d-a84e-5e4a-a43d-33eea1e54eea,9ac45dfa-49ad-520e-a324-e53fccbab627,2025-07-30T00:00:00,1,cliente,Devolución de cliente
756e1556-6613-5705-80a7-56fddbd52929,e8aeb018-f679-5670-b210-de4f62ff2111,5bbfdec8-65ae-59e6-b211-5eccb5b765fa,d6f21f11-7533-52dd-a4dc-2fb8e260c02c,53310d64-ec89-5e4d-9857-93752869f4f2,2025-07-30T00:00:00,1,cliente,Devolución de cliente
67c683f1-f079-5dc1-8ac1-c5277a4a4f39,e8aeb018-f679-5670-b210-de4f62ff2111,d9506935-1215-5499-93c0-8bdd86ab9418,d6f21f11-7533-52dd-a4dc-2fb8e260c02c,d52a3a0e-b4f2-5d42-9c77-176f10b933f9,2025-07-30T00:00:00,1,cliente,Devolución de cliente
b72bd79b-d1c3-5d40-b2e8-26b3eb757b93,e8aeb018-f679-5670-b210-de4f62ff2111,97d26d91-c562-5f27-9ebd-285e89c8f4bf,7fb983e8-6848-5425-97a2-14da72722d0f,04f2d7d9-cc4b-5cf8-b32d-6cea430de824,2025-07-31T00:00:00,1,cliente,Devolución de cliente
13c195d3-3ced-53d8-931e-eef05b7dc6ec,e8aeb018-f679-5670-b210-de4f62ff2111,d2f08f15-f9f2-5f65-a740-b05896774467,d6f21f11-7533-52dd-a4dc-2fb8e260c02c,80a04b0f-c754-5a5c-8895-2cdc0d00cbc4,2025-08-01T00:00:00,1,cliente,Devolución de cliente
01d27725-a7ea-56d4-abf2-9465e9e2d908,e8aeb018-f679-5670-b210-de4f62ff2111,2897aac2-f219-5167-b800-73fac27f6b85,8ecedccf-c230-516b-bbc2-108f7a6fbe63,42f11502-3dd1-5ac2-abbe-171e7c41dce8,2025-08-02T00:00:00,1,cliente,Devolución de cliente
6e45ab2d-a4d5-55f2-9865-16aee3249dc4,e8aeb018-f679-5670-b210-de4f62ff2111,2082733c-4e17-51fe-bc8c-bf33d3ec5d7e,d6f21f11-7533-52dd-a4dc-2fb8e260c02c,9181cff2-1835-563a-adc2-08b48dc55ef5,2025-08-04T00:00:00,1,cliente,Devolución de cliente
4265ed55-3ef9-5e4c-a54f-57f3b6213ee1,e8aeb018-f679-5670-b210-de4f62ff2111,22231140-3780-5fe8-a7d4-d33f61d15111,d6f21f11-7533-52dd-a4dc-2fb8e260c02c,ec8725c3-2a3e-567d-9da0-b1bffb749389,2025-08-04T00:00:00,1,cliente,Devolución de cliente
05eb423e-d13f-5ced-8f3a-bfe692eb64db,e8aeb018-f679-5670-b210-de4f62ff2111,cd81184b-b6f1-563c-b463-36a69ddfb598,26f7241d-a84e-5e4a-a43d-33eea1e54eea,8601006c-48c9-5a67-9fc2-4b593cc9adfc,2025-08-10T00:00:00,1,cliente,Devolución de cliente
b4d20eef-01ac-534b-82d5-03752f0a5990,e8aeb018-f679-5670-b210-de4f62ff2111,2897aac2-f219-5167-b800-73fac27f6b85,43616d97-2221-569d-82eb-bcc14bcd6344,8cc7fcc6-3681-56f4-97ec-d6d7d45d55d0,2025-08-14T00:00:00,1,cliente,Devolución de cliente
8324bb9b-3b0c-57ee-a2e3-1507fca56a04,e8aeb018-f679-5670-b210-de4f62ff2111,1ca3438e-9e23-58f0-a35f-f15f7a23beb9,d6f21f11-7533-52dd-a4dc-2fb8e260c02c,2f3c98ca-affc-5797-843a-5951339a4c51,2025-08-15T00:00:00,1,cliente,Devolución de cliente
7f334141-178c-5f87-b69b-d1557e85d890,e8aeb018-f679-5670-b210-de4f62ff2111,afe9d181-1c64-5cca-b4b7-a9fa24eceeea,7fb983e8-6848-5425-97a2-14da72722d0f,aeda2291-a93f-50ba-a67e-22c8f1f2c9eb,2025-08-20T00:00:00,1,cliente,Devolución de cliente
03236f38-e85e-51a4-91ac-238711f8d9ac,e8aeb018-f679-5670-b210-de4f62ff2111,1e9605fd-5682-52b6-8f05-e8a92dd44513,d6f21f11-7533-52dd-a4dc-2fb8e260c02c,746184d3-971c-5666-a7ad-811b2a8e676b,2025-08-21T00:00:00,1,cliente,Devolución de cliente
56ca2276-5154-5909-adc7-219ea336c474,e8aeb018-f679-5670-b210-de4f62ff2111,0ec23038-d3ab-588c-bbd6-1f5c744cdde1,26f7241d-a84e-5e4a-a43d-33eea1e54eea,a15b2b6b-49bf-5aa4-9c26-58e088aca4d0,2025-08-30T00:00:00,1,cliente,Devolución de cliente
f392fc66-adc1-5e37-b4ee-ce4f14321974,e8aeb018-f679-5670-b210-de4f62ff2111,4d9429b6-2ebf-5b5d-ac48-f779d5a1e270,26f7241d-a84e-5e4a-a43d-33eea1e54eea,e37fdd44-1e25-5457-a17f-3eece9f95ca3,2025-08-31T00:00:00,1,cliente,Devolución de cliente
b36deb07-2271-5927-b2b1-51734ec3e964,e8aeb018-f679-5670-b210-de4f62ff2111,1e9605fd-5682-52b6-8f05-e8a92dd44513,26f7241d-a84e-5e4a-a43d-33eea1e54eea,bf46859f-38ae-53de-8445-45d6353d009f,2025-09-04T00:00:00,1,cliente,Devolución de cliente
6e19b6af-5ef1-5a3b-8e8d-78befe1913ae,e8aeb018-f679-5670-b210-de4f62ff2111,94e18241-54bd-5516-b36f-94ab6e323aca,7fb983e8-6848-5425-97a2-14da72722d0f,b36cca9a-c0a7-5236-a4f3-9ae84eb60ce7,2025-09-05T00:00:00,1,cliente,Devolución de cliente
2d21df61-af0e-5e25-a34b-1cc52c083b71,e8aeb018-f679-5670-b210-de4f62ff2111,c0cf5e5c-b5c9-585a-8e79-d9830bc954f6,8ecedccf-c230-516b-bbc2-108f7a6fbe63,f6bf3876-22d9-5268-9da6-983a5963ae17,2025-09-07T00:00:00,1,cliente,Devolución de cliente
c2f74cd2-7e92-5bb8-b6dc-8fb2d602e7a9,e8aeb018-f679-5670-b210-de4f62ff2111,2082733c-4e17-51fe-bc8c-bf33d3ec5d7e,d6f21f11-7533-52dd-a4dc-2fb8e260c02c,9181cff2-1835-563a-adc2-08b48dc55ef5,2025-09-11T00:00:00,1,cliente,Devolución de cliente
e8be2ecb-072e-5ea9-b220-08cc7c8a0a79,e8aeb018-f679-5670-b210-de4f62ff2111,07371b94-955f-52a4-9bf9-f0a6ad2b4fa8,43616d97-2221-569d-82eb-bcc14bcd6344,e59bc7f3-e892-5945-a2d4-519d7b8dffe7,2025-09-15T00:00:00,1,cliente,Devolución de cliente
5b7ce555-b892-5043-9f88-6c2ca201f73d,e8aeb018-f679-5670-b210-de4f62ff2111,2eb3a104-e572-583a-afa0-156ee0dc4cce,d6f21f11-7533-52dd-a4dc-2fb8e260c02c,456bb217-e792-5ef4-becb-c79ba3f28120,2025-09-19T00:00:00,1,cliente,Devolución de cliente
b473a7bb-2ed9-540f-a9b5-ef0c926975c5,e8aeb018-f679-5670-b210-de4f62ff2111,1ca3438e-9e23-58f0-a35f-f15f7a23beb9,7fb983e8-6848-5425-97a2-14da72722d0f,b6c71ba1-4bd4-5483-a75a-666eec1d3b25,2025-09-19T00:00:00,1,cliente,Devolución de cliente
e4e6c30a-f4a5-50a9-89eb-0a3c191c036b,e8aeb018-f679-5670-b210-de4f62ff2111,1ca3438e-9e23-58f0-a35f-f15f7a23beb9,26f7241d-a84e-5e4a-a43d-33eea1e54eea,8bdf902d-9fb7-5a6d-8ae0-ffb395f4a7cf,2025-09-22T00:00:00,1,cliente,Devolución de cliente
d0e17c40-c034-5c55-a210-11d3d173470d,e8aeb018-f679-5670-b210-de4f62ff2111,22231140-3780-5fe8-a7d4-d33f61d15111,8ecedccf-c230-516b-bbc2-108f7a6fbe63,f5c237cf-8c9c-564f-b895-0a004d183a0b,2025-09-23T00:00:00,1,cliente,Devolución de cliente
534e2b20-8b56-5788-b9d1-39ad6b40a128,e8aeb018-f679-5670-b210-de4f62ff2111,983871db-adfb-543e-b438-6b00044ffb64,7fb983e8-6848-5425-97a2-14da72722d0f,c97544ae-313e-565d-8c8b-515c81875302,2025-09-23T00:00:00,1,cliente,Devolución de cliente
497ba8ee-10cd-5d57-9b3f-7d3194182c46,e8aeb018-f679-5670-b210-de4f62ff2111,22231140-3780-5fe8-a7d4-d33f61d15111,26f7241d-a84e-5e4a-a43d-33eea1e54eea,6b3594c6-93d4-564a-99bf-d3edc1e72314,2025-09-24T00:00:00,1,cliente,Devolución de cliente
56dfa6b6-6dca-59d4-b91b-e3af7fbd83a8,e8aeb018-f679-5670-b210-de4f62ff2111,82cd11ba-d1a0-58b1-b14f-edd741f36e87,8ecedccf-c230-516b-bbc2-108f7a6fbe63,3975291b-b68d-5cbf-b496-ef8837c6e130,2025-09-29T00:00:00,1,cliente,Devolución de cliente
5341ce26-710d-5133-a945-35ba79575c61,e8aeb018-f679-5670-b210-de4f62ff2111,97d26d91-c562-5f27-9ebd-285e89c8f4bf,8ecedccf-c230-516b-bbc2-108f7a6fbe63,cc051e29-e7b6-59a1-b15b-d1164dac4ac1,2025-09-30T00:00:00,1,cliente,Devolución de cliente
44ac2aba-be30-52fa-82c6-76617d362905,e8aeb018-f679-5670-b210-de4f62ff2111,cd81184b-b6f1-563c-b463-36a69ddfb598,d6f21f11-7533-52dd-a4dc-2fb8e260c02c,7bc417df-bda6-59b3-8c64-8bae5c617cf5,2025-10-01T00:00:00,1,cliente,Devolución de cliente
eaae9df5-dbea-5091-8983-dc65327d2a73,e8aeb018-f679-5670-b210-de4f62ff2111,82cd11ba-d1a0-58b1-b14f-edd741f36e87,8ecedccf-c230-516b-bbc2-108f7a6fbe63,3975291b-b68d-5cbf-b496-ef8837c6e130,2025-10-04T00:00:00,1,cliente,Devolución de cliente
bb7ea9f7-918f-5a6a-abc4-df7df62ef81d,e8aeb018-f679-5670-b210-de4f62ff2111,38adf7ba-476e-5e6b-9163-781a13538253,43616d97-2221-569d-82eb-bcc14bcd6344,16c4fed8-4a64-51ef-98a5-dabd02f2387b,2025-10-10T00:00:00,1,cliente,Devolución de cliente
c7ce4e99-a504-53fd-9a30-76552d4467f4,e8aeb018-f679-5670-b210-de4f62ff2111,82cd11ba-d1a0-58b1-b14f-edd741f36e87,d6f21f11-7533-52dd-a4dc-2fb8e260c02c,6ab8ab8b-dc90-5df8-9c01-2fda905024da,2025-10-15T00:00:00,1,cliente,Devolución de cliente
64127160-1d00-5629-94e6-a246ba05391a,e8aeb018-f679-5670-b210-de4f62ff2111,07371b94-955f-52a4-9bf9-f0a6ad2b4fa8,26f7241d-a84e-5e4a-a43d-33eea1e54eea,f27f3c2b-58bb-5e80-96bd-82f308aa3b3e,2025-10-16T00:00:00,1,cliente,Devolución de cliente
455a47a4-18ce-5802-bf85-a45f2a13db5f,e8aeb018-f679-5670-b210-de4f62ff2111,1ca3438e-9e23-58f0-a35f-f15f7a23beb9,7fb983e8-6848-5425-97a2-14da72722d0f,b6c71ba1-4bd4-5483-a75a-666eec1d3b25,2025-10-17T00:00:00,1,cliente,Devolución de cliente
e82884d7-f1f6-509f-99f2-1768460b2093,e8aeb018-f679-5670-b210-de4f62ff2111,2082733c-4e17-51fe-bc8c-bf33d3ec5d7e,7fb983e8-6848-5425-97a2-14da72722d0f,f42e2aa8-8bec-5e63-a3ed-cf9a580902bb,2025-10-18T00:00:00,1,cliente,Devolución de cliente
5bcf30c2-b434-5f62-b638-3baf00a84f9b,e8aeb018-f679-5670-b210-de4f62ff2111,058c6382-bde2-59d1-93ff-20c6161a4736,d6f21f11-7533-52dd-a4dc-2fb8e260c02c,a47023e3-ddf1-5776-963a-06054c447365,2025-10-26T00:00:00,1,cliente,Devolución de cliente
a796a049-3e07-5e74-b7a2-195874900f5b,e8aeb018-f679-5670-b210-de4f62ff2111,9928e9a1-d9fc-5fdd-86c2-8909352fd7fe,43616d97-2221-569d-82eb-bcc14bcd6344,940f1753-8eba-5188-b718-a43cd4a460b2,2025-10-28T00:00:00,1,cliente,Devolución de cliente
bee6318c-54c0-51f5-ae49-bc9cc814874f,e8aeb018-f679-5670-b210-de4f62ff2111,012857cc-907f-5e7d-b8fb-796d2c9f1621,d6f21f11-7533-52dd-a4dc-2fb8e260c02c,b26399d3-0d45-50f2-a081-b2cfc83e0f53,2025-11-06T00:00:00,1,cliente,Devolución de cliente
917a14f2-5ac4-5573-90d0-6a0ea30069b0,e8aeb018-f679-5670-b210-de4f62ff2111,38adf7ba-476e-5e6b-9163-781a13538253,26f7241d-a84e-5e4a-a43d-33eea1e54eea,9ac45dfa-49ad-520e-a324-e53fccbab627,2025-11-07T00:00:00,1,cliente,Devolución de cliente
13308e79-4d48-51d6-9732-be6dd401a9d8,e8aeb018-f679-5670-b210-de4f62ff2111,afe9d181-1c64-5cca-b4b7-a9fa24eceeea,43616d97-2221-569d-82eb-bcc14bcd6344,20a9b508-a45b-5b8c-b2ad-42b3e25407c5,2025-11-18T00:00:00,1,cliente,Devolución de cliente
ea8c1f85-f687-5735-a964-c2cd357de334,e8aeb018-f679-5670-b210-de4f62ff2111,4d9429b6-2ebf-5b5d-ac48-f779d5a1e270,8ecedccf-c230-516b-bbc2-108f7a6fbe63,48e805bf-6cd8-5dd0-883a-1c8403d9245b,2025-11-20T00:00:00,1,cliente,Devolución de cliente
e867b33c-c823-5812-9611-70407f6572ff,e8aeb018-f679-5670-b210-de4f62ff2111,2933d8b7-2438-521b-b38d-d3a5224f87fc,8ecedccf-c230-516b-bbc2-108f7a6fbe63,2e6ad630-4b80-556e-bf37-2a227c1d1474,2025-11-23T00:00:00,1,cliente,Devolución de cliente
88a6e85d-bfee-5b66-8d30-d9cd623c1720,e8aeb018-f679-5670-b210-de4f62ff2111,d0ae6d2d-e561-56b3-a2c1-113c1c56ae81,43616d97-2221-569d-82eb-bcc14bcd6344,87ec46ac-40e2-5cc3-871c-1a07e85f5286,2025-11-25T00:00:00,1,cliente,Devolución de cliente
21fd3cd9-d797-57c0-8453-3d4761b8b0fc,e8aeb018-f679-5670-b210-de4f62ff2111,d0ae6d2d-e561-56b3-a2c1-113c1c56ae81,8ecedccf-c230-516b-bbc2-108f7a6fbe63,5c7c1c57-76e6-54d2-b586-2bbb01731bc7,2025-11-30T00:00:00,1,cliente,Devolución de cliente
b0c35e41-fd27-5dd6-a143-09e0d1f72ed2,e8aeb018-f679-5670-b210-de4f62ff2111,2897aac2-f219-5167-b800-73fac27f6b85,26f7241d-a84e-5e4a-a43d-33eea1e54eea,747b227a-b0d7-51c5-9ed2-23e652b536d0,2025-12-03T00:00:00,1,cliente,Devolución de cliente
01c11c15-9062-5bab-9828-d336ed00f37a,e8aeb018-f679-5670-b210-de4f62ff2111,012857cc-907f-5e7d-b8fb-796d2c9f1621,26f7241d-a84e-5e4a-a43d-33eea1e54eea,9cafbee4-9550-52d2-9416-fdbbed556bba,2025-12-08T00:00:00,1,cliente,Devolución de cliente
01a6f5c7-f0f3-55e3-8726-7b952ac81b95,e8aeb018-f679-5670-b210-de4f62ff2111,6d807393-f4ab-5f76-b544-251eeda27ba3,8ecedccf-c230-516b-bbc2-108f7a6fbe63,ec70700c-6ed5-5673-99ab-b04dc7db897a,2025-12-11T00:00:00,1,cliente,Devolución de cliente
8b030e8f-1091-51dc-89e9-21f693f1f9e4,e8aeb018-f679-5670-b210-de4f62ff2111,2eb3a104-e572-583a-afa0-156ee0dc4cce,26f7241d-a84e-5e4a-a43d-33eea1e54eea,ab44e597-865f-58f6-b20e-0b978dd226d9,2025-12-17T00:00:00,1,cliente,Devolución de cliente
815047c2-a012-5c66-8d67-88e7cb87b6e0,e8aeb018-f679-5670-b210-de4f62ff2111,cd81184b-b6f1-563c-b463-36a69ddfb598,43616d97-2221-569d-82eb-bcc14bcd6344,a996d997-8f9f-5466-96aa-bac18a4a699b,2025-12-17T00:00:00,1,cliente,Devolución de cliente
48085527-c0e6-5b88-ac95-9dbc240317b9,e8aeb018-f679-5670-b210-de4f62ff2111,6baabed2-52d7-5cb7-bf74-86c7cb3e4f07,d6f21f11-7533-52dd-a4dc-2fb8e260c02c,507a80dd-44cb-5cfc-8a9d-12e3facbb041,2025-12-18T00:00:00,1,cliente,Devolución de cliente
20e4df8f-d64e-5a66-a1ba-2627ee059b30,e8aeb018-f679-5670-b210-de4f62ff2111,82cd11ba-d1a0-58b1-b14f-edd741f36e87,d6f21f11-7533-52dd-a4dc-2fb8e260c02c,6ab8ab8b-dc90-5df8-9c01-2fda905024da,2025-12-19T00:00:00,1,cliente,Devolución de cliente
4eab1642-d700-58d5-add3-f5c04e1a88c2,e8aeb018-f679-5670-b210-de4f62ff2111,9928e9a1-d9fc-5fdd-86c2-8909352fd7fe,d6f21f11-7533-52dd-a4dc-2fb8e260c02c,faaa68df-d4cf-5858-babd-8b0ae9aaa430,2025-12-20T00:00:00,1,cliente,Devolución de cliente
2996fe4e-a246-5391-8856-3deddc9d0054,e8aeb018-f679-5670-b210-de4f62ff2111,afe9d181-1c64-5cca-b4b7-a9fa24eceeea,d6f21f11-7533-52dd-a4dc-2fb8e260c02c,f04443f2-bf9e-56bb-8ffe-679c52b8f7a3,2025-12-24T00:00:00,1,cliente,Devolución de cliente
8d4a56e3-d045-5c78-bb7b-6bc71a3fb1f3,e8aeb018-f679-5670-b210-de4f62ff2111,2082733c-4e17-51fe-bc8c-bf33d3ec5d7e,7fb983e8-6848-5425-97a2-14da72722d0f,f42e2aa8-8bec-5e63-a3ed-cf9a580902bb,2025-12-25T00:00:00,1,cliente,Devolución de cliente
656e9aa5-2a78-586d-b423-1b1c2d4c5512,e8aeb018-f679-5670-b210-de4f62ff2111,cd81184b-b6f1-563c-b463-36a69ddfb598,7fb983e8-6848-5425-97a2-14da72722d0f,cb990474-af9c-50e4-88d8-29e1e4573876,2025-12-26T00:00:00,1,cliente,Devolución de cliente
747f3028-4e79-5082-a1ea-4737e90b3d43,e8aeb018-f679-5670-b210-de4f62ff2111,87b859e0-789a-56e6-b1ba-4fe76221d3bf,7fb983e8-6848-5425-97a2-14da72722d0f,6ec58ffc-510c-5773-8677-bd13db7316ab,2026-01-02T00:00:00,1,cliente,Devolución de cliente
93e71b95-f65a-5b6a-80a1-90fbda85cffc,e8aeb018-f679-5670-b210-de4f62ff2111,2897aac2-f219-5167-b800-73fac27f6b85,26f7241d-a84e-5e4a-a43d-33eea1e54eea,747b227a-b0d7-51c5-9ed2-23e652b536d0,2026-01-04T00:00:00,1,cliente,Devolución de cliente
b3a201eb-c383-5d49-90fa-650ef1c77f6a,e8aeb018-f679-5670-b210-de4f62ff2111,d2f08f15-f9f2-5f65-a740-b05896774467,43616d97-2221-569d-82eb-bcc14bcd6344,928986e6-3a4d-5247-bf73-50c3cc492323,2026-01-12T00:00:00,1,cliente,Devolución de cliente
40916994-3643-5599-858e-77d1d7e19afc,e8aeb018-f679-5670-b210-de4f62ff2111,6d807393-f4ab-5f76-b544-251eeda27ba3,7fb983e8-6848-5425-97a2-14da72722d0f,976943ac-debb-51c1-bb46-59f9fea6d302,2026-01-13T00:00:00,1,cliente,Devolución de cliente
141ff14a-31ea-5f5f-9164-ddc913d2796e,e8aeb018-f679-5670-b210-de4f62ff2111,2897aac2-f219-5167-b800-73fac27f6b85,26f7241d-a84e-5e4a-a43d-33eea1e54eea,747b227a-b0d7-51c5-9ed2-23e652b536d0,2026-01-16T00:00:00,1,cliente,Devolución de cliente
cdafba83-fb25-5c94-98fc-b33465f83690,e8aeb018-f679-5670-b210-de4f62ff2111,2082733c-4e17-51fe-bc8c-bf33d3ec5d7e,d6f21f11-7533-52dd-a4dc-2fb8e260c02c,9181cff2-1835-563a-adc2-08b48dc55ef5,2026-01-19T00:00:00,1,cliente,Devolución de cliente
63a33822-369b-58f5-977d-6f3f8eae0d0f,e8aeb018-f679-5670-b210-de4f62ff2111,983871db-adfb-543e-b438-6b00044ffb64,7fb983e8-6848-5425-97a2-14da72722d0f,c97544ae-313e-565d-8c8b-515c81875302,2026-01-21T00:00:00,1,cliente,Devolución de cliente
edc709bc-4b3f-5327-8d8c-ba9a917db12f,e8aeb018-f679-5670-b210-de4f62ff2111,012857cc-907f-5e7d-b8fb-796d2c9f1621,d6f21f11-7533-52dd-a4dc-2fb8e260c02c,b26399d3-0d45-50f2-a081-b2cfc83e0f53,2026-01-22T00:00:00,1,cliente,Devolución de cliente
573bc511-a89a-596e-8d6b-c3058adc95ee,e8aeb018-f679-5670-b210-de4f62ff2111,058c6382-bde2-59d1-93ff-20c6161a4736,d6f21f11-7533-52dd-a4dc-2fb8e260c02c,a47023e3-ddf1-5776-963a-06054c447365,2026-01-24T00:00:00,1,cliente,Devolución de cliente
ead7bcdb-02cb-5991-9dac-74b2d836042e,e8aeb018-f679-5670-b210-de4f62ff2111,cd81184b-b6f1-563c-b463-36a69ddfb598,7fb983e8-6848-5425-97a2-14da72722d0f,cb990474-af9c-50e4-88d8-29e1e4573876,2026-01-26T00:00:00,1,cliente,Devolución de cliente
58a30728-133a-5072-a71c-d2b9114ed2c9,e8aeb018-f679-5670-b210-de4f62ff2111,d0ae6d2d-e561-56b3-a2c1-113c1c56ae81,7fb983e8-6848-5425-97a2-14da72722d0f,8fdb4a14-cbe8-5bc5-bd2f-63abbd2430c7,2026-01-28T00:00:00,1,cliente,Devolución de cliente
dd9869aa-40a1-583e-8da3-2fea2aa1730a,e8aeb018-f679-5670-b210-de4f62ff2111,94e18241-54bd-5516-b36f-94ab6e323aca,d6f21f11-7533-52dd-a4dc-2fb8e260c02c,84da5940-d772-5561-af27-57e037101425,2026-02-01T00:00:00,1,cliente,Devolución de cliente
e642eabc-e630-5d9a-b888-fdbe1f83a6ba,e8aeb018-f679-5670-b210-de4f62ff2111,d3961f5a-3ea7-53d3-89f4-78b65b0c0c6b,8ecedccf-c230-516b-bbc2-108f7a6fbe63,fda79e96-d6e9-5289-aa03-65a16a491520,2026-02-01T00:00:00,1,cliente,Devolución de cliente
373f5a05-f9c9-553b-ba7b-3c6c5a737be2,e8aeb018-f679-5670-b210-de4f62ff2111,0ec23038-d3ab-588c-bbd6-1f5c744cdde1,26f7241d-a84e-5e4a-a43d-33eea1e54eea,a15b2b6b-49bf-5aa4-9c26-58e088aca4d0,2026-02-02T00:00:00,1,cliente,Devolución de cliente
09bf2be3-b9a3-5bab-bb17-66d39c758812,e8aeb018-f679-5670-b210-de4f62ff2111,042e2e80-f954-5df4-97be-29dd428cc598,d6f21f11-7533-52dd-a4dc-2fb8e260c02c,8f9b8910-552a-56d8-8fec-c26d38fe7512,2026-02-07T00:00:00,1,cliente,Devolución de cliente
1908f168-5eb6-50a9-83d9-f3a909e59d71,e8aeb018-f679-5670-b210-de4f62ff2111,d9506935-1215-5499-93c0-8bdd86ab9418,8ecedccf-c230-516b-bbc2-108f7a6fbe63,ce47a68a-f500-57b3-af51-886a31f5ad65,2026-02-14T00:00:00,1,cliente,Devolución de cliente
90e8a55c-561b-5c82-9b39-2699eed7553c,e8aeb018-f679-5670-b210-de4f62ff2111,82cd11ba-d1a0-58b1-b14f-edd741f36e87,7fb983e8-6848-5425-97a2-14da72722d0f,31042c91-a80c-5b5e-a77a-d3711fa2c9b6,2026-02-15T00:00:00,1,cliente,Devolución de cliente
be7b7245-59dd-560b-98ff-e884e0b9af66,e8aeb018-f679-5670-b210-de4f62ff2111,6d807393-f4ab-5f76-b544-251eeda27ba3,8ecedccf-c230-516b-bbc2-108f7a6fbe63,ec70700c-6ed5-5673-99ab-b04dc7db897a,2026-02-16T00:00:00,1,cliente,Devolución de cliente
e6642035-b386-5606-b19d-09f824ff48da,e8aeb018-f679-5670-b210-de4f62ff2111,983871db-adfb-543e-b438-6b00044ffb64,26f7241d-a84e-5e4a-a43d-33eea1e54eea,5f5feb9e-5db8-5587-958c-029f1170ddb3,2026-02-19T00:00:00,1,cliente,Devolución de cliente
a4617dd3-596c-5077-9da1-049b8d8f1c96,e8aeb018-f679-5670-b210-de4f62ff2111,6d807393-f4ab-5f76-b544-251eeda27ba3,26f7241d-a84e-5e4a-a43d-33eea1e54eea,330c6c31-1686-5fb2-9982-b3d1f62778cf,2026-02-21T00:00:00,1,cliente,Devolución de cliente
e29250e9-6eb4-5e35-9b8e-20984292205e,e8aeb018-f679-5670-b210-de4f62ff2111,2eb3a104-e572-583a-afa0-156ee0dc4cce,7fb983e8-6848-5425-97a2-14da72722d0f,00e9d340-94d3-517a-9b62-bbae7c29cbb7,2026-02-22T00:00:00,1,cliente,Devolución de cliente
50c47018-2cb2-5c05-bbee-0cf6e3d46d9e,e8aeb018-f679-5670-b210-de4f62ff2111,9928e9a1-d9fc-5fdd-86c2-8909352fd7fe,7fb983e8-6848-5425-97a2-14da72722d0f,d054dbb1-bcc4-5278-ab55-37afa17e3c4b,2026-02-23T00:00:00,1,cliente,Devolución de cliente
0bcc1081-e56b-5c47-97fa-8ea2a31f70d3,e8aeb018-f679-5670-b210-de4f62ff2111,5bbfdec8-65ae-59e6-b211-5eccb5b765fa,d6f21f11-7533-52dd-a4dc-2fb8e260c02c,53310d64-ec89-5e4d-9857-93752869f4f2,2026-02-26T00:00:00,1,cliente,Devolución de cliente
e9c9980d-0f72-5381-88e4-514d1c36196c,e8aeb018-f679-5670-b210-de4f62ff2111,cd81184b-b6f1-563c-b463-36a69ddfb598,7fb983e8-6848-5425-97a2-14da72722d0f,cb990474-af9c-50e4-88d8-29e1e4573876,2026-02-27T00:00:00,1,cliente,Devolución de cliente
e0cf0b31-0849-5fa2-a2f3-d281061dbd50,e8aeb018-f679-5670-b210-de4f62ff2111,2897aac2-f219-5167-b800-73fac27f6b85,26f7241d-a84e-5e4a-a43d-33eea1e54eea,747b227a-b0d7-51c5-9ed2-23e652b536d0,2026-03-02T00:00:00,1,cliente,Devolución de cliente
b2bf3814-cf0a-5286-9b75-a3974a9697d4,e8aeb018-f679-5670-b210-de4f62ff2111,2897aac2-f219-5167-b800-73fac27f6b85,26f7241d-a84e-5e4a-a43d-33eea1e54eea,747b227a-b0d7-51c5-9ed2-23e652b536d0,2026-03-03T00:00:00,1,cliente,Devolución de cliente
ae7c17e4-8ea2-5015-af73-370410dca9fd,e8aeb018-f679-5670-b210-de4f62ff2111,82cd11ba-d1a0-58b1-b14f-edd741f36e87,7fb983e8-6848-5425-97a2-14da72722d0f,31042c91-a80c-5b5e-a77a-d3711fa2c9b6,2026-03-05T00:00:00,1,cliente,Devolución de cliente
b608e08a-d2c9-50a7-8a81-74311c497d1a,e8aeb018-f679-5670-b210-de4f62ff2111,983871db-adfb-543e-b438-6b00044ffb64,7fb983e8-6848-5425-97a2-14da72722d0f,c97544ae-313e-565d-8c8b-515c81875302,2026-03-06T00:00:00,1,cliente,Devolución de cliente
d653c024-9181-5b99-bef2-1d35fffe36c4,e8aeb018-f679-5670-b210-de4f62ff2111,d3961f5a-3ea7-53d3-89f4-78b65b0c0c6b,26f7241d-a84e-5e4a-a43d-33eea1e54eea,79bef263-4528-5fd1-b6a2-9eabc89a87c3,2026-03-07T00:00:00,1,cliente,Devolución de cliente
ad414bf6-3465-56e5-9187-cceb401b284a,e8aeb018-f679-5670-b210-de4f62ff2111,9928e9a1-d9fc-5fdd-86c2-8909352fd7fe,43616d97-2221-569d-82eb-bcc14bcd6344,940f1753-8eba-5188-b718-a43cd4a460b2,2026-03-07T00:00:00,1,cliente,Devolución de cliente
20a238cb-0803-5814-8a6b-8bc0187eb810,e8aeb018-f679-5670-b210-de4f62ff2111,2897aac2-f219-5167-b800-73fac27f6b85,d6f21f11-7533-52dd-a4dc-2fb8e260c02c,c8d2b24c-2768-54e3-a33f-9131ab185c54,2026-03-07T00:00:00,1,cliente,Devolución de cliente
fdbcf570-978f-54e9-9c21-3b83053c4617,e8aeb018-f679-5670-b210-de4f62ff2111,2933d8b7-2438-521b-b38d-d3a5224f87fc,d6f21f11-7533-52dd-a4dc-2fb8e260c02c,661ffc67-db4b-57f6-969b-e58a531476ff,2026-03-08T00:00:00,1,cliente,Devolución de cliente
a7d36914-69ab-5467-a915-5ffcd7f637f6,e8aeb018-f679-5670-b210-de4f62ff2111,2eb3a104-e572-583a-afa0-156ee0dc4cce,d6f21f11-7533-52dd-a4dc-2fb8e260c02c,456bb217-e792-5ef4-becb-c79ba3f28120,2026-03-11T00:00:00,1,cliente,Devolución de cliente
f3b4b4ad-732b-5133-ace6-429ed8d5c144,e8aeb018-f679-5670-b210-de4f62ff2111,6d807393-f4ab-5f76-b544-251eeda27ba3,7fb983e8-6848-5425-97a2-14da72722d0f,976943ac-debb-51c1-bb46-59f9fea6d302,2026-03-14T00:00:00,1,cliente,Devolución de cliente
200b9059-c577-519e-bef6-f15ca53d0d2b,e8aeb018-f679-5670-b210-de4f62ff2111,2082733c-4e17-51fe-bc8c-bf33d3ec5d7e,8ecedccf-c230-516b-bbc2-108f7a6fbe63,638e88cc-29c0-5e9a-b6f6-650f835d956e,2026-03-23T00:00:00,1,cliente,Devolución de cliente
e126cf85-0363-5c1a-9031-21441fb0e0b7,e8aeb018-f679-5670-b210-de4f62ff2111,07371b94-955f-52a4-9bf9-f0a6ad2b4fa8,43616d97-2221-569d-82eb-bcc14bcd6344,e59bc7f3-e892-5945-a2d4-519d7b8dffe7,2026-03-25T00:00:00,1,cliente,Devolución de cliente
70aa19e6-8f33-54b3-95ee-0e378d4477b9,e8aeb018-f679-5670-b210-de4f62ff2111,c0cf5e5c-b5c9-585a-8e79-d9830bc954f6,43616d97-2221-569d-82eb-bcc14bcd6344,f30bdcd0-67d5-588a-b236-fe887f024267,2026-03-26T00:00:00,1,cliente,Devolución de cliente
7e0f58b1-9711-51c9-93a4-eca4aceb54f4,e8aeb018-f679-5670-b210-de4f62ff2111,82cd11ba-d1a0-58b1-b14f-edd741f36e87,26f7241d-a84e-5e4a-a43d-33eea1e54eea,41f69e3d-ea49-5e08-bfdf-d1024c2aac6f,2026-03-28T00:00:00,1,cliente,Devolución de cliente
fa6b992d-33bd-5862-b54d-01017c59ba39,e8aeb018-f679-5670-b210-de4f62ff2111,97d26d91-c562-5f27-9ebd-285e89c8f4bf,8ecedccf-c230-516b-bbc2-108f7a6fbe63,cc051e29-e7b6-59a1-b15b-d1164dac4ac1,2026-03-29T00:00:00,1,cliente,Devolución de cliente
df1a0b46-c4ed-5a06-99ec-0b78fa2ed6b8,e8aeb018-f679-5670-b210-de4f62ff2111,4d9429b6-2ebf-5b5d-ac48-f779d5a1e270,43616d97-2221-569d-82eb-bcc14bcd6344,a6b290c5-21b6-58c8-80ff-64608459bcb8,2026-03-31T00:00:00,1,cliente,Devolución de cliente
f87758c6-a467-5067-90b9-ac729ae21c84,e8aeb018-f679-5670-b210-de4f62ff2111,983871db-adfb-543e-b438-6b00044ffb64,7fb983e8-6848-5425-97a2-14da72722d0f,c97544ae-313e-565d-8c8b-515c81875302,2026-04-04T00:00:00,1,cliente,Devolución de cliente
3ae87f82-50f9-5a73-9d07-081f1a2e846f,e8aeb018-f679-5670-b210-de4f62ff2111,d2f08f15-f9f2-5f65-a740-b05896774467,d6f21f11-7533-52dd-a4dc-2fb8e260c02c,80a04b0f-c754-5a5c-8895-2cdc0d00cbc4,2026-04-05T00:00:00,1,cliente,Devolución de cliente
d1c53350-3a0a-56e4-9753-eae4b95a0ce0,e8aeb018-f679-5670-b210-de4f62ff2111,22231140-3780-5fe8-a7d4-d33f61d15111,26f7241d-a84e-5e4a-a43d-33eea1e54eea,6b3594c6-93d4-564a-99bf-d3edc1e72314,2026-04-06T00:00:00,1,cliente,Devolución de cliente
9a85b537-3616-5160-acaf-4a06922a25ca,e8aeb018-f679-5670-b210-de4f62ff2111,94e18241-54bd-5516-b36f-94ab6e323aca,43616d97-2221-569d-82eb-bcc14bcd6344,53136d6a-defe-58da-aa0f-c704435e6c44,2026-04-11T00:00:00,1,cliente,Devolución de cliente
0d00b76d-bcd2-52c7-ba2d-aadc9c3d3164,e8aeb018-f679-5670-b210-de4f62ff2111,38adf7ba-476e-5e6b-9163-781a13538253,d6f21f11-7533-52dd-a4dc-2fb8e260c02c,60f617dc-1478-5217-a9c9-7804e776d922,2026-04-11T00:00:00,1,cliente,Devolución de cliente
28799096-dc5e-5e99-b9cc-839d91c542a2,e8aeb018-f679-5670-b210-de4f62ff2111,c0cf5e5c-b5c9-585a-8e79-d9830bc954f6,26f7241d-a84e-5e4a-a43d-33eea1e54eea,a1a7af19-dcb6-59a1-9c8e-677ef3dc93de,2026-04-16T00:00:00,1,cliente,Devolución de cliente
3c3ece0a-8033-58d5-a19a-5a6082528d58,e8aeb018-f679-5670-b210-de4f62ff2111,2eb3a104-e572-583a-afa0-156ee0dc4cce,43616d97-2221-569d-82eb-bcc14bcd6344,c46c289c-d542-580a-96e4-7e9e8f5adfba,2026-04-16T00:00:00,1,cliente,Devolución de cliente
083c1096-037c-580b-adac-cd8b547c6842,e8aeb018-f679-5670-b210-de4f62ff2111,38adf7ba-476e-5e6b-9163-781a13538253,d6f21f11-7533-52dd-a4dc-2fb8e260c02c,60f617dc-1478-5217-a9c9-7804e776d922,2026-04-16T00:00:00,1,cliente,Devolución de cliente
4fda3cfd-c92f-53f9-b0c0-7740d4df94fb,e8aeb018-f679-5670-b210-de4f62ff2111,d9506935-1215-5499-93c0-8bdd86ab9418,43616d97-2221-569d-82eb-bcc14bcd6344,a3f2acad-15b5-5257-8ed4-87f1b9b34a67,2026-04-21T00:00:00,1,cliente,Devolución de cliente
876aabdc-83ff-5e39-a68d-dbe27a1cbcf6,e8aeb018-f679-5670-b210-de4f62ff2111,2933d8b7-2438-521b-b38d-d3a5224f87fc,8ecedccf-c230-516b-bbc2-108f7a6fbe63,2e6ad630-4b80-556e-bf37-2a227c1d1474,2026-04-25T00:00:00,1,cliente,Devolución de cliente
423aaf39-31c6-5288-950c-6913a89dc958,e8aeb018-f679-5670-b210-de4f62ff2111,c0cf5e5c-b5c9-585a-8e79-d9830bc954f6,d6f21f11-7533-52dd-a4dc-2fb8e260c02c,425035e8-dcac-5409-8093-6c81ec1715c5,2026-04-27T00:00:00,1,cliente,Devolución de cliente
2791c10f-252a-5040-a631-d84ac7eca3c5,e8aeb018-f679-5670-b210-de4f62ff2111,6d807393-f4ab-5f76-b544-251eeda27ba3,26f7241d-a84e-5e4a-a43d-33eea1e54eea,330c6c31-1686-5fb2-9982-b3d1f62778cf,2026-04-28T00:00:00,1,cliente,Devolución de cliente
f271c471-0a54-536f-8406-961e5648162f,e8aeb018-f679-5670-b210-de4f62ff2111,c0cf5e5c-b5c9-585a-8e79-d9830bc954f6,8ecedccf-c230-516b-bbc2-108f7a6fbe63,f6bf3876-22d9-5268-9da6-983a5963ae17,2026-05-02T00:00:00,1,cliente,Devolución de cliente
843b7ce6-b7c4-50e6-a07f-f13877c9e8cb,e8aeb018-f679-5670-b210-de4f62ff2111,1e9605fd-5682-52b6-8f05-e8a92dd44513,43616d97-2221-569d-82eb-bcc14bcd6344,e2b061f8-1d7d-5221-8ac1-45f2ab7866c7,2026-05-03T00:00:00,1,cliente,Devolución de cliente
01015d6e-69ee-5d61-b52e-cb3d0b433b6b,e8aeb018-f679-5670-b210-de4f62ff2111,1ca3438e-9e23-58f0-a35f-f15f7a23beb9,d6f21f11-7533-52dd-a4dc-2fb8e260c02c,2f3c98ca-affc-5797-843a-5951339a4c51,2026-05-03T00:00:00,1,cliente,Devolución de cliente
4e899f25-8ced-5eb6-bd95-d8cba5354dd9,e8aeb018-f679-5670-b210-de4f62ff2111,82cd11ba-d1a0-58b1-b14f-edd741f36e87,8ecedccf-c230-516b-bbc2-108f7a6fbe63,3975291b-b68d-5cbf-b496-ef8837c6e130,2026-05-03T00:00:00,1,cliente,Devolución de cliente
e35d8eaf-ed8e-50e7-bf92-f858bcd38740,e8aeb018-f679-5670-b210-de4f62ff2111,058c6382-bde2-59d1-93ff-20c6161a4736,8ecedccf-c230-516b-bbc2-108f7a6fbe63,1b2cf11b-c94d-5568-9166-e6841232165d,2026-05-03T00:00:00,1,cliente,Devolución de cliente
75709f15-4ffa-5d19-8611-fbb581f9d527,e8aeb018-f679-5670-b210-de4f62ff2111,9928e9a1-d9fc-5fdd-86c2-8909352fd7fe,7fb983e8-6848-5425-97a2-14da72722d0f,d054dbb1-bcc4-5278-ab55-37afa17e3c4b,2026-05-06T00:00:00,1,cliente,Devolución de cliente
f4bd0de7-1070-53ce-baa4-89b730d6a90b,e8aeb018-f679-5670-b210-de4f62ff2111,983871db-adfb-543e-b438-6b00044ffb64,d6f21f11-7533-52dd-a4dc-2fb8e260c02c,b5fd0811-e504-5502-9b51-9d24a8de0cda,2026-05-09T00:00:00,1,cliente,Devolución de cliente
