campo,entidad,origen,descripcion,obligatorio,editable,usado_modelo,tipo_dato
id,organizaciones,importado,Campo id de organizaciones (importado).,True,True,False,segun_fuente
nombre,organizaciones,importado,Campo nombre de organizaciones (importado).,True,True,False,segun_fuente
tipo_identificacion,organizaciones,importado,Campo tipo_identificacion de organizaciones (importado).,True,True,False,segun_fuente
numero_identificacion,organizaciones,importado,Campo numero_identificacion de organizaciones (importado).,True,True,False,segun_fuente
pais_origen,organizaciones,importado,Campo pais_origen de organizaciones (importado).,True,True,False,segun_fuente
id,boticas,importado,Campo id de boticas (importado).,True,True,False,segun_fuente
org_id,boticas,importado,Campo org_id de boticas (importado).,True,True,False,segun_fuente
tipo,boticas,importado,Campo tipo de boticas (importado).,True,True,False,segun_fuente
nombre,boticas,importado,Campo nombre de boticas (importado).,True,True,False,segun_fuente
ubigeo,boticas,importado,Campo ubigeo de boticas (importado).,True,True,False,segun_fuente
direccion,boticas,importado,Campo direccion de boticas (importado).,True,True,False,segun_fuente
telefono,boticas,importado,Campo telefono de boticas (importado).,True,True,False,segun_fuente
activa,boticas,importado,Campo activa de boticas (importado).,True,True,False,segun_fuente
id,productos,importado,Campo id de productos (importado).,True,True,False,segun_fuente
org_id,productos,importado,Campo org_id de productos (importado).,True,True,False,segun_fuente
nombre_comercial,productos,importado,Campo nombre_comercial de productos (importado).,True,True,False,segun_fuente
forma_farmaceutica,productos,importado,Campo forma_farmaceutica de productos (importado).,True,True,False,segun_fuente
codigo_barras,productos,importado,Campo codigo_barras de productos (importado).,True,True,False,segun_fuente
requiere_receta,productos,importado,Campo requiere_receta de productos (importado).,True,True,False,segun_fuente
estado,productos,importado,Campo estado de productos (importado).,True,True,False,segun_fuente
id,proveedores,importado,Campo id de proveedores (importado).,True,True,False,segun_fuente
org_id,proveedores,importado,Campo org_id de proveedores (importado).,True,True,False,segun_fuente
nombre,proveedores,importado,Campo nombre de proveedores (importado).,True,True,False,segun_fuente
ruc,proveedores,importado,Campo ruc de proveedores (importado).,True,True,False,segun_fuente
pais,proveedores,importado,Campo pais de proveedores (importado).,True,True,False,segun_fuente
lead_time_dias,proveedores,importado,Campo lead_time_dias de proveedores (importado).,True,True,True,segun_fuente
proveedor_id,proveedor_producto,importado,Campo proveedor_id de proveedor_producto (importado).,True,True,False,segun_fuente
producto_id,proveedor_producto,importado,Campo producto_id de proveedor_producto (importado).,True,True,True,segun_fuente
lead_time_dias,proveedor_producto,importado,Campo lead_time_dias de proveedor_producto (importado).,True,True,True,segun_fuente
precio_referencial,proveedor_producto,importado,Campo precio_referencial de proveedor_producto (importado).,True,True,False,segun_fuente
producto_id,precios,importado,Campo producto_id de precios (importado).,True,True,True,segun_fuente
botica_id,precios,importado,Campo botica_id de precios (importado).,True,True,True,segun_fuente
precio_venta,precios,importado,Campo precio_venta de precios (importado).,True,True,False,segun_fuente
precio_costo,precios,importado,Campo precio_costo de precios (importado).,True,True,False,segun_fuente
vigente_desde,precios,importado,Campo vigente_desde de precios (importado).,True,True,False,segun_fuente
vigente_hasta,precios,importado,Campo vigente_hasta de precios (importado).,True,True,False,segun_fuente
fecha_venta,ventas_historicas,importado,Campo fecha_venta de ventas_historicas (importado).,True,True,False,segun_fuente
botica_id,ventas_historicas,importado,Campo botica_id de ventas_historicas (importado).,True,True,True,segun_fuente
producto_id,ventas_historicas,importado,Campo producto_id de ventas_historicas (importado).,True,True,True,segun_fuente
cantidad,ventas_historicas,importado,Campo cantidad de ventas_historicas (importado).,True,True,False,segun_fuente
precio_unitario,ventas_historicas,importado,Campo precio_unitario de ventas_historicas (importado).,True,True,False,segun_fuente
producto_id,stock_inicial,importado,Campo producto_id de stock_inicial (importado).,True,True,True,segun_fuente
ubicacion_id,stock_inicial,importado,Campo ubicacion_id de stock_inicial (importado).,True,True,False,segun_fuente
cantidad_disponible,stock_inicial,importado,Campo cantidad_disponible de stock_inicial (importado).,True,True,False,segun_fuente
stock_minimo,stock_inicial,importado,Campo stock_minimo de stock_inicial (importado).,True,True,False,segun_fuente
stock_maximo,stock_inicial,importado,Campo stock_maximo de stock_inicial (importado).,True,True,False,segun_fuente
fecha_venta,ventas,registrado,Campo fecha_venta de ventas (registrado).,False,True,False,operacional
botica_id,ventas,registrado,Campo botica_id de ventas (registrado).,False,True,True,operacional
producto_id,ventas,registrado,Campo producto_id de ventas (registrado).,False,True,True,operacional
cantidad,ventas,registrado,Campo cantidad de ventas (registrado).,False,True,False,operacional
precio_unitario,ventas,registrado,Campo precio_unitario de ventas (registrado).,False,True,False,operacional
fecha_compra,compras,registrado,Campo fecha_compra de compras (registrado).,False,True,False,operacional
proveedor_id,compras,registrado,Campo proveedor_id de compras (registrado).,False,True,False,operacional
producto_id,compras,registrado,Campo producto_id de compras (registrado).,False,True,True,operacional
cantidad,compras,registrado,Campo cantidad de compras (registrado).,False,True,False,operacional
costo_unitario,compras,registrado,Campo costo_unitario de compras (registrado).,False,True,False,operacional
fecha_movimiento,movimientos_inventario,registrado,Campo fecha_movimiento de movimientos_inventario (registrado).,False,True,False,operacional
producto_id,movimientos_inventario,registrado,Campo producto_id de movimientos_inventario (registrado).,False,True,True,operacional
ubicacion_id,movimientos_inventario,registrado,Campo ubicacion_id de movimientos_inventario (registrado).,False,True,False,operacional
tipo_movimiento,movimientos_inventario,registrado,Campo tipo_movimiento de movimientos_inventario (registrado).,False,True,False,operacional
cantidad,movimientos_inventario,registrado,Campo cantidad de movimientos_inventario (registrado).,False,True,False,operacional
fecha_merma,mermas,registrado,Campo fecha_merma de mermas (registrado).,False,True,False,operacional
producto_id,mermas,registrado,Campo producto_id de mermas (registrado).,False,True,True,operacional
ubicacion_id,mermas,registrado,Campo ubicacion_id de mermas (registrado).,False,True,False,operacional
cantidad,mermas,registrado,Campo cantidad de mermas (registrado).,False,True,False,operacional
motivo,mermas,registrado,Campo motivo de mermas (registrado).,False,True,False,operacional
fecha_devolucion,devoluciones,registrado,Campo fecha_devolucion de devoluciones (registrado).,False,True,False,operacional
producto_id,devoluciones,registrado,Campo producto_id de devoluciones (registrado).,False,True,True,operacional
ubicacion_id,devoluciones,registrado,Campo ubicacion_id de devoluciones (registrado).,False,True,False,operacional
cantidad,devoluciones,registrado,Campo cantidad de devoluciones (registrado).,False,True,False,operacional
motivo,devoluciones,registrado,Campo motivo de devoluciones (registrado).,False,True,False,operacional
producto_id,lotes,registrado,Campo producto_id de lotes (registrado).,False,True,True,operacional
ubicacion_id,lotes,registrado,Campo ubicacion_id de lotes (registrado).,False,True,False,operacional
numero_lote,lotes,registrado,Campo numero_lote de lotes (registrado).,False,True,False,operacional
fecha_vencimiento,lotes,registrado,Campo fecha_vencimiento de lotes (registrado).,False,True,False,operacional
cantidad,lotes,registrado,Campo cantidad de lotes (registrado).,False,True,False,operacional
producto_id,vencimientos,registrado,Campo producto_id de vencimientos (registrado).,False,True,True,operacional
ubicacion_id,vencimientos,registrado,Campo ubicacion_id de vencimientos (registrado).,False,True,False,operacional
numero_lote,vencimientos,registrado,Campo numero_lote de vencimientos (registrado).,False,True,False,operacional
fecha_vencimiento,vencimientos,registrado,Campo fecha_vencimiento de vencimientos (registrado).,False,True,False,operacional
producto_id,stock_actual,registrado,Campo producto_id de stock_actual (registrado).,False,True,True,operacional
ubicacion_id,stock_actual,registrado,Campo ubicacion_id de stock_actual (registrado).,False,True,False,operacional
cantidad_disponible,stock_actual,registrado,Campo cantidad_disponible de stock_actual (registrado).,False,True,False,operacional
proveedor_id,lead_time_real,registrado,Campo proveedor_id de lead_time_real (registrado).,False,True,False,operacional
producto_id,lead_time_real,registrado,Campo producto_id de lead_time_real (registrado).,False,True,True,operacional
fecha_pedido,lead_time_real,registrado,Campo fecha_pedido de lead_time_real (registrado).,False,True,False,operacional
fecha_recepcion,lead_time_real,registrado,Campo fecha_recepcion de lead_time_real (registrado).,False,True,False,operacional
dias,lead_time_real,registrado,Campo dias de lead_time_real (registrado).,False,True,False,operacional
UUID,auditoria,generado_plataforma,Campo UUID de auditoria (generado_plataforma).,True,False,True,derivado_operacional
created_at,auditoria,generado_plataforma,Campo created_at de auditoria (generado_plataforma).,True,False,True,derivado_operacional
updated_at,auditoria,generado_plataforma,Campo updated_at de auditoria (generado_plataforma).,True,False,True,derivado_operacional
codigo_interno,maestros,generado_plataforma,Campo codigo_interno de maestros (generado_plataforma).,True,False,True,derivado_operacional
stock_inicio_semana,resumen_semanal,generado_plataforma,Campo stock_inicio_semana de resumen_semanal (generado_plataforma).,True,False,True,derivado_operacional
stock_fin_semana,resumen_semanal,generado_plataforma,Campo stock_fin_semana de resumen_semanal (generado_plataforma).,True,False,True,derivado_operacional
stockout_flag,resumen_semanal,generado_plataforma,Campo stockout_flag de resumen_semanal (generado_plataforma).,True,False,True,derivado_operacional
demanda_insatisfecha,resumen_semanal,generado_plataforma,Campo demanda_insatisfecha de resumen_semanal (generado_plataforma).,True,False,True,derivado_operacional
ratio_stock_minimo,resumen_semanal,generado_plataforma,Campo ratio_stock_minimo de resumen_semanal (generado_plataforma).,True,False,True,derivado_operacional
ratio_stock_maximo,resumen_semanal,generado_plataforma,Campo ratio_stock_maximo de resumen_semanal (generado_plataforma).,True,False,True,derivado_operacional
resumen_semanal,resumen_semanal,generado_plataforma,Campo resumen_semanal de resumen_semanal (generado_plataforma).,True,False,True,derivado_operacional
lags,features_temporales,calculado_ml,Campo lags de features_temporales (calculado_ml).,True,False,True,numerico
rolling means,features_temporales,calculado_ml,Campo rolling means de features_temporales (calculado_ml).,True,False,True,numerico
rolling std,features_temporales,calculado_ml,Campo rolling std de features_temporales (calculado_ml).,True,False,True,numerico
tendencias,features_temporales,calculado_ml,Campo tendencias de features_temporales (calculado_ml).,True,False,True,numerico
variables calendario,features_temporales,calculado_ml,Campo variables calendario de features_temporales (calculado_ml).,True,False,True,numerico
pred_sarima,modelo_hibrido,calculado_ml,Campo pred_sarima de modelo_hibrido (calculado_ml).,True,False,True,numerico
residuo,modelo_hibrido,calculado_ml,Campo residuo de modelo_hibrido (calculado_ml).,True,False,True,numerico
target_aditivo,modelo_hibrido,calculado_ml,Campo target_aditivo de modelo_hibrido (calculado_ml).,True,False,True,numerico
target_log,modelo_hibrido,calculado_ml,Campo target_log de modelo_hibrido (calculado_ml).,True,False,True,numerico
pred_hibrida,modelo_hibrido,calculado_ml,Campo pred_hibrida de modelo_hibrido (calculado_ml).,True,False,True,numerico
stock_proyectado,recomendaciones_alertas,calculado_recomendacion,Campo stock_proyectado de recomendaciones_alertas (calculado_recomendacion).,True,False,False,numerico
demanda_durante_lead_time,recomendaciones_alertas,calculado_recomendacion,Campo demanda_durante_lead_time de recomendaciones_alertas (calculado_recomendacion).,True,False,False,numerico
stock_seguridad,recomendaciones_alertas,calculado_recomendacion,Campo stock_seguridad de recomendaciones_alertas (calculado_recomendacion).,True,False,False,numerico
cantidad_recomendada,recomendaciones_alertas,calculado_recomendacion,Campo cantidad_recomendada de recomendaciones_alertas (calculado_recomendacion).,True,False,False,numerico
nivel_urgencia,recomendaciones_alertas,calculado_recomendacion,Campo nivel_urgencia de recomendaciones_alertas (calculado_recomendacion).,True,False,False,numerico
tipo_alerta,recomendaciones_alertas,calculado_recomendacion,Campo tipo_alerta de recomendaciones_alertas (calculado_recomendacion).,True,False,False,numerico
fecha_alerta,recomendaciones_alertas,calculado_recomendacion,Campo fecha_alerta de recomendaciones_alertas (calculado_recomendacion).,True,False,False,numerico
estado_alerta,recomendaciones_alertas,calculado_recomendacion,Campo estado_alerta de recomendaciones_alertas (calculado_recomendacion).,True,False,False,numerico
