categoria_terapeutica,metodo,alpha,mape_mediano,mejora_mape_mediana_pct,folds_con_mejora,deterioro_rmse_mediano_pct
Analgésico,aditivo,1.5,16.885351748846755,16.370990811371396,2,-1.03482576499359
Antibiótico,sarima,0.0,12.206496396149825,0.0,0,0.0
Antidiabético,sarima,0.0,7.38779974302059,0.0,0,0.0
Antifúngico,aditivo,1.5,18.628883396164042,8.725243165864786,2,1.104706608782866
Antihipertensivo,aditivo,0.6,9.222561060183526,8.8066874545404,2,-2.43018199359592
Antihistamínico,sarima,0.0,12.137901759052012,0.0,0,0.0
Antiinflamatorio,sarima,0.0,7.587164944297438,0.0,0,0.0
Antiulceroso,aditivo,1.0,8.101177659947563,22.522773443246013,3,-6.012154407300759
Antivertiginoso,aditivo,0.3,18.061393108197255,3.002748648337817,2,-1.6485555844718651
Broncodilatador,aditivo,0.8,17.89275835408337,9.558759617215658,2,-2.997552068474534
Corticosteroide,sarima,0.0,18.597754994933293,0.0,0,0.0
Hipolipemiante,sarima,0.0,7.3260601993907075,0.0,0,0.0
Suplemento,sarima,0.0,5.563804280236156,0.0,0,0.0
Vitamina,aditivo,0.5,11.695650438709576,22.248927734035245,3,-6.579298468125618
