categoria_terapeutica,periodo_sarima,metodo_correccion,alpha,mape_xgboost,mape_sarima,mape_hibrido,mejora_mape_vs_sarima_pct
Vitamina,4,aditivo,0.5,13.869643373075855,14.069831289821408,9.187744885850329,34.69896904522904
Antihipertensivo,4,aditivo,0.6,14.662485362423899,14.058948704331458,11.969782922795368,14.860042706411141
Broncodilatador,4,aditivo,0.8,13.965693130058138,17.3466360013204,16.084846098663267,7.273974634396486
Antifúngico,13,aditivo,1.5,16.0311923948047,16.550644557861048,16.086923326006023,2.801831857568182
Antiulceroso,4,aditivo,1.0,11.620265784519047,11.745269836526132,11.489533927944912,2.1773523481420405
Antivertiginoso,26,aditivo,0.3,23.33107639492329,22.11985225469874,21.669540502303768,2.0357810134076026
Antibiótico,13,sarima,0.0,7.387772889385626,8.140243512872685,8.140243512872685,0.0
Antidiabético,4,sarima,0.0,11.093850285414284,9.151429630793285,9.151429630793285,0.0
Antihistamínico,4,sarima,0.0,20.862746434396033,15.647488085121566,15.647488085121566,0.0
Antiinflamatorio,4,sarima,0.0,9.326675308414274,8.420505504220264,8.420505504220264,0.0
Corticosteroide,13,sarima,0.0,12.279794257798503,15.139539580057635,15.139539580057635,0.0
Hipolipemiante,4,sarima,0.0,8.757736587275488,9.222883299928675,9.222883299928675,0.0
Suplemento,4,sarima,0.0,6.168060788360824,5.23860568577467,5.23860568577467,0.0
Analgésico,26,aditivo,1.5,9.688177340646503,13.157523931814472,15.437170786583385,-17.325804357891382
