categoria_terapeutica,fecha_semana,valor_real,pred_xgboost,pred_sarima,pred_hibrida
Analgésico,2026-02-16,1225.0,1322.41,1383.8663902396456,1440.9370679611682
Analgésico,2026-02-23,1237.0,1322.0562,1415.9947170289038,1474.5808849804985
Analgésico,2026-03-02,1380.0,1320.786,1402.0749245693487,1460.8025611920689
Analgésico,2026-03-09,1237.0,1320.3756,1419.033039265197,1483.3396418459624
Analgésico,2026-03-16,1213.0,1320.6578,1432.1880613868168,1485.9541303401738
Analgésico,2026-03-23,1207.0,1323.389,1428.8651095470868,1489.2384385493413
Analgésico,2026-03-30,1472.0,1336.5393,1422.431338488122,1486.9641071256124
Analgésico,2026-04-06,1293.0,1336.5393,1441.4642054417777,1494.4563207760154
Analgésico,2026-04-13,1110.0,1337.7664,1437.9555297756874,1503.1265849022298
Analgésico,2026-04-20,1347.0,1338.4911,1445.3063312574923,1512.8346344601464
Analgésico,2026-04-27,1660.0,1339.2347,1439.7773961164164,1548.5751264996532
Analgésico,2026-05-04,1647.0,1336.7562,1437.418436961181,1552.8041669915988
Antibiótico,2026-02-16,947.0,1023.0293,1082.9024966220456,1082.9024966220456
Antibiótico,2026-02-23,952.0,1019.62354,1001.2035094055362,1001.2035094055362
Antibiótico,2026-03-02,1058.0,1013.9048,986.5327233671446,986.5327233671446
Antibiótico,2026-03-09,926.0,1011.35254,986.9917898222797,986.9917898222797
Antibiótico,2026-03-16,942.0,1011.7532,995.7392147076168,995.7392147076168
Antibiótico,2026-03-23,970.0,1011.7532,994.4689826477859,994.4689826477859
Antibiótico,2026-03-30,1045.0,1014.09674,997.5879620374312,997.5879620374312
Antibiótico,2026-04-06,1081.0,1017.7788,998.593482965975,998.593482965975
Antibiótico,2026-04-13,874.0,1023.3631,999.3468455105225,999.3468455105225
Antibiótico,2026-04-20,1008.0,1041.0627,998.356496787616,998.356496787616
Antibiótico,2026-04-27,1189.0,1057.3818,999.259350888747,999.259350888747
Antibiótico,2026-05-04,1159.0,1064.1681,1006.2660086919963,1006.2660086919963
Antidiabético,2026-02-16,411.0,340.87152,363.85166254416237,363.85166254416237
Antidiabético,2026-02-23,317.0,340.87152,362.5145995676855,362.5145995676855
Antidiabético,2026-03-02,375.0,340.87152,361.81003326346917,361.81003326346917
Antidiabético,2026-03-09,366.0,340.87152,357.9011381574898,357.9011381574898
Antidiabético,2026-03-16,365.0,340.87152,363.0495499645369,363.0495499645369
Antidiabético,2026-03-23,353.0,340.87152,363.0454500140576,363.0454500140576
Antidiabético,2026-03-30,369.0,340.87152,363.0463344211487,363.0463344211487
Antidiabético,2026-04-06,281.0,340.87152,363.0461434124055,363.0461434124055
Antidiabético,2026-04-13,375.0,340.87152,363.0461846816036,363.0461846816036
Antidiabético,2026-04-20,302.0,340.87152,363.04617576379655,363.04617576379655
Antidiabético,2026-04-27,412.0,340.87152,363.0461776909212,363.0461776909212
Antidiabético,2026-05-04,398.0,340.87152,363.046177274466,363.046177274466
Antifúngico,2026-02-16,192.0,200.77118,184.2121236914007,206.9865010984034
Antifúngico,2026-02-23,292.0,200.77118,191.02090208651614,212.96726943654554
Antifúngico,2026-03-02,205.0,200.29532,199.0525968011347,220.78350770498443
Antifúngico,2026-03-09,292.0,199.4245,192.9492170229597,214.89558437298908
Antifúngico,2026-03-16,250.0,199.4245,196.99799869426494,218.72890959811465
Antifúngico,2026-03-23,231.0,199.4245,192.69582279013338,214.64219014016277
Antifúngico,2026-03-30,211.0,199.4245,196.99789216031706,218.72880306416675
Antifúngico,2026-04-06,225.0,199.4245,201.86430423236283,223.17838310830604
Antifúngico,2026-04-13,162.0,199.97646,195.78800872213577,218.74977619315365
Antifúngico,2026-04-20,232.0,200.11476,193.76521967535365,217.51491593219822
Antifúngico,2026-04-27,194.0,200.40471,200.21168568580825,223.73367160217873
Antifúngico,2026-05-04,153.0,200.92708,195.69693263026494,219.40734741414306
Antihipertensivo,2026-02-16,613.0,486.75452,502.59178608646243,529.52975037787
Antihipertensivo,2026-02-23,558.0,485.1384,483.7700999624352,510.47269527798665
Antihipertensivo,2026-03-02,606.0,483.93973,516.1188024232689,533.5191142921484
Antihipertensivo,2026-03-09,464.0,483.93973,504.1166300708206,527.6085984767293
Antihipertensivo,2026-03-16,544.0,483.93973,484.17630071666053,509.5615893475295
Antihipertensivo,2026-03-23,527.0,483.93973,489.7413136616342,515.0716263646807
Antihipertensivo,2026-03-30,675.0,483.93973,473.2398654421696,498.8604000274651
Antihipertensivo,2026-04-06,568.0,483.93973,503.75053147145263,528.6642090483216
Antihipertensivo,2026-04-13,492.0,483.93973,485.01146942880735,511.9113761420208
Antihipertensivo,2026-04-20,393.0,484.21173,487.77396504879493,514.0476722695989
Antihipertensivo,2026-04-27,614.0,484.35168,479.6456758847813,507.34333846471407
Antihipertensivo,2026-05-04,536.0,484.6535,497.25221756175574,525.2739890207754
Antihistamínico,2026-02-16,1390.0,991.35913,1178.364393236078,1178.364393236078
Antihistamínico,2026-02-23,1372.0,991.35913,1171.9732533924707,1171.9732533924707
Antihistamínico,2026-03-02,1620.0,994.337,1156.036146466513,1156.036146466513
Antihistamínico,2026-03-09,1456.0,994.337,1202.8076109152407,1202.8076109152407
Antihistamínico,2026-03-16,1344.0,994.337,1123.096821447451,1123.096821447451
Antihistamínico,2026-03-23,1199.0,994.337,1118.1201802985308,1118.1201802985308
Antihistamínico,2026-03-30,1380.0,994.337,1113.0749768200237,1113.0749768200237
Antihistamínico,2026-04-06,1128.0,994.337,1115.8945321215656,1115.8945321215656
Antihistamínico,2026-04-13,923.0,994.337,1095.099363753193,1095.099363753193
Antihistamínico,2026-04-20,1065.0,994.337,1090.068308610626,1090.068308610626
Antihistamínico,2026-04-27,851.0,994.337,1084.8196081086724,1084.8196081086724
Antihistamínico,2026-05-04,905.0,991.08386,1084.7597716849089,1084.7597716849089
Antiinflamatorio,2026-02-16,781.0,725.90454,747.4427290270547,747.4427290270547
Antiinflamatorio,2026-02-23,789.0,724.1681,764.0794787463448,764.0794787463448
Antiinflamatorio,2026-03-02,858.0,722.2296,752.4459016698337,752.4459016698337
Antiinflamatorio,2026-03-09,716.0,720.45715,764.580009965073,764.580009965073
Antiinflamatorio,2026-03-16,631.0,720.45715,762.3028815273265,762.3028815273265
Antiinflamatorio,2026-03-23,648.0,720.45715,764.4060283383624,764.4060283383624
Antiinflamatorio,2026-03-30,835.0,720.45715,762.3821004597382,762.3821004597382
Antiinflamatorio,2026-04-06,816.0,722.6989,765.5792784294466,765.5792784294466
Antiinflamatorio,2026-04-13,869.0,724.09064,763.7360131460482,763.7360131460482
Antiinflamatorio,2026-04-20,808.0,731.3458,766.3036768763263,766.3036768763263
Antiinflamatorio,2026-04-27,743.0,737.5205,764.8439760856868,764.8439760856868
Antiinflamatorio,2026-05-04,762.0,740.7255,766.8890886533302,766.8890886533302
Antiulceroso,2026-02-16,845.0,831.98395,932.5779011638926,981.3744586724191
Antiulceroso,2026-02-23,1024.0,829.66205,876.5181860792499,937.1026945948087
Antiulceroso,2026-03-02,1035.0,829.3269,834.1267096174612,897.1924307679825
Antiulceroso,2026-03-09,974.0,829.1724,837.1312341431221,897.6263644179026
Antiulceroso,2026-03-16,840.0,829.1724,839.0568194593295,897.5721886284415
Antiulceroso,2026-03-23,814.0,829.1724,836.819491538085,895.450772539998
Antiulceroso,2026-03-30,1041.0,829.52795,836.1496890819703,896.0074446074275
Antiulceroso,2026-04-06,993.0,829.52795,835.7388440605347,894.9054399355266
Antiulceroso,2026-04-13,1006.0,829.6831,835.4886248052009,899.8977279018399
Antiulceroso,2026-04-20,980.0,829.8366,835.3364194462549,897.6172706606742
Antiulceroso,2026-04-27,798.0,830.87683,835.247140775768,912.2404251443703
Antiulceroso,2026-05-04,774.0,830.38153,835.1981299174363,914.537595192474
Antivertiginoso,2026-02-16,144.0,90.247986,97.56350939409384,98.78672711103027
Antivertiginoso,2026-02-23,92.0,85.37965,92.59975889172574,95.30105983812733
Antivertiginoso,2026-03-02,123.0,83.12494,81.22513235540688,84.22438354261703
Antivertiginoso,2026-03-09,82.0,82.51329,80.7546055928942,83.78131736310169
Antivertiginoso,2026-03-16,76.0,82.79915,83.67976939086793,86.50243983136457
Antivertiginoso,2026-03-23,99.0,82.79915,82.45382717320959,85.52741185466695
Antivertiginoso,2026-03-30,125.0,83.13323,83.42313302914818,86.3902358461713
Antivertiginoso,2026-04-06,98.0,83.13323,82.49690280004968,85.49208588563948
Antivertiginoso,2026-04-13,95.0,84.492516,89.26742074028726,92.14492890827017
Antivertiginoso,2026-04-20,105.0,85.47265,83.71696349942978,86.5775700592287
Antivertiginoso,2026-04-27,115.0,86.335266,81.07879946402227,85.6835811547052
Antivertiginoso,2026-05-04,50.0,86.9231,82.67843841388643,87.11466525281423
Broncodilatador,2026-02-16,169.0,158.90762,126.86349050586671,131.8305333153205
Broncodilatador,2026-02-23,122.0,158.90762,130.2461314119594,135.2131742214132
Broncodilatador,2026-03-02,175.0,157.50723,135.7663270541085,139.91384261453751
Broncodilatador,2026-03-09,138.0,156.78703,136.99197200617692,141.44511380692487
Broncodilatador,2026-03-16,122.0,156.79958,138.35289848905347,143.31994129850727
Broncodilatador,2026-03-23,159.0,156.79958,140.29325104102503,144.74639284177297
Broncodilatador,2026-03-30,163.0,157.58705,142.1331087486118,144.7630647105362
Broncodilatador,2026-04-06,197.0,161.07016,143.8756740130586,146.28894871672344
Broncodilatador,2026-04-13,141.0,161.95825,145.52431679682974,148.72035777051454
Broncodilatador,2026-04-20,193.0,172.06409,147.08252941749822,150.97311782566982
Broncodilatador,2026-04-27,221.0,180.89105,148.55388597648596,164.00625140806648
Broncodilatador,2026-05-04,210.0,183.90387,149.94200634730018,165.39950654754895
Corticosteroide,2026-02-16,120.0,116.99523,114.20628173870384,114.20628173870384
Corticosteroide,2026-02-23,103.0,116.81964,113.53276000470629,113.53276000470629
Corticosteroide,2026-03-02,115.0,115.18599,117.8515606060117,117.8515606060117
Corticosteroide,2026-03-09,91.0,114.45739,117.50130573812636,117.50130573812636
Corticosteroide,2026-03-16,99.0,114.769806,117.44236784130035,117.44236784130035
Corticosteroide,2026-03-23,105.0,114.769806,116.2476858999579,116.2476858999579
Corticosteroide,2026-03-30,101.0,115.68209,117.97492021547873,117.97492021547873
Corticosteroide,2026-04-06,94.0,117.590836,120.95803954279133,120.95803954279133
Corticosteroide,2026-04-13,125.0,120.35818,120.22697668810889,120.22697668810889
Corticosteroide,2026-04-20,123.0,131.4986,119.15447911568445,119.15447911568445
Corticosteroide,2026-04-27,158.0,138.30032,119.75270293716801,119.75270293716801
Corticosteroide,2026-05-04,171.0,141.00783,121.34142539276193,121.34142539276193
Hipolipemiante,2026-02-16,261.0,236.91405,245.36377708272573,245.36377708272573
Hipolipemiante,2026-02-23,178.0,236.91405,243.096536978683,243.096536978683
Hipolipemiante,2026-03-02,251.0,236.2329,243.096536978683,243.096536978683
Hipolipemiante,2026-03-09,238.0,236.2329,243.096536978683,243.096536978683
Hipolipemiante,2026-03-16,232.0,236.2329,243.096536978683,243.096536978683
Hipolipemiante,2026-03-23,252.0,236.2329,243.096536978683,243.096536978683
Hipolipemiante,2026-03-30,248.0,236.58955,243.096536978683,243.096536978683
Hipolipemiante,2026-04-06,199.0,236.58955,243.096536978683,243.096536978683
Hipolipemiante,2026-04-13,225.0,236.58955,243.096536978683,243.096536978683
Hipolipemiante,2026-04-20,236.0,236.90091,243.096536978683,243.096536978683
Hipolipemiante,2026-04-27,292.0,237.69853,243.096536978683,243.096536978683
Hipolipemiante,2026-05-04,237.0,238.04367,243.096536978683,243.096536978683
Suplemento,2026-02-16,442.0,430.22675,443.1569755280434,443.1569755280434
Suplemento,2026-02-23,429.0,430.22675,440.3781631108825,440.3781631108825
Suplemento,2026-03-02,471.0,429.01947,441.2033585596167,441.2033585596167
Suplemento,2026-03-09,449.0,428.0329,444.8514229245107,444.8514229245107
Suplemento,2026-03-16,461.0,428.04755,442.496051079398,442.496051079398
Suplemento,2026-03-23,406.0,428.04755,442.49800926533584,442.49800926533584
Suplemento,2026-03-30,522.0,428.54916,442.4987240498311,442.4987240498311
Suplemento,2026-04-06,451.0,429.02844,442.4987895295313,442.4987895295313
Suplemento,2026-04-13,426.0,430.1485,442.49882340943446,442.49882340943446
Suplemento,2026-04-20,476.0,432.92023,442.4988253436805,442.4988253436805
Suplemento,2026-04-27,466.0,436.46762,442.49882695317564,442.49882695317564
Suplemento,2026-05-04,415.0,438.94574,442.4988269947803,442.4988269947803
Vitamina,2026-02-16,682.0,654.9935,624.6953919641536,681.5451570062106
Vitamina,2026-02-23,827.0,652.4491,645.7701118408331,702.0657694329414
Vitamina,2026-03-02,834.0,652.9535,655.57502280963,709.3478303320929
Vitamina,2026-03-09,871.0,652.9535,655.57502280963,707.7243351783458
Vitamina,2026-03-16,689.0,652.9535,655.57502280963,707.5568157678274
Vitamina,2026-03-23,648.0,652.9535,655.57502280963,707.4354318857752
Vitamina,2026-03-30,706.0,652.9535,655.57502280963,707.7669853544237
Vitamina,2026-04-06,882.0,652.9535,655.57502280963,707.4933257904144
Vitamina,2026-04-13,758.0,652.9535,655.57502280963,711.8647918800418
Vitamina,2026-04-20,823.0,652.9535,655.57502280963,709.0182770090502
Vitamina,2026-04-27,693.0,652.9535,655.57502280963,716.3441321758064
Vitamina,2026-05-04,765.0,651.40234,655.57502280963,717.7103015419193
