categoria_terapeutica,periodo,mape_mediano,folds_validos,estado
Analgésico,4,15.410942202342888,4,ok
Analgésico,13,15.957707911199124,4,ok
Analgésico,26,14.380096659455184,4,ok
Antibiótico,4,11.494563480526683,4,ok
Antibiótico,13,10.610810269026478,4,ok
Antibiótico,26,10.610810269026478,4,ok
Antidiabético,4,8.966476548191554,4,ok
Antidiabético,13,8.99142777836592,4,ok
Antidiabético,26,8.99142777836592,4,ok
Antifúngico,4,18.19481617800262,4,ok
Antifúngico,13,16.68775402452565,4,ok
Antifúngico,26,16.68775402452565,4,ok
Antihipertensivo,4,9.08765115882365,4,ok
Antihipertensivo,13,10.266285164908412,4,ok
Antihipertensivo,26,9.231799977005743,4,ok
Antihistamínico,4,17.605165688920433,4,ok
Antihistamínico,13,19.045622949748,4,ok
Antihistamínico,26,19.045622949748,4,ok
Antiinflamatorio,4,12.415333250531551,4,ok
Antiinflamatorio,13,12.415333250531551,4,ok
Antiinflamatorio,26,12.415333250531551,4,ok
Antiulceroso,4,7.405763346237993,4,ok
Antiulceroso,13,7.739741535321379,4,ok
Antiulceroso,26,7.712332929805845,4,ok
Antivertiginoso,4,17.07095435178637,4,ok
Antivertiginoso,13,17.831269385860523,4,ok
Antivertiginoso,26,16.709930324218732,4,ok
Broncodilatador,4,23.406102114045606,4,ok
Broncodilatador,13,31.471122600442307,4,ok
Broncodilatador,26,23.63886132186102,4,ok
Corticosteroide,4,18.683901657699646,4,ok
Corticosteroide,13,17.340233529854824,4,ok
Corticosteroide,26,18.85821428956462,4,ok
Hipolipemiante,4,8.087163686663061,4,ok
Hipolipemiante,13,8.425961414018488,4,ok
Hipolipemiante,26,8.087163686663061,4,ok
Suplemento,4,5.513852523457832,4,ok
Suplemento,13,5.513852523457832,4,ok
Suplemento,26,5.513852523457832,4,ok
Vitamina,4,13.230623662987522,4,ok
Vitamina,13,13.430023649778846,4,ok
Vitamina,26,13.430023649778846,4,ok
